tx_id,date_key,timestamp,source_entity_key,dest_entity_key,amount,currency_key,src_jurisdiction_key,dst_jurisdiction_key,pattern_type_key,inter_arrival_s,is_flagged
00035161EE2A6C27,2024-06-09,2024-06-09 22:49:57,ZENITH_FUND_127,ECLIPSE_HOLDINGS_149,355.1,CHF,AE,DE,normal,27560.0,0
00149B16EEFC8FC6,2024-01-08,2024-01-08 21:19:18,HELIX_PAYMENTS_005,NEXUS_TRUST_151,75821.18,GBP,US,CY,normal,14383.0,0
001D75CB64F31020,2024-03-14,2024-03-14 13:35:34,VERTEX_PAYMENTS_035,APEX_CREDIT_094,7702.15,USD,AU,VG,normal,528.0,0
002D3B37D714C6C3,2024-05-06,2024-05-06 05:39:02,HELIX_PAYMENTS_145,MERIDIAN_CAPITAL_020,124251.03,GBP,LI,JP,normal,3776.0,0
002D4D5993193A97,2024-05-26,2024-05-26 17:56:19,PRIME_HOLDINGS_059,APEX_CREDIT_154,12975.53,EUR,AU,VG,normal,11007.0,0
0042F33AD1B774D3,2024-05-21,2024-05-21 10:30:51,OBSIDIAN_PARTNERS_008,HELIX_PAYMENTS_005,9213.0,GBP,SG,VG,structuring,35.0,0
0066F5DBB8176226,2024-04-06,2024-04-06 03:48:57,OMEGA_FIN_113,HELIX_PAYMENTS_005,532053.6,GBP,US,LI,normal,3373.0,0
00960C10BD6A014C,2024-04-24,2024-04-24 08:43:50,CIPHER_CAPITAL_070,OBSIDIAN_PARTNERS_188,21799.04,AED,UK,US,normal,5043.0,0
00A8FDE7C9569DAD,2024-02-08,2024-02-08 16:03:18,NEXUS_TRUST_071,SOLARIS_FIN_023,124.78,HKD,AE,KY,normal,1418.0,0
00AB55A192DF9309,2024-04-14,2024-04-14 09:46:27,ECLIPSE_HOLDINGS_109,ATLAS_BANCORP_182,16412.02,EUR,CY,SG,normal,3858.0,0
00AC4FA944BD8E3C,2024-04-20,2024-04-20 01:14:45,AXIOM_PARTNERS_038,PRIME_HOLDINGS_099,80675.24,SGD,PA,CY,normal,1590.0,0
00BC2C9B9E17F05B,2024-01-25,2024-01-25 09:23:37,APEX_CREDIT_054,ZENITH_FUND_067,3538.02,USD,DE,CY,normal,8417.0,0
00DBFFABC3451BD5,2024-03-14,2024-03-14 21:03:51,PRIME_HOLDINGS_059,AXIOM_PARTNERS_198,251366.58,GBP,DE,SG,normal,1300.0,0
00DC7BCB2006DB29,2024-04-26,2024-04-26 00:53:38,MERIDIAN_CAPITAL_000,CIPHER_CAPITAL_070,13610.27,HKD,LI,FR,circular_flow,2373.0,0
00FD39301F85CB33,2024-02-10,2024-02-10 09:06:50,QUANTUM_CLEARING_126,VERTEX_PAYMENTS_095,196577.09,GBP,FR,LI,normal,1294.0,0
0101263523B88337,2024-06-01,2024-06-01 19:00:31,ECLIPSE_HOLDINGS_069,ATLAS_BANCORP_082,34844.16,EUR,PA,AE,normal,699.0,0
010270CC5EA171C7,2024-02-23,2024-02-23 13:28:14,SOLARIS_FIN_143,STRATUS_FUND_017,7066.63,EUR,KY,US,normal,3787.0,0
0116A54A97666AB0,2024-02-29,2024-02-29 06:40:09,ZENITH_FUND_007,ATLAS_BANCORP_042,9607.24,HKD,MT,DE,structuring,151.0,0
0119D17C19B61C01,2024-05-11,2024-05-11 03:48:35,ATLAS_BANCORP_082,PRIME_HOLDINGS_019,4933.68,AED,US,FR,normal,4246.0,0
015696FFB9CEA3CC,2024-01-01,2024-01-01 22:49:55,HELIX_PAYMENTS_085,ECLIPSE_HOLDINGS_009,5835.12,HKD,MT,KY,velocity_burst,7.0,0
015B2648AE2C6D37,2024-04-01,2024-04-01 03:06:45,DELTA_BANCORP_012,PRIME_HOLDINGS_179,4061.29,GBP,CY,VG,normal,3854.0,0
015CD8D1183D2543,2024-03-09,2024-03-09 11:19:14,PRIME_HOLDINGS_039,HELIX_PAYMENTS_005,5915.74,HKD,PA,MT,normal,1963.0,0
015D8233190182B0,2024-05-19,2024-05-19 02:24:39,SOLARIS_FIN_003,VERTEX_PAYMENTS_015,73760.45,EUR,AE,AE,layering,397.0,0
01688662BFAC9121,2024-01-31,2024-01-31 07:48:18,ATLAS_BANCORP_182,VERTEX_PAYMENTS_195,464336.34,EUR,MT,LI,normal,4622.0,0
017196DAE020F47D,2024-02-02,2024-02-02 23:32:37,ECLIPSE_HOLDINGS_069,OBSIDIAN_PARTNERS_068,263849.21,SGD,LI,JP,normal,5894.0,0
019A41F1B81A9AC3,2024-04-23,2024-04-23 12:55:09,ECLIPSE_HOLDINGS_069,STRATUS_FUND_177,561106.69,USD,LI,UK,normal,3227.0,0
01ACE35BA73A8770,2024-01-18,2024-01-18 09:05:35,VORTEX_CREDIT_084,AXIOM_PARTNERS_038,11785.42,EUR,PA,AE,circular_flow,4411.0,0
01D5F72D9190DD4D,2024-02-07,2024-02-07 12:30:28,CORONA_CLEARING_056,ATLAS_BANCORP_022,15649.58,SGD,VG,SG,normal,2957.0,0
01D6003A1A14E490,2024-02-19,2024-02-19 03:25:08,SOLARIS_FIN_083,MERIDIAN_CAPITAL_040,13906.97,HKD,PA,DE,velocity_burst,1.0,0
01E29D9F88A49E23,2024-01-16,2024-01-16 01:15:54,CIPHER_CAPITAL_170,DELTA_BANCORP_132,111574.43,AED,VG,PA,layering,78.0,0
01E59522D7625FC6,2024-07-04,2024-07-04 17:01:40,PRIME_HOLDINGS_039,OBSIDIAN_PARTNERS_148,788.53,GBP,DE,PA,normal,13889.0,0
01F021465A3EEA42,2024-01-22,2024-01-22 13:19:04,AXIOM_PARTNERS_078,APEX_CREDIT_054,9054.41,SGD,UK,AU,structuring,61.0,0
01FA48CA8E2AB4A7,2024-01-21,2024-01-21 23:05:31,ECLIPSE_HOLDINGS_029,MERIDIAN_CAPITAL_040,86078.49,CHF,KY,KY,layering,171.0,0
01FECB23D67603F,2024-07-05,2024-07-05 17:00:45,DELTA_BANCORP_112,OMEGA_FIN_093,58915.87,GBP,VG,LI,normal,7101.0,0
0209646F588B5A5A,2024-05-08,2024-05-08 04:42:46,MERIDIAN_CAPITAL_080,QUANTUM_CLEARING_066,210846.22,CHF,SG,DE,normal,29174.0,0
023B205C89452908,2024-02-07,2024-02-07 17:48:35,NEXUS_TRUST_071,ATLAS_BANCORP_042,1128.62,HKD,VG,US,normal,2526.0,0
024F1916C8BDE6E0,2024-01-20,2024-01-20 02:58:38,APEX_CREDIT_054,QUANTUM_CLEARING_086,1724.77,SGD,MT,DE,velocity_burst,12.0,0
024FFF1BED56F7C8,2024-05-04,2024-05-04 04:39:42,ATLAS_BANCORP_082,DELTA_BANCORP_072,387360.64,USD,LI,JP,normal,3760.0,0
026A613D3DF8C9C1,2024-01-10,2024-01-10 11:54:44,VERTEX_PAYMENTS_055,CORONA_CLEARING_116,1593.52,SGD,VG,CY,normal,16267.0,0
02794723FEFCCADC,2024-02-05,2024-02-05 21:15:12,ZENITH_FUND_127,QUANTUM_CLEARING_026,7244.37,USD,AU,JP,normal,7467.0,0
0298602F8A63FD61,2024-01-16,2024-01-16 04:32:24,OMEGA_FIN_193,MERIDIAN_CAPITAL_140,13974.1,USD,PA,US,normal,11193.0,0
02AA3F0E7ACD18F3,2024-06-23,2024-06-23 22:26:05,OBSIDIAN_PARTNERS_148,OMEGA_FIN_073,231277.71,CHF,LI,VG,normal,1601.0,0
02B093CDA6054505,2024-03-13,2024-03-13 07:30:41,DELTA_BANCORP_172,ZENITH_FUND_087,3726.19,HKD,UK,AE,normal,4321.0,0
02BD3C58902CB38E,2024-06-19,2024-06-19 11:04:50,QUANTUM_CLEARING_026,PRIME_HOLDINGS_199,21043.44,HKD,LI,FR,normal,3974.0,0
02C4D8A1F8CF5E4C,2024-03-30,2024-03-30 08:08:30,VERTEX_PAYMENTS_195,VERTEX_PAYMENTS_175,122965.8,GBP,US,KY,normal,4349.0,0
02E37EBB5FA35113,2024-05-04,2024-05-04 20:39:58,SOLARIS_FIN_103,QUANTUM_CLEARING_166,8295.85,EUR,AE,LI,structuring,4991.0,0
02E73C58B7F8989F,2024-04-15,2024-04-15 14:26:39,ATLAS_BANCORP_142,APEX_CREDIT_014,16083.99,EUR,CY,DE,normal,6838.0,0
02ECFD7D608AD4B9,2024-02-05,2024-02-05 18:26:15,ATLAS_BANCORP_002,DELTA_BANCORP_192,11092.96,SGD,US,DE,velocity_burst,12.0,0
0319982669459BD4,2024-05-21,2024-05-21 00:21:04,SOLARIS_FIN_123,APEX_CREDIT_174,1642.47,CHF,AE,PA,normal,12748.0,0
03234C02916C8363,2024-02-17,2024-02-17 21:06:40,HELIX_PAYMENTS_145,QUANTUM_CLEARING_166,8658.55,HKD,MT,PA,structuring,38.0,0
036C6CA567D205C5,2024-06-14,2024-06-14 18:36:29,OMEGA_FIN_173,ECLIPSE_HOLDINGS_049,45070.25,HKD,MT,US,normal,8897.0,0
037F377DA37025AA,2024-04-30,2024-04-30 13:39:18,ZENITH_FUND_107,MERIDIAN_CAPITAL_080,9427.1,GBP,AE,CY,structuring,10.0,1
0386F30A4D58E04C,2024-01-23,2024-01-23 00:49:18,CIPHER_CAPITAL_090,OBSIDIAN_PARTNERS_168,8093.96,EUR,FR,FR,structuring,404.0,1
038B84F28557D9F8,2024-01-29,2024-01-29 06:20:24,HELIX_PAYMENTS_165,HELIX_PAYMENTS_185,520528.88,HKD,JP,JP,normal,21938.0,0
03901C305DEBCBA5,2024-05-05,2024-05-05 01:56:54,APEX_CREDIT_134,VERTEX_PAYMENTS_075,295.89,USD,LI,LI,normal,1195.0,0
03B1FFCDFBCC93B5,2024-01-15,2024-01-15 15:43:31,ATLAS_BANCORP_062,NOVA_TRUST_061,8879.15,CHF,DE,SG,normal,1775.0,0
03B3EB9383CDEE2B,2024-02-22,2024-02-22 07:40:40,ZENITH_FUND_107,ATLAS_BANCORP_002,24804.88,HKD,FR,US,normal,1368.0,0
03C12D3FCF697B99,2024-03-26,2024-03-26 19:51:03,QUANTUM_CLEARING_086,STRATUS_FUND_117,8793.25,CHF,JP,DE,structuring,149.0,0
03CF2DD0CC59E926,2024-05-30,2024-05-30 02:49:09,OBSIDIAN_PARTNERS_108,STRATUS_FUND_117,18365.39,GBP,UK,CY,normal,2446.0,0
03D67E321DBEAA80,2024-01-18,2024-01-18 10:01:33,STRATUS_FUND_157,NEXUS_TRUST_011,11870.39,GBP,AE,SG,circular_flow,853.0,0
03E10E21CCA3C890,2024-05-11,2024-05-11 06:40:36,CORONA_CLEARING_196,NOVA_TRUST_141,39530.41,HKD,MT,US,normal,10321.0,0
03E37FAAA4748144,2024-01-12,2024-01-12 00:38:20,ECLIPSE_HOLDINGS_169,VORTEX_CREDIT_084,40988.9,EUR,LI,PA,normal,4899.0,0
03E8AC51AEBE26D8,2024-06-05,2024-06-05 16:02:31,PRIME_HOLDINGS_119,APEX_CREDIT_034,9765.84,AED,PA,DE,structuring,222.0,1
03F74B0613C2017C,2024-03-11,2024-03-11 04:40:15,ATLAS_BANCORP_022,VERTEX_PAYMENTS_195,10224.11,GBP,VG,KY,normal,421.0,0
03FD555212A223A5,2024-04-21,2024-04-21 10:01:52,CORONA_CLEARING_096,MERIDIAN_CAPITAL_000,10401.04,GBP,US,KY,velocity_burst,9.0,0
0418756E68A5E57F,2024-03-17,2024-03-17 03:33:02,OBSIDIAN_PARTNERS_108,CORONA_CLEARING_096,8247.19,SGD,KY,LI,structuring,188.0,0
041C412F7416BC20,2024-04-26,2024-04-26 11:48:39,MERIDIAN_CAPITAL_140,QUANTUM_CLEARING_186,686.37,SGD,DE,US,normal,757.0,0
041C938CFF0374E8,2024-01-22,2024-01-22 13:18:03,AXIOM_PARTNERS_078,VORTEX_CREDIT_164,8803.9,SGD,PA,AU,structuring,199.0,0
0421181DD9C76151,2024-01-12,2024-01-12 11:02:00,OMEGA_FIN_133,NOVA_TRUST_121,8227.78,EUR,SG,VG,structuring,349.0,0
042410CDCE7A6FA9,2024-04-01,2024-04-01 16:45:10,SOLARIS_FIN_063,QUANTUM_CLEARING_106,6060.52,HKD,US,PA,velocity_burst,17.0,0
0424E6E2DAD7257C,2024-01-11,2024-01-11 01:49:22,PRIME_HOLDINGS_199,ZENITH_FUND_187,11482.2,EUR,SG,UK,velocity_burst,13347.0,0
042D0ED41037C11B,2024-01-17,2024-01-17 15:53:23,VERTEX_PAYMENTS_075,QUANTUM_CLEARING_146,9014.6,EUR,UK,MT,structuring,908.0,0
0437DC3DDE57FEF2,2024-02-29,2024-02-29 06:37:38,ZENITH_FUND_007,VORTEX_CREDIT_004,8958.73,CHF,PA,CY,structuring,90.0,0
044A90A79D2C03DD,2024-05-18,2024-05-18 16:47:09,STRATUS_FUND_117,NOVA_TRUST_101,67778.28,USD,MT,SG,normal,874.0,0
0452F57FAEBBD198,2024-06-26,2024-06-26 12:29:59,HELIX_PAYMENTS_065,NOVA_TRUST_141,4321.88,USD,AE,FR,normal,2454.0,0
04604BCA1DCC5DA5,2024-01-16,2024-01-16 05:46:55,DELTA_BANCORP_052,NOVA_TRUST_161,9574.04,GBP,US,VG,structuring,369.0,0
047F7616E9B8F8,2024-03-21,2024-03-21 23:10:19,OMEGA_FIN_153,ZENITH_FUND_127,37886.55,EUR,JP,FR,normal,2690.0,0
048443FAB4C1E1AE,2024-02-24,2024-02-24 02:48:41,ATLAS_BANCORP_182,AXIOM_PARTNERS_098,180900.52,AED,MT,AE,high_risk_jx,1478.0,0
049C18F686D1DA7E,2024-01-21,2024-01-21 21:52:00,ATLAS_BANCORP_042,HELIX_PAYMENTS_025,7822.39,CHF,AU,LI,normal,1854.0,0
04A458E1B63CEF83,2024-01-10,2024-01-10 06:38:35,STRATUS_FUND_057,MERIDIAN_CAPITAL_140,8448.44,CHF,PA,SG,structuring,158.0,0
04A87D24E34D31A4,2024-04-14,2024-04-14 15:52:35,OBSIDIAN_PARTNERS_188,PRIME_HOLDINGS_019,5929.03,GBP,PA,MT,normal,1636.0,0
04AF0C3CBA79D322,2024-06-03,2024-06-03 06:06:39,CORONA_CLEARING_136,PRIME_HOLDINGS_119,68187.4,AED,AU,LI,circular_flow,146.0,0
04AF79802C9F9013,2024-03-09,2024-03-09 01:39:35,ZENITH_FUND_047,HELIX_PAYMENTS_125,9565.57,AED,US,FR,structuring,129.0,0
04C4CA96F3767523,2024-03-31,2024-03-31 02:31:35,NEXUS_TRUST_071,HELIX_PAYMENTS_165,71924.33,CHF,MT,AE,layering,2164.0,0
04E561C2E5E7C48B,2024-02-20,2024-02-20 17:58:45,VORTEX_CREDIT_044,QUANTUM_CLEARING_086,2345.93,HKD,US,JP,velocity_burst,14.0,0
050168B3DF01B4E,2024-03-16,2024-03-16 22:03:47,ZENITH_FUND_127,ZENITH_FUND_047,65463.74,EUR,SG,PA,normal,8856.0,0
05036037ED4289C5,2024-06-24,2024-06-24 12:45:18,DELTA_BANCORP_152,OMEGA_FIN_193,822.2,HKD,PA,UK,normal,9428.0,0
050AB06C8A8710C6,2024-02-07,2024-02-07 00:34:15,NOVA_TRUST_181,DELTA_BANCORP_072,193319.05,GBP,US,AU,normal,7621.0,0
050DACAB58B7A723,2024-02-11,2024-02-11 01:46:58,ATLAS_BANCORP_142,NEXUS_TRUST_031,10035.09,CHF,FR,UK,velocity_burst,5.0,1
0517ACE1CD9EDCB7,2024-06-15,2024-06-15 12:43:35,NEXUS_TRUST_031,ECLIPSE_HOLDINGS_009,15607.54,CHF,UK,JP,normal,8620.0,0
051E86C5726B6B3A,2024-07-01,2024-07-01 21:09:08,APEX_CREDIT_194,QUANTUM_CLEARING_166,202471.77,CHF,AE,PA,normal,1942.0,0
05287C63EF8933FA,2024-01-20,2024-01-20 06:53:58,NEXUS_TRUST_151,HELIX_PAYMENTS_005,4883.36,SGD,AU,FR,velocity_burst,18.0,0
052F802E68729C64,2024-03-02,2024-03-02 13:46:06,MERIDIAN_CAPITAL_100,MERIDIAN_CAPITAL_000,6402.62,EUR,DE,LI,velocity_burst,1.0,0
0534C14D2551E21,2024-06-24,2024-06-24 17:56:35,NEXUS_TRUST_131,ECLIPSE_HOLDINGS_169,8256.75,USD,FR,SG,structuring,285.0,1
053EE32747918C2,2024-04-13,2024-04-13 03:19:14,ZENITH_FUND_187,APEX_CREDIT_054,9117.43,AED,AE,AU,structuring,1150.0,0
0556734C33C360FE,2024-02-15,2024-02-15 19:56:34,STRATUS_FUND_197,VERTEX_PAYMENTS_175,80664.26,CHF,CY,VG,layering,7513.0,0
056321BAD870F1B5,2024-02-04,2024-02-04 01:03:11,SOLARIS_FIN_183,STRATUS_FUND_117,159438.54,SGD,FR,PA,normal,1662.0,0
0563232B5DF1AFB0,2024-03-02,2024-03-02 23:28:45,OBSIDIAN_PARTNERS_088,PRIME_HOLDINGS_179,8402.27,EUR,CY,DE,velocity_burst,3.0,0
0563B51564A5A684,2024-07-06,2024-07-06 16:26:50,CIPHER_CAPITAL_150,PRIME_HOLDINGS_139,11464.88,AED,SG,SG,velocity_burst,6.0,0
0574D3FE88D881BE,2024-04-09,2024-04-09 16:38:48,PRIME_HOLDINGS_119,VORTEX_CREDIT_064,26921.54,SGD,PA,CY,normal,6099.0,0
05817C7B9B5E66C,2024-01-07,2024-01-07 03:37:50,OMEGA_FIN_113,STRATUS_FUND_137,15854.32,AED,VG,DE,circular_flow,848.0,0
058B0AF6720DA816,2024-02-06,2024-02-06 16:34:21,DELTA_BANCORP_032,OMEGA_FIN_093,354.42,HKD,FR,PA,normal,3984.0,0
05AC1A02A75C61AC,2024-02-27,2024-02-27 14:55:36,MERIDIAN_CAPITAL_000,DELTA_BANCORP_012,9975.92,HKD,VG,LI,structuring,312.0,1
05B14B984D3AD857,2024-04-22,2024-04-22 02:12:29,OBSIDIAN_PARTNERS_108,VORTEX_CREDIT_044,9449.39,CHF,AE,DE,structuring,20.0,0
05C3CB793B5938EF,2024-01-22,2024-01-22 01:23:16,NEXUS_TRUST_051,CORONA_CLEARING_016,1347.59,GBP,UK,AU,normal,2890.0,0
05CCA6D8738E0CD5,2024-01-03,2024-01-03 16:22:10,OMEGA_FIN_173,VORTEX_CREDIT_024,7401.51,HKD,SG,KY,normal,1062.0,0
05CCEFE1FA5B3630,2024-02-25,2024-02-25 21:09:33,APEX_CREDIT_154,ZENITH_FUND_007,5878.68,HKD,US,VG,normal,5913.0,0
05D3DE95ED9CF63E,2024-03-24,2024-03-24 08:13:31,DELTA_BANCORP_152,NOVA_TRUST_061,212117.12,EUR,AE,SG,normal,1247.0,0
05D6FAAD62A1EA49,2024-04-25,2024-04-25 10:34:20,QUANTUM_CLEARING_006,PRIME_HOLDINGS_139,159765.22,AED,UK,DE,normal,1931.0,0
05E05184C6A253E0,2024-06-09,2024-06-09 00:43:54,VORTEX_CREDIT_004,MERIDIAN_CAPITAL_120,6190.57,CHF,AE,VG,velocity_burst,15.0,0
05E7E997AE6F1D05,2024-03-17,2024-03-17 10:34:58,CIPHER_CAPITAL_150,NOVA_TRUST_101,11675.62,CHF,SG,SG,normal,4728.0,0
05F8E4AF6BE52DD4,2024-03-08,2024-03-08 00:56:37,VORTEX_CREDIT_044,CIPHER_CAPITAL_110,7187.24,AED,MT,AE,velocity_burst,8.0,1
05FB17368C819AF,2024-06-08,2024-06-08 20:47:20,HELIX_PAYMENTS_185,MERIDIAN_CAPITAL_080,4695.98,EUR,UK,LI,normal,2699.0,0
0609427E9569A727,2024-01-23,2024-01-23 00:35:30,CIPHER_CAPITAL_090,MERIDIAN_CAPITAL_100,8840.9,GBP,DE,VG,structuring,338.0,1
06118606C7847675,2024-05-04,2024-05-04 23:24:28,APEX_CREDIT_014,PRIME_HOLDINGS_019,10505.83,HKD,US,SG,velocity_burst,5.0,1
06120F797E0CB8EC,2024-04-09,2024-04-09 01:25:09,AXIOM_PARTNERS_018,APEX_CREDIT_154,14514.1,AED,UK,US,velocity_burst,62.0,1
0612224D653309B9,2024-02-19,2024-02-19 03:23:51,SOLARIS_FIN_083,VORTEX_CREDIT_104,12467.02,USD,MT,US,velocity_burst,2593.0,0
061B3AF7E3172722,2024-03-23,2024-03-23 17:38:56,ATLAS_BANCORP_002,QUANTUM_CLEARING_006,190701.69,GBP,KY,MT,layering,1444.0,0
06228B293277C667,2024-02-22,2024-02-22 08:29:07,HELIX_PAYMENTS_005,HELIX_PAYMENTS_165,2959.12,AED,SG,KY,velocity_burst,32.0,1
06282C0691E5C16E,2024-02-06,2024-02-06 19:06:27,DELTA_BANCORP_132,ZENITH_FUND_107,12944.71,AED,KY,DE,normal,1572.0,0
0643A0911D0728B3,2024-05-24,2024-05-24 21:11:41,AXIOM_PARTNERS_098,OBSIDIAN_PARTNERS_148,1530.41,SGD,FR,AU,normal,12215.0,0
065062566AE6E8A4,2024-04-12,2024-04-12 06:33:35,OMEGA_FIN_173,DELTA_BANCORP_152,26181.09,HKD,PA,VG,normal,11825.0,0
0653BB868DC42682,2024-05-13,2024-05-13 01:42:08,ATLAS_BANCORP_102,SOLARIS_FIN_103,100901.21,GBP,AE,KY,layering,402.0,0
0657377A66D8ED04,2024-02-29,2024-02-29 04:41:46,VERTEX_PAYMENTS_135,APEX_CREDIT_074,27669.39,HKD,LI,LI,normal,7517.0,0
0660DE722B8E8991,2024-03-02,2024-03-02 00:50:34,DELTA_BANCORP_092,CORONA_CLEARING_056,9188.11,CHF,SG,LI,structuring,65.0,0
06696BECAD66AD9D,2024-03-02,2024-03-02 23:29:41,OBSIDIAN_PARTNERS_088,APEX_CREDIT_194,4767.0,SGD,SG,SG,velocity_burst,25.0,1
0670329C1C71EF88,2024-04-19,2024-04-19 04:20:10,SOLARIS_FIN_043,PRIME_HOLDINGS_019,73808.29,USD,LI,UK,normal,5724.0,0
068A68586489FAF0,2024-02-15,2024-02-15 08:40:53,NOVA_TRUST_081,DELTA_BANCORP_172,8986.22,SGD,LI,SG,velocity_burst,1.0,0
068B15B9634EC4FC,2024-02-20,2024-02-20 09:47:51,NOVA_TRUST_161,SOLARIS_FIN_083,33483.6,EUR,AE,MT,normal,3382.0,0
06927C346B6E8149,2024-03-28,2024-03-28 00:57:57,SOLARIS_FIN_143,CIPHER_CAPITAL_070,8348.04,SGD,AE,UK,normal,4034.0,0
069485BA2C300364,2024-01-25,2024-01-25 14:11:56,APEX_CREDIT_014,SOLARIS_FIN_003,8683.21,GBP,PA,VG,normal,6548.0,0
06949D0AFECA9CA2,2024-01-15,2024-01-15 20:37:35,CIPHER_CAPITAL_070,MERIDIAN_CAPITAL_100,9851.11,HKD,PA,DE,structuring,144.0,0
06B5EE18289566DC,2024-04-25,2024-04-25 06:41:01,OBSIDIAN_PARTNERS_168,MERIDIAN_CAPITAL_080,1272.57,EUR,VG,AE,normal,2113.0,0
06C1E0DB3B93A71C,2024-01-23,2024-01-23 13:28:22,MERIDIAN_CAPITAL_060,STRATUS_FUND_037,14320.0,USD,SG,FR,normal,5928.0,0
06C7D4F99CD2DAB6,2024-02-03,2024-02-03 10:17:31,SOLARIS_FIN_003,DELTA_BANCORP_112,46049.41,USD,PA,AU,circular_flow,821.0,0
06D31DF4CDBE94EA,2024-01-12,2024-01-12 17:17:59,NOVA_TRUST_141,ATLAS_BANCORP_122,8601.83,EUR,SG,LI,structuring,176.0,0
06DEBE10B86ACA2B,2024-02-05,2024-02-05 08:10:00,OMEGA_FIN_173,STRATUS_FUND_077,241232.93,HKD,LI,LI,layering,252.0,0
06EA4215FA4B69AC,2024-05-27,2024-05-27 11:20:28,ECLIPSE_HOLDINGS_069,ATLAS_BANCORP_022,1639.59,GBP,AU,PA,normal,21444.0,0
06EB708BAC9BE1F1,2024-07-03,2024-07-03 19:27:00,HELIX_PAYMENTS_065,SOLARIS_FIN_143,35123.57,SGD,VG,CY,normal,11177.0,0
06EF9FA6F0991690,2024-03-02,2024-03-02 03:31:48,SOLARIS_FIN_183,APEX_CREDIT_154,18669.37,SGD,DE,PA,circular_flow,5086.0,0
06F0DC3ADB878612,2024-06-01,2024-06-01 05:22:59,NOVA_TRUST_161,CORONA_CLEARING_136,2371.35,GBP,LI,FR,normal,4426.0,0
06FAD015D3C4978C,2024-01-11,2024-01-11 01:52:31,PRIME_HOLDINGS_199,NOVA_TRUST_161,13040.81,AED,SG,CY,velocity_burst,5.0,0
06FC0BEF8E7E915,2024-01-31,2024-01-31 12:00:12,NOVA_TRUST_101,CORONA_CLEARING_076,47317.27,CHF,AE,LI,normal,15114.0,0
070C6E67FED95E9F,2024-05-02,2024-05-02 04:02:03,CIPHER_CAPITAL_090,PRIME_HOLDINGS_099,3122.21,EUR,VG,PA,velocity_burst,34.0,1
070F5967319F9DE8,2024-06-05,2024-06-05 03:38:56,MERIDIAN_CAPITAL_120,STRATUS_FUND_197,389898.73,USD,DE,CY,normal,12130.0,0
0714FFF0EFB487C7,2024-01-16,2024-01-16 16:42:30,HELIX_PAYMENTS_045,OMEGA_FIN_153,42138.14,USD,VG,AE,normal,887.0,0
073C3971C4F765EB,2024-04-19,2024-04-19 23:33:58,PRIME_HOLDINGS_139,ZENITH_FUND_047,32192.31,USD,CY,SG,normal,2023.0,0
073F69A285EC8064,2024-06-09,2024-06-09 08:42:23,OMEGA_FIN_173,ECLIPSE_HOLDINGS_009,20698.68,SGD,KY,MT,normal,2460.0,0
074FAACB8DC3DF93,2024-05-15,2024-05-15 10:33:40,QUANTUM_CLEARING_166,MERIDIAN_CAPITAL_160,7314.83,CHF,SG,AU,velocity_burst,26.0,0
0755F9ADD5E9F313,2024-06-08,2024-06-08 09:12:25,CORONA_CLEARING_056,HELIX_PAYMENTS_065,28473.91,CHF,FR,AU,normal,11063.0,0
0769FBC7F68F6AE2,2024-03-01,2024-03-01 06:05:18,AXIOM_PARTNERS_178,AXIOM_PARTNERS_098,14354.0,GBP,DE,KY,normal,14846.0,0
077DEFD53A96CE0F,2024-05-29,2024-05-29 09:53:08,AXIOM_PARTNERS_138,NOVA_TRUST_001,402458.6,GBP,AE,CY,layering,128.0,0
077E33448EED11EE,2024-03-02,2024-03-02 13:51:20,MERIDIAN_CAPITAL_100,ECLIPSE_HOLDINGS_089,13421.22,GBP,US,SG,velocity_burst,136.0,1
07831E5C2A98033A,2024-04-18,2024-04-18 03:24:14,DELTA_BANCORP_072,AXIOM_PARTNERS_158,10345.84,AED,MT,UK,velocity_burst,77.0,1
0792049C2CF74FAE,2024-02-05,2024-02-05 18:26:47,ATLAS_BANCORP_002,AXIOM_PARTNERS_018,1175.42,USD,LI,UK,velocity_burst,8.0,1
079F1CDFA7B2238,2024-01-13,2024-01-13 02:34:16,APEX_CREDIT_014,OMEGA_FIN_113,312114.41,EUR,MT,VG,layering,800.0,0
07ACAE2CBA74D5AA,2024-06-13,2024-06-13 21:28:28,CIPHER_CAPITAL_050,STRATUS_FUND_097,8211.09,AED,JP,CY,structuring,6139.0,0
07BCCE8219F3008,2024-03-23,2024-03-23 03:40:13,ZENITH_FUND_027,OMEGA_FIN_013,3403.18,HKD,FR,MT,normal,1668.0,0
07C99EF477B0D1FA,2024-01-20,2024-01-20 20:45:15,NEXUS_TRUST_151,CIPHER_CAPITAL_150,9728.21,SGD,AU,US,structuring,162.0,0
07E5B03BB6857777,2024-01-17,2024-01-17 15:33:09,VERTEX_PAYMENTS_075,AXIOM_PARTNERS_178,9688.73,CHF,SG,US,structuring,166.0,0
07EA815CDC96CDF,2024-02-08,2024-02-08 16:34:54,APEX_CREDIT_074,CORONA_CLEARING_096,26290.46,GBP,KY,VG,normal,1896.0,0
07F10D3353CFC4B5,2024-03-30,2024-03-30 23:34:29,NOVA_TRUST_061,VORTEX_CREDIT_164,158585.28,USD,US,AE,layering,211.0,0
07F595FDFCC46C46,2024-02-18,2024-02-18 02:10:20,SOLARIS_FIN_063,PRIME_HOLDINGS_059,2529.35,EUR,AE,AE,normal,17341.0,0
0801C93374BEA2AD,2024-01-07,2024-01-07 22:44:20,OMEGA_FIN_093,PRIME_HOLDINGS_059,2219.77,EUR,US,SG,normal,5757.0,0
0814AE0FEF893892,2024-05-23,2024-05-23 20:22:37,DELTA_BANCORP_172,PRIME_HOLDINGS_059,190.34,AED,UK,CY,normal,722.0,0
081D8EFE42AACB77,2024-06-01,2024-06-01 10:20:42,CIPHER_CAPITAL_030,ATLAS_BANCORP_102,425515.18,AED,MT,LI,normal,11533.0,0
081E9D8682AA9C24,2024-02-09,2024-02-09 12:15:54,OMEGA_FIN_073,MERIDIAN_CAPITAL_080,3945.07,GBP,LI,FR,normal,9705.0,0
083C69A2F5FADA2,2024-05-15,2024-05-15 06:42:12,OBSIDIAN_PARTNERS_028,ATLAS_BANCORP_102,6438.94,AED,KY,AU,normal,5315.0,0
084BCD02B8666C56,2024-03-23,2024-03-23 23:13:38,SOLARIS_FIN_043,NOVA_TRUST_121,9195.97,SGD,AU,SG,structuring,230.0,0
086AE5C0E5E4B896,2024-05-19,2024-05-19 22:04:58,HELIX_PAYMENTS_185,STRATUS_FUND_177,53213.89,GBP,CY,AE,normal,630.0,0
0889A24EF2C46D02,2024-03-19,2024-03-19 08:43:00,STRATUS_FUND_137,OMEGA_FIN_193,9595.71,SGD,SG,DE,structuring,3438.0,0
088EC205FFC29F60,2024-02-12,2024-02-12 01:01:47,CORONA_CLEARING_136,AXIOM_PARTNERS_138,38733.7,EUR,MT,UK,normal,11081.0,0
08A590877B8DDDF4,2024-03-08,2024-03-08 00:54:55,VORTEX_CREDIT_044,OBSIDIAN_PARTNERS_048,1046.74,USD,FR,VG,velocity_burst,6.0,1
08A67A174641A4E8,2024-02-06,2024-02-06 05:32:10,AXIOM_PARTNERS_178,DELTA_BANCORP_092,2122.42,EUR,AE,LI,velocity_burst,15.0,1
08B6F6508DA7F7F3,2024-05-19,2024-05-19 01:02:14,DELTA_BANCORP_192,OBSIDIAN_PARTNERS_148,39738.21,HKD,CY,FR,normal,6559.0,0
08B758D76F83B13A,2024-05-12,2024-05-12 23:48:26,NEXUS_TRUST_171,VERTEX_PAYMENTS_015,1677.78,USD,JP,AU,normal,5262.0,0
08D13BC9D3DE7EF0,2024-06-21,2024-06-21 20:23:56,NEXUS_TRUST_131,CIPHER_CAPITAL_070,184365.98,CHF,VG,AE,high_risk_jx,2275.0,0
08E8047C7A4298A3,2024-02-26,2024-02-26 11:48:49,STRATUS_FUND_157,DELTA_BANCORP_052,8944.51,EUR,JP,FR,structuring,62.0,0
08E9712BD69A6F64,2024-03-26,2024-03-26 15:30:51,HELIX_PAYMENTS_065,VERTEX_PAYMENTS_195,117100.28,AED,CY,UK,layering,491.0,0
08F21BB11D2DFDAC,2024-04-18,2024-04-18 08:34:04,CORONA_CLEARING_176,SOLARIS_FIN_063,7728.08,USD,UK,AU,normal,15169.0,0
08FCAB48E7DA3374,2024-04-24,2024-04-24 18:35:17,ATLAS_BANCORP_042,CORONA_CLEARING_076,26340.86,GBP,US,PA,normal,338.0,0
08FFF0418BD7109C,2024-03-09,2024-03-09 03:25:22,VORTEX_CREDIT_024,HELIX_PAYMENTS_165,8146.3,EUR,DE,KY,normal,946.0,0
0905E3E99E0498DF,2024-02-27,2024-02-27 23:29:46,VERTEX_PAYMENTS_075,CORONA_CLEARING_036,8729.08,USD,DE,DE,structuring,243.0,0
091649C71265B23A,2024-04-01,2024-04-01 16:45:31,SOLARIS_FIN_063,VERTEX_PAYMENTS_115,10695.29,GBP,JP,AU,velocity_burst,21.0,0
093924233DA4BD62,2024-05-30,2024-05-30 05:24:20,VORTEX_CREDIT_144,ATLAS_BANCORP_082,19734.03,AED,LI,VG,normal,9311.0,0
093B43BA14CA18CC,2024-02-26,2024-02-26 00:50:59,VORTEX_CREDIT_164,VERTEX_PAYMENTS_155,53729.18,SGD,VG,PA,normal,929.0,0
094461FA5E51726C,2024-04-27,2024-04-27 15:31:14,APEX_CREDIT_174,ATLAS_BANCORP_102,2351.41,HKD,VG,CY,normal,3281.0,0
09454A93AEB8ACC6,2024-01-01,2024-01-01 01:29:29,HELIX_PAYMENTS_105,AXIOM_PARTNERS_038,8109.02,GBP,MT,DE,structuring,295.0,0
094DD91E2CBE3E59,2024-01-27,2024-01-27 18:52:11,VERTEX_PAYMENTS_155,AXIOM_PARTNERS_158,56074.15,EUR,SG,AU,layering,130.0,0
096BAF7D4AD64561,2024-01-12,2024-01-12 17:37:43,OMEGA_FIN_193,ECLIPSE_HOLDINGS_009,10781.4,AED,SG,PA,normal,10.0,0
0971EA02E1A68ABC,2024-05-31,2024-05-31 01:35:46,ZENITH_FUND_007,VORTEX_CREDIT_084,6508.77,AED,MT,VG,velocity_burst,0.0,1
098655BD248DD469,2024-01-19,2024-01-19 10:41:42,VERTEX_PAYMENTS_035,VORTEX_CREDIT_004,4732.98,EUR,AE,UK,normal,513.0,0
099D4229AAF37F3A,2024-01-13,2024-01-13 00:31:10,VORTEX_CREDIT_044,VORTEX_CREDIT_064,43030.11,CHF,JP,PA,normal,2156.0,0
09B7D47255D8F84A,2024-02-13,2024-02-13 03:54:32,MERIDIAN_CAPITAL_060,OBSIDIAN_PARTNERS_008,4467.9,HKD,JP,KY,velocity_burst,3898.0,0
09BD5E54695DB354,2024-02-10,2024-02-10 05:22:28,ZENITH_FUND_187,ATLAS_BANCORP_002,9308.58,SGD,DE,MT,velocity_burst,63.0,1
09C6C4324E52F403,2024-06-19,2024-06-19 02:01:47,SOLARIS_FIN_003,SOLARIS_FIN_043,2590058.86,GBP,AU,AE,normal,7181.0,0
09E6809DC7DD6920,2024-02-10,2024-02-10 05:23:01,ZENITH_FUND_187,NEXUS_TRUST_091,7961.76,CHF,CY,KY,velocity_burst,33.0,1
09E70973C06FA286,2024-07-06,2024-07-06 15:03:43,QUANTUM_CLEARING_006,ZENITH_FUND_087,462.47,AED,US,MT,normal,105.0,0
09FF283A56F8A0C5,2024-02-13,2024-02-13 03:54:48,MERIDIAN_CAPITAL_060,CIPHER_CAPITAL_170,13018.32,HKD,CY,VG,velocity_burst,6.0,0
0A25031F4A6ED7BF,2024-02-23,2024-02-23 14:31:34,AXIOM_PARTNERS_018,QUANTUM_CLEARING_106,85249.74,CHF,MT,PA,normal,3800.0,0
0A3F7D2492E5CD4,2024-01-06,2024-01-06 03:43:57,QUANTUM_CLEARING_026,PRIME_HOLDINGS_079,25724.55,GBP,PA,SG,normal,949.0,0
0A4F4F229BF3A81C,2024-05-22,2024-05-22 12:18:41,APEX_CREDIT_014,ATLAS_BANCORP_022,3421.59,AED,LI,JP,normal,5373.0,0
0A5FFACE5AD60298,2024-02-02,2024-02-02 23:58:29,OBSIDIAN_PARTNERS_108,NOVA_TRUST_121,9312.38,SGD,KY,AE,normal,1552.0,0
0A680899C97D3BF7,2024-04-18,2024-04-18 22:23:08,APEX_CREDIT_054,VORTEX_CREDIT_044,14999.91,EUR,UK,VG,velocity_burst,5.0,1
0A6B50D0BE758645,2024-02-14,2024-02-14 13:02:21,SOLARIS_FIN_163,VERTEX_PAYMENTS_055,5228.34,USD,US,JP,velocity_burst,117.0,1
0A6CB4D9F7492A95,2024-07-06,2024-07-06 20:09:10,NOVA_TRUST_081,ATLAS_BANCORP_022,2854.29,AED,CY,UK,normal,1459.0,0
0A806864B0978D56,2024-03-17,2024-03-17 03:29:54,OBSIDIAN_PARTNERS_108,NOVA_TRUST_101,8388.41,HKD,AU,KY,structuring,74.0,0
0A867776D6562E83,2024-06-20,2024-06-20 07:18:14,ZENITH_FUND_127,ECLIPSE_HOLDINGS_029,3504.94,AED,FR,DE,normal,6102.0,0
0A8A5173C0617BF8,2024-04-30,2024-04-30 13:39:08,QUANTUM_CLEARING_006,CORONA_CLEARING_076,8071.66,USD,MT,AE,structuring,244.0,0
0AC12B89B218C44E,2024-04-20,2024-04-20 18:09:35,ZENITH_FUND_087,PRIME_HOLDINGS_159,775084.15,SGD,DE,LI,normal,3320.0,0
0AC285267A8D9876,2024-01-14,2024-01-14 14:50:17,AXIOM_PARTNERS_098,NEXUS_TRUST_071,10304.74,EUR,PA,MT,normal,4719.0,0
0AD6C21BB56DA063,2024-01-06,2024-01-06 18:27:23,APEX_CREDIT_174,ZENITH_FUND_067,146238.91,SGD,MT,SG,normal,73.0,0
0AE661794A488D7D,2024-06-24,2024-06-24 17:42:39,NEXUS_TRUST_131,CIPHER_CAPITAL_090,8204.94,CHF,UK,VG,structuring,94.0,0
0AE6E93040FE440B,2024-01-20,2024-01-20 06:52:57,NEXUS_TRUST_151,APEX_CREDIT_114,10830.14,HKD,PA,UK,velocity_burst,4.0,0
0B0A57B9F86EF569,2024-04-10,2024-04-10 02:15:11,NOVA_TRUST_101,OMEGA_FIN_073,5087.47,HKD,KY,AU,normal,865.0,0
0B1D93BAAC2C68AE,2024-01-28,2024-01-28 10:13:16,CORONA_CLEARING_056,SOLARIS_FIN_103,6972.17,CHF,AE,VG,normal,3851.0,0
0B4E34C272121A9F,2024-04-08,2024-04-08 17:00:30,MERIDIAN_CAPITAL_020,ZENITH_FUND_047,8461.3,EUR,VG,KY,structuring,134.0,0
0B5016EB50A231E4,2024-02-15,2024-02-15 20:28:31,CIPHER_CAPITAL_110,MERIDIAN_CAPITAL_060,10043.53,GBP,DE,FR,normal,619.0,0
0B59B6C34AD7E290,2024-02-13,2024-02-13 03:55:49,MERIDIAN_CAPITAL_060,MERIDIAN_CAPITAL_040,5783.22,CHF,SG,JP,velocity_burst,5.0,1
0B6190AF19B52C74,2024-01-23,2024-01-23 11:49:34,ECLIPSE_HOLDINGS_089,OBSIDIAN_PARTNERS_048,2486.8,GBP,DE,LI,normal,913.0,0
0B6BD23DB1427C55,2024-03-14,2024-03-14 11:48:40,ECLIPSE_HOLDINGS_009,CORONA_CLEARING_056,107579.23,SGD,LI,SG,normal,5515.0,0
0B9315DFDB1D66A5,2024-06-17,2024-06-17 21:27:43,CIPHER_CAPITAL_130,ECLIPSE_HOLDINGS_069,51155.24,CHF,AE,PA,high_risk_jx,2954.0,0
0B97D00039345EEE,2024-02-09,2024-02-09 15:55:21,ATLAS_BANCORP_042,APEX_CREDIT_054,43882.57,AED,PA,PA,normal,311.0,0
0BA33E64D0C151F4,2024-07-07,2024-07-07 08:55:44,CORONA_CLEARING_096,OBSIDIAN_PARTNERS_088,498.96,CHF,KY,DE,normal,5957.0,0
0BAA01ED42BC970,2024-06-25,2024-06-25 00:58:41,APEX_CREDIT_154,QUANTUM_CLEARING_106,32991.84,USD,CY,KY,normal,8599.0,0
0BB07774FDC18F,2024-03-26,2024-03-26 19:53:30,QUANTUM_CLEARING_086,AXIOM_PARTNERS_098,9679.01,AED,UK,VG,structuring,123.0,1
0BC1383D9661AB51,2024-07-01,2024-07-01 04:56:29,APEX_CREDIT_174,SOLARIS_FIN_163,137185.04,USD,MT,VG,normal,11521.0,0
0BD9FFEC61E1DEC2,2024-03-13,2024-03-13 19:59:16,STRATUS_FUND_137,DELTA_BANCORP_072,11887.72,AED,VG,SG,normal,18458.0,0
0BDF92238A81B000,2024-01-01,2024-01-01 22:49:15,HELIX_PAYMENTS_085,ECLIPSE_HOLDINGS_109,8727.77,CHF,KY,FR,velocity_burst,4011.0,0
0BE11A90FB9F92D3,2024-03-01,2024-03-01 12:59:11,NEXUS_TRUST_171,OMEGA_FIN_133,83797.96,HKD,AE,LI,normal,3567.0,0
0BE992FFBAAB2565,2024-04-12,2024-04-12 09:57:22,OMEGA_FIN_033,PRIME_HOLDINGS_139,24613.79,HKD,AU,DE,normal,2031.0,0
0BF10D30E38AA2BA,2024-01-23,2024-01-23 04:52:10,OBSIDIAN_PARTNERS_188,AXIOM_PARTNERS_178,1861.7,SGD,PA,MT,normal,3869.0,0
0C00B58DE0DB9A36,2024-04-30,2024-04-30 21:59:04,NEXUS_TRUST_051,AXIOM_PARTNERS_198,900360.21,AED,KY,SG,normal,811.0,0
0C07ADD563B71845,2024-06-25,2024-06-25 06:16:21,CIPHER_CAPITAL_030,QUANTUM_CLEARING_166,795.56,SGD,UK,KY,normal,10575.0,0
0C204B2ECEE8E262,2024-03-14,2024-03-14 21:04:12,NEXUS_TRUST_111,STRATUS_FUND_157,9077.01,USD,KY,LI,normal,21.0,0
0C2AE1B0C86BAF0F,2024-05-15,2024-05-15 08:11:26,APEX_CREDIT_094,ZENITH_FUND_167,4080.18,AED,VG,VG,normal,5354.0,0
0C374B0E61199B27,2024-04-13,2024-04-13 07:33:22,AXIOM_PARTNERS_038,MERIDIAN_CAPITAL_060,46634.97,GBP,DE,FR,circular_flow,1671.0,0
0C397DADA38E5287,2024-06-06,2024-06-06 09:46:51,OMEGA_FIN_053,OBSIDIAN_PARTNERS_108,4433.09,GBP,LI,MT,velocity_burst,32.0,0
0C4FAA056611B394,2024-01-26,2024-01-26 05:39:44,ECLIPSE_HOLDINGS_089,ATLAS_BANCORP_082,9080.08,GBP,AE,CY,structuring,43.0,1
0C50D72A2B1B485D,2024-01-11,2024-01-11 07:50:26,ATLAS_BANCORP_142,NOVA_TRUST_021,1152.1,GBP,UK,MT,normal,2295.0,0
0C558DBBBF384BE7,2024-06-03,2024-06-03 04:50:49,ECLIPSE_HOLDINGS_009,ZENITH_FUND_027,9918.72,SGD,MT,AU,structuring,20718.0,0
0C61CEC1C1C66500,2024-02-06,2024-02-06 04:13:52,HELIX_PAYMENTS_145,CIPHER_CAPITAL_030,31019.09,SGD,JP,JP,normal,5949.0,0
0C667C92533A7E2,2024-01-11,2024-01-11 01:52:18,PRIME_HOLDINGS_199,VORTEX_CREDIT_064,10470.12,AED,PA,KY,velocity_burst,0.0,0
0C6818FAC0A4E05,2024-02-11,2024-02-11 05:57:18,APEX_CREDIT_074,OBSIDIAN_PARTNERS_148,351477.78,USD,AE,VG,layering,1932.0,0
0C6EE9376E48C1AB,2024-04-01,2024-04-01 09:39:26,QUANTUM_CLEARING_166,NOVA_TRUST_121,9111.88,EUR,VG,US,structuring,241.0,1
0C89BE393C1ADC1E,2024-05-10,2024-05-10 01:20:28,OMEGA_FIN_193,ZENITH_FUND_027,508.62,AED,KY,AE,normal,25181.0,0
0C9B172BA1FE4DBB,2024-05-24,2024-05-24 12:11:42,ATLAS_BANCORP_162,ZENITH_FUND_167,2112.51,USD,CY,CY,normal,21382.0,0
0CB07F11B666AAAD,2024-04-02,2024-04-02 11:38:17,NOVA_TRUST_181,OBSIDIAN_PARTNERS_168,10487.14,AED,KY,JP,normal,2389.0,0
0CB709D1526E3A0C,2024-03-29,2024-03-29 22:47:00,CORONA_CLEARING_136,OBSIDIAN_PARTNERS_128,2477.76,GBP,PA,SG,normal,924.0,0
0CEB02467A57242E,2024-06-10,2024-06-10 18:14:21,CORONA_CLEARING_136,HELIX_PAYMENTS_125,599.03,AED,JP,SG,normal,10296.0,0
0CF3D2417E89AF73,2024-03-31,2024-03-31 20:32:43,CORONA_CLEARING_116,OMEGA_FIN_053,25847.47,USD,JP,MT,normal,1292.0,0
0D0198C519960BC0,2024-06-29,2024-06-29 02:48:37,STRATUS_FUND_037,OBSIDIAN_PARTNERS_068,44620.03,USD,VG,AU,normal,5725.0,0
0D1A5356D77D2F55,2024-01-30,2024-01-30 23:56:00,DELTA_BANCORP_112,APEX_CREDIT_074,9105.74,EUR,JP,KY,structuring,124.0,0
0D1B34BD92339BBF,2024-04-10,2024-04-10 22:08:27,AXIOM_PARTNERS_138,NOVA_TRUST_041,8598.44,EUR,US,UK,structuring,115.0,0
0D381F4FF6C20F32,2024-07-07,2024-07-07 06:01:11,CORONA_CLEARING_036,PRIME_HOLDINGS_159,192.72,USD,DE,PA,normal,805.0,0
0D3F4DC0D83793F3,2024-03-18,2024-03-18 11:32:51,APEX_CREDIT_194,VERTEX_PAYMENTS_035,59664.39,SGD,MT,FR,normal,4091.0,0
0D55B0A027B376D4,2024-01-04,2024-01-04 03:29:13,ZENITH_FUND_127,SOLARIS_FIN_003,55301.19,USD,PA,UK,normal,2111.0,0
0D5C77DA9A6731D4,2024-03-05,2024-03-05 22:30:48,DELTA_BANCORP_052,SOLARIS_FIN_143,4859.91,EUR,DE,VG,normal,3092.0,0
0D5DF594CA1C2C87,2024-02-10,2024-02-10 09:39:45,AXIOM_PARTNERS_138,ZENITH_FUND_187,374.94,USD,VG,LI,normal,1975.0,0
0D5F5F04C978777B,2024-03-19,2024-03-19 03:26:54,CORONA_CLEARING_036,OMEGA_FIN_073,2983.64,SGD,MT,PA,normal,8246.0,0
0D674E389BB7586,2024-04-10,2024-04-10 22:06:32,AXIOM_PARTNERS_138,PRIME_HOLDINGS_139,8730.41,HKD,US,AE,structuring,133.0,0
0D68267F9DE89323,2024-07-07,2024-07-07 15:12:05,CIPHER_CAPITAL_090,MERIDIAN_CAPITAL_020,2367.98,USD,PA,AE,velocity_burst,14.0,1
0D9394A19A3608F6,2024-06-17,2024-06-17 23:38:13,ATLAS_BANCORP_142,AXIOM_PARTNERS_098,5737.81,SGD,MT,MT,velocity_burst,5453.0,0
0D9D58C0AA407977,2024-06-23,2024-06-23 19:57:31,MERIDIAN_CAPITAL_160,OMEGA_FIN_093,4523.86,USD,LI,US,circular_flow,400.0,0
0DA3648ED68DB01,2024-05-31,2024-05-31 01:36:50,ZENITH_FUND_007,NEXUS_TRUST_131,11700.45,SGD,US,AU,velocity_burst,14.0,1
0DA393A515889F3C,2024-04-09,2024-04-09 19:46:43,VORTEX_CREDIT_184,ECLIPSE_HOLDINGS_109,1849.42,SGD,AU,KY,normal,1924.0,0
0DADB30B7722A217,2024-02-10,2024-02-10 05:24:48,ZENITH_FUND_187,PRIME_HOLDINGS_019,10040.62,USD,AU,LI,velocity_burst,51.0,1
0DC77CE8B44C0EDA,2024-01-26,2024-01-26 12:07:16,ECLIPSE_HOLDINGS_069,PRIME_HOLDINGS_119,19778.01,USD,FR,LI,circular_flow,1698.0,0
0DC8E00592B8D480,2024-01-31,2024-01-31 06:31:16,ATLAS_BANCORP_162,QUANTUM_CLEARING_166,13749.8,CHF,AE,UK,normal,6503.0,0
0DCD9993C19AD4F5,2024-04-01,2024-04-01 07:29:54,CORONA_CLEARING_016,ATLAS_BANCORP_002,24337.61,EUR,LI,MT,normal,5812.0,0
0DDDDFF743F36390,2024-05-30,2024-05-30 12:24:15,VERTEX_PAYMENTS_155,CIPHER_CAPITAL_150,5373.32,USD,KY,CY,normal,2024.0,0
0DDE38139BA99B0C,2024-03-17,2024-03-17 06:29:10,OBSIDIAN_PARTNERS_088,STRATUS_FUND_117,23533.91,HKD,VG,MT,normal,7340.0,0
0DE7473AB86D8015,2024-01-19,2024-01-19 14:24:49,ECLIPSE_HOLDINGS_089,ZENITH_FUND_027,3286.4,CHF,JP,MT,normal,517.0,0
0DEA22EA9F66DD82,2024-04-04,2024-04-04 19:20:31,STRATUS_FUND_017,ATLAS_BANCORP_122,212822.06,GBP,PA,MT,normal,8857.0,0
0DF690579204074A,2024-01-30,2024-01-30 17:26:10,AXIOM_PARTNERS_038,PRIME_HOLDINGS_119,14594.14,USD,LI,UK,normal,9098.0,0
0E2346C789807DBA,2024-02-08,2024-02-08 14:56:06,SOLARIS_FIN_083,CORONA_CLEARING_196,2384.83,HKD,LI,US,normal,2030.0,0
0E2E2C95DB4D5B46,2024-01-02,2024-01-02 18:33:01,OMEGA_FIN_193,MERIDIAN_CAPITAL_100,5776.3,EUR,SG,MT,normal,3657.0,0
0E346B94E624CAF8,2024-04-22,2024-04-22 02:18:14,OBSIDIAN_PARTNERS_108,NOVA_TRUST_121,9936.54,USD,US,MT,structuring,19.0,1
0E495A8F9D1CC2F6,2024-05-31,2024-05-31 18:28:22,ECLIPSE_HOLDINGS_049,CIPHER_CAPITAL_050,144900.08,USD,JP,CY,normal,3911.0,0
0E52242021E69F43,2024-01-17,2024-01-17 16:00:05,MERIDIAN_CAPITAL_000,DELTA_BANCORP_092,4319.89,SGD,DE,SG,normal,72.0,0
0E673A6B2E718FF7,2024-03-14,2024-03-14 23:48:53,ZENITH_FUND_147,VORTEX_CREDIT_044,8087.73,USD,UK,VG,velocity_burst,104.0,1
0E7B6F205E8263A8,2024-01-26,2024-01-26 03:50:04,CORONA_CLEARING_156,ATLAS_BANCORP_122,5075.21,GBP,VG,MT,velocity_burst,32.0,1
0E80A0F753921416,2024-03-09,2024-03-09 08:12:47,AXIOM_PARTNERS_138,PRIME_HOLDINGS_099,42004.47,AED,MT,SG,normal,12893.0,0
0EB1714D123F7A50,2024-06-23,2024-06-23 23:41:36,HELIX_PAYMENTS_005,OMEGA_FIN_113,2548.59,HKD,CY,US,normal,1498.0,0
0EB63BD0D9052EED,2024-05-18,2024-05-18 18:26:12,STRATUS_FUND_157,ATLAS_BANCORP_102,448770.16,CHF,MT,AE,layering,329.0,0
0EC134F983E362F5,2024-06-28,2024-06-28 04:25:56,NEXUS_TRUST_031,APEX_CREDIT_054,570.4,EUR,UK,FR,velocity_burst,16.0,1
0ED4BB081540D8BB,2024-02-18,2024-02-18 06:22:09,DELTA_BANCORP_072,ZENITH_FUND_027,10961.15,AED,KY,DE,velocity_burst,25.0,1
0EDE03C0164BCEB5,2024-02-10,2024-02-10 05:20:55,ZENITH_FUND_187,ECLIPSE_HOLDINGS_089,6691.01,SGD,DE,SG,velocity_burst,6.0,0
0EED0CB1A1E12225,2024-04-01,2024-04-01 12:54:33,ZENITH_FUND_007,OBSIDIAN_PARTNERS_028,10247.07,GBP,VG,KY,velocity_burst,17.0,0
0F0B6B6AD0DF3D01,2024-05-06,2024-05-06 04:36:06,VERTEX_PAYMENTS_075,OMEGA_FIN_153,317.28,AED,VG,FR,normal,6112.0,0
0F188EE289F66CAF,2024-06-20,2024-06-20 09:18:32,OBSIDIAN_PARTNERS_048,CIPHER_CAPITAL_030,2966.67,CHF,FR,UK,normal,7218.0,0
0F19093D3CFF52B8,2024-01-10,2024-01-10 22:06:55,OMEGA_FIN_153,ATLAS_BANCORP_122,43474.15,GBP,PA,DE,normal,1132.0,0
0F37FBA2E001CD8E,2024-03-02,2024-03-02 07:41:14,DELTA_BANCORP_092,VORTEX_CREDIT_104,2330.58,SGD,US,KY,normal,1982.0,0
0F3CB6F7FF4D4ABE,2024-04-23,2024-04-23 16:18:04,CORONA_CLEARING_156,NOVA_TRUST_021,14295.93,GBP,AU,VG,velocity_burst,19.0,0
0F5087EA8AA1D8F1,2024-05-19,2024-05-19 02:02:36,APEX_CREDIT_174,ZENITH_FUND_067,86030.56,GBP,VG,MT,layering,1071.0,0
0F581506B5441BE0,2024-03-09,2024-03-09 19:31:29,MERIDIAN_CAPITAL_100,CORONA_CLEARING_116,4767.22,USD,LI,JP,normal,300.0,0
0F64ECF3EB7C3945,2024-03-31,2024-03-31 08:12:53,HELIX_PAYMENTS_065,VORTEX_CREDIT_184,6835.93,GBP,DE,CY,velocity_burst,18.0,1
0F782A76739442F9,2024-04-09,2024-04-09 14:53:58,ECLIPSE_HOLDINGS_149,AXIOM_PARTNERS_178,11348.81,USD,SG,LI,normal,3083.0,0
0F7E612FFF7849B4,2024-05-02,2024-05-02 04:02:43,CIPHER_CAPITAL_090,ATLAS_BANCORP_162,13292.33,CHF,SG,DE,velocity_burst,6.0,1
0F847687F5B04C1B,2024-01-26,2024-01-26 20:12:43,DELTA_BANCORP_072,QUANTUM_CLEARING_026,11471.36,USD,JP,UK,normal,4723.0,0
0FA9B4A946AC6AD0,2024-02-17,2024-02-17 10:08:37,ECLIPSE_HOLDINGS_169,STRATUS_FUND_157,9082.25,EUR,FR,KY,structuring,113.0,0
0FABCB2D43B24978,2024-05-02,2024-05-02 00:14:06,OBSIDIAN_PARTNERS_048,VORTEX_CREDIT_104,112278.8,GBP,KY,UK,normal,4522.0,0
0FB4D0F787010A4A,2024-03-23,2024-03-23 05:36:16,AXIOM_PARTNERS_118,CORONA_CLEARING_016,23182.33,SGD,US,SG,normal,1562.0,0
0FC03A27410380A7,2024-03-19,2024-03-19 07:21:41,DELTA_BANCORP_092,APEX_CREDIT_034,7622.47,SGD,AU,LI,normal,6104.0,0
0FCE6CD3C25DD78C,2024-04-27,2024-04-27 09:04:36,PRIME_HOLDINGS_019,PRIME_HOLDINGS_059,73675.49,EUR,CY,MT,normal,1212.0,0
0FDB3C031669715A,2024-04-22,2024-04-22 16:38:12,PRIME_HOLDINGS_139,OMEGA_FIN_073,8117.94,AED,KY,MT,normal,4199.0,0
0FDD05094C9A9201,2024-01-22,2024-01-22 06:39:45,ECLIPSE_HOLDINGS_069,CORONA_CLEARING_016,14461.77,GBP,VG,DE,velocity_burst,1.0,0
0FE85A83A0CBFCE,2024-01-05,2024-01-05 07:26:51,AXIOM_PARTNERS_018,VERTEX_PAYMENTS_095,15721.36,AED,AU,PA,normal,19626.0,0
101B3E2F11AD2806,2024-06-08,2024-06-08 10:49:24,AXIOM_PARTNERS_058,MERIDIAN_CAPITAL_020,2158.25,SGD,SG,VG,normal,4245.0,0
101C2E6BC95074CE,2024-01-08,2024-01-08 17:15:23,OMEGA_FIN_073,QUANTUM_CLEARING_126,1245.27,EUR,CY,VG,normal,3125.0,0
102CDAD92B43ECCD,2024-05-20,2024-05-20 20:30:03,NEXUS_TRUST_111,PRIME_HOLDINGS_099,9631.26,USD,FR,CY,structuring,81.0,0
1038E2497C830E74,2024-02-18,2024-02-18 05:13:15,HELIX_PAYMENTS_005,OBSIDIAN_PARTNERS_108,2723.82,HKD,PA,DE,normal,8850.0,0
103E45863EA2B29F,2024-04-01,2024-04-01 22:34:48,MERIDIAN_CAPITAL_060,AXIOM_PARTNERS_098,9458.7,SGD,UK,AU,structuring,28.0,1
105208A638F712B8,2024-01-29,2024-01-29 00:14:46,APEX_CREDIT_094,VORTEX_CREDIT_064,817.5,EUR,UK,UK,normal,1162.0,0
105B4DC480DE09AF,2024-03-02,2024-03-02 13:46:54,MERIDIAN_CAPITAL_100,AXIOM_PARTNERS_078,10755.6,HKD,VG,KY,velocity_burst,22.0,1
107C3DCF35BE1430,2024-05-01,2024-05-01 18:40:00,OBSIDIAN_PARTNERS_048,ZENITH_FUND_107,1190.96,EUR,UK,US,normal,2770.0,0
1084BB23C66922FB,2024-05-31,2024-05-31 01:40:42,ZENITH_FUND_007,SOLARIS_FIN_143,3672.63,AED,KY,PA,velocity_burst,119.0,1
108B65B1CB2C311,2024-03-22,2024-03-22 19:29:23,NOVA_TRUST_181,CORONA_CLEARING_116,7569.42,USD,FR,JP,velocity_burst,3.0,0
10BC055D65D5410A,2024-03-19,2024-03-19 12:32:58,QUANTUM_CLEARING_026,PRIME_HOLDINGS_139,7197.86,AED,FR,DE,normal,1748.0,0
10C66B4416D03980,2024-02-27,2024-02-27 11:51:16,NOVA_TRUST_061,SOLARIS_FIN_003,17443.18,GBP,AU,LI,normal,2209.0,0
10EBEE8556AD5376,2024-06-14,2024-06-14 09:57:40,ATLAS_BANCORP_002,NEXUS_TRUST_071,9207.03,HKD,AE,VG,normal,3463.0,0
10EE7F91D85B3351,2024-07-07,2024-07-07 15:13:11,CIPHER_CAPITAL_090,DELTA_BANCORP_012,3410.5,HKD,CY,SG,velocity_burst,66.0,1
10F587678CBDC54E,2024-05-05,2024-05-05 02:10:17,PRIME_HOLDINGS_099,HELIX_PAYMENTS_125,129290.99,GBP,US,LI,normal,803.0,0
1110CC3093702F1D,2024-05-29,2024-05-29 08:38:07,HELIX_PAYMENTS_085,SOLARIS_FIN_003,8315.45,SGD,DE,PA,velocity_burst,2.0,0
1120E500BBBEAA2C,2024-05-10,2024-05-10 13:38:46,PRIME_HOLDINGS_019,OBSIDIAN_PARTNERS_108,7463.69,AED,JP,LI,velocity_burst,50.0,1
112F3E1B5117010D,2024-02-06,2024-02-06 05:31:55,AXIOM_PARTNERS_178,PRIME_HOLDINGS_059,11311.99,EUR,JP,DE,velocity_burst,22.0,0
113E25B1217D9372,2024-04-23,2024-04-23 12:01:22,ZENITH_FUND_107,NOVA_TRUST_021,313.7,CHF,DE,FR,normal,6977.0,0
1145E87EB2535392,2024-04-08,2024-04-08 17:07:39,MERIDIAN_CAPITAL_020,QUANTUM_CLEARING_166,8963.8,AED,SG,FR,structuring,162.0,1
114B2E8465F6BF09,2024-02-25,2024-02-25 18:38:39,PRIME_HOLDINGS_119,PRIME_HOLDINGS_079,52522.49,USD,MT,JP,normal,3883.0,0
1150D36AEF45713E,2024-01-12,2024-01-12 17:37:33,DELTA_BANCORP_072,CORONA_CLEARING_136,3346.57,HKD,JP,LI,normal,570.0,0
115145994ED59820,2024-02-10,2024-02-10 21:23:27,VERTEX_PAYMENTS_195,NOVA_TRUST_081,8831.78,HKD,JP,AU,structuring,5870.0,0
1163FA75526FDA7,2024-04-21,2024-04-21 10:03:19,CORONA_CLEARING_096,ECLIPSE_HOLDINGS_049,9801.65,CHF,VG,AU,velocity_burst,24.0,1
1176AEF4CF773E4,2024-04-25,2024-04-25 17:05:29,AXIOM_PARTNERS_058,OMEGA_FIN_153,12059.78,CHF,SG,SG,velocity_burst,6.0,0
1187862615253ABD,2024-01-16,2024-01-16 01:14:36,ATLAS_BANCORP_162,ECLIPSE_HOLDINGS_049,100695.92,HKD,AE,PA,layering,2289.0,0
118C5546D42E6157,2024-04-16,2024-04-16 12:22:42,AXIOM_PARTNERS_058,QUANTUM_CLEARING_186,59653.18,HKD,VG,PA,circular_flow,448.0,0
11B1992DDC0E8A93,2024-01-16,2024-01-16 00:36:27,AXIOM_PARTNERS_118,MERIDIAN_CAPITAL_080,123628.17,USD,VG,PA,layering,16.0,0
11BB5D5E55519E90,2024-05-20,2024-05-20 16:13:43,CORONA_CLEARING_056,ZENITH_FUND_127,592384.15,AED,MT,AE,normal,1412.0,0
11C05971A6EB69DE,2024-03-24,2024-03-24 14:07:44,NOVA_TRUST_101,DELTA_BANCORP_092,327035.24,GBP,DE,KY,layering,1540.0,0
11CD138ED1C61CAB,2024-04-22,2024-04-22 21:01:39,PRIME_HOLDINGS_159,QUANTUM_CLEARING_006,5304.13,CHF,DE,DE,normal,15807.0,0
11DF64951A8BF920,2024-06-23,2024-06-23 10:48:43,ECLIPSE_HOLDINGS_149,SOLARIS_FIN_103,819.82,CHF,AE,SG,normal,2186.0,0
1213911C54869BDD,2024-03-08,2024-03-08 00:56:29,VORTEX_CREDIT_044,CIPHER_CAPITAL_170,12016.97,EUR,AE,LI,velocity_burst,19.0,1
1214CA5AFFD236E4,2024-02-22,2024-02-22 08:25:49,HELIX_PAYMENTS_005,AXIOM_PARTNERS_178,4057.63,CHF,FR,UK,velocity_burst,10.0,0
121E6436B42006C9,2024-02-11,2024-02-11 21:11:16,NOVA_TRUST_121,HELIX_PAYMENTS_125,8884.56,SGD,DE,PA,structuring,78.0,1
1224BE6E34DAE5F2,2024-06-27,2024-06-27 10:44:56,NEXUS_TRUST_111,MERIDIAN_CAPITAL_080,6664.54,SGD,KY,CY,normal,9910.0,0
12274CF13B1F376C,2024-01-10,2024-01-10 06:38:55,STRATUS_FUND_057,QUANTUM_CLEARING_026,9870.98,EUR,CY,PA,structuring,3.0,0
12358B966B4127CA,2024-01-11,2024-01-11 07:12:11,VORTEX_CREDIT_084,OMEGA_FIN_193,1508.21,SGD,AE,FR,normal,18847.0,0
124BC3957F3C89C3,2024-07-02,2024-07-02 14:40:52,AXIOM_PARTNERS_018,ECLIPSE_HOLDINGS_129,8449.3,EUR,AE,AU,normal,1594.0,0
1250F9109D6931D0,2024-04-10,2024-04-10 09:16:18,HELIX_PAYMENTS_065,SOLARIS_FIN_143,872.37,GBP,AE,PA,normal,1897.0,0
1272CABE4C928FF1,2024-01-16,2024-01-16 05:51:56,DELTA_BANCORP_052,VERTEX_PAYMENTS_035,9074.01,EUR,US,VG,structuring,301.0,0
1276984BE2960649,2024-04-03,2024-04-03 16:34:54,PRIME_HOLDINGS_199,SOLARIS_FIN_083,9364.62,CHF,VG,JP,structuring,86.0,1
1289A13BDD2C43A1,2024-06-15,2024-06-15 10:16:37,ATLAS_BANCORP_182,AXIOM_PARTNERS_138,12269.12,AED,FR,MT,velocity_burst,28.0,0
1295BEB7EEDE90BD,2024-04-10,2024-04-10 07:51:36,OMEGA_FIN_193,ECLIPSE_HOLDINGS_169,7656.14,HKD,AE,PA,velocity_burst,10.0,1
129B99C88CF77DB8,2024-04-11,2024-04-11 05:22:40,CORONA_CLEARING_196,SOLARIS_FIN_023,9915.39,SGD,JP,VG,structuring,420.0,1
12B04DF11E8DA082,2024-04-10,2024-04-10 05:14:07,CIPHER_CAPITAL_030,PRIME_HOLDINGS_139,50535.71,CHF,MT,FR,normal,10240.0,0
12B775219848E61,2024-02-17,2024-02-17 05:13:05,CORONA_CLEARING_096,CIPHER_CAPITAL_030,20541.62,USD,AE,JP,normal,7142.0,0
12BBF10BC87FD0DC,2024-01-22,2024-01-22 06:46:52,ECLIPSE_HOLDINGS_069,CORONA_CLEARING_136,11959.36,HKD,UK,SG,velocity_burst,123.0,1
12C010593D0A0216,2024-03-05,2024-03-05 04:26:37,VORTEX_CREDIT_144,NEXUS_TRUST_091,1421.73,CHF,UK,FR,normal,1342.0,0
12CB558D77CCC81A,2024-02-11,2024-02-11 21:03:49,NOVA_TRUST_121,MERIDIAN_CAPITAL_120,8290.35,SGD,US,JP,structuring,33.0,0
12D65B4D38EE33FB,2024-03-06,2024-03-06 00:27:18,CIPHER_CAPITAL_090,SOLARIS_FIN_023,213.29,USD,LI,FR,normal,6990.0,0
12E5F97650767061,2024-03-05,2024-03-05 03:58:42,PRIME_HOLDINGS_139,OBSIDIAN_PARTNERS_108,7427.97,HKD,VG,SG,velocity_burst,27.0,1
12FB67369A041A30,2024-03-31,2024-03-31 18:23:24,NEXUS_TRUST_031,HELIX_PAYMENTS_185,22349.33,USD,DE,US,normal,8460.0,0
13194497CD4220AD,2024-04-12,2024-04-12 00:18:33,MERIDIAN_CAPITAL_120,APEX_CREDIT_034,38829.79,HKD,SG,VG,normal,4180.0,0
134619C3F1C43196,2024-06-17,2024-06-17 08:11:23,QUANTUM_CLEARING_126,ATLAS_BANCORP_122,708.25,USD,FR,LI,normal,3452.0,0
134D1144EE1A20BA,2024-03-17,2024-03-17 03:28:40,PRIME_HOLDINGS_079,OBSIDIAN_PARTNERS_088,9624.81,CHF,AE,LI,velocity_burst,30.0,1
13597FE61D9F7377,2024-02-18,2024-02-18 06:20:00,DELTA_BANCORP_072,VORTEX_CREDIT_064,14093.38,USD,US,VG,velocity_burst,4.0,0
135CEC9B4E43C468,2024-04-01,2024-04-01 09:30:54,QUANTUM_CLEARING_166,VORTEX_CREDIT_164,9863.63,USD,DE,AU,structuring,88.0,0
136E1B3F6C10C91F,2024-02-22,2024-02-22 12:38:24,OBSIDIAN_PARTNERS_068,VORTEX_CREDIT_184,28901.16,CHF,AU,VG,normal,353.0,0
137C911281322B77,2024-06-07,2024-06-07 16:29:43,SOLARIS_FIN_103,QUANTUM_CLEARING_146,2328.17,CHF,PA,DE,normal,4711.0,0
13872F6DDEDB2FB2,2024-05-28,2024-05-28 21:25:10,HELIX_PAYMENTS_065,DELTA_BANCORP_092,53003.52,GBP,LI,FR,normal,2622.0,0
13963DBF316A69E8,2024-04-03,2024-04-03 22:34:53,VERTEX_PAYMENTS_075,HELIX_PAYMENTS_145,6500.6,SGD,UK,KY,normal,1313.0,0
13ACAEBC8DC3EC7,2024-02-09,2024-02-09 08:50:56,MERIDIAN_CAPITAL_040,ZENITH_FUND_027,418785.22,GBP,KY,VG,layering,1063.0,0
13B043ACC60C750C,2024-02-15,2024-02-15 04:52:14,SOLARIS_FIN_123,STRATUS_FUND_137,46309.46,USD,AE,MT,normal,1777.0,0
13B5787DFBB0CBED,2024-02-21,2024-02-21 16:45:26,NEXUS_TRUST_091,NEXUS_TRUST_071,6502.77,SGD,MT,VG,normal,1359.0,0
13BA8294EBCA2E71,2024-05-11,2024-05-11 14:33:01,PRIME_HOLDINGS_099,MERIDIAN_CAPITAL_040,2373.8,SGD,LI,MT,normal,17211.0,0
13BCCDCCC42002FA,2024-03-30,2024-03-30 03:14:08,OMEGA_FIN_093,MERIDIAN_CAPITAL_100,628082.09,EUR,SG,LI,normal,2709.0,0
13C2B3047DF13669,2024-03-27,2024-03-27 19:26:16,SOLARIS_FIN_063,VERTEX_PAYMENTS_135,1449.99,GBP,DE,SG,normal,3816.0,0
13C68BB471DF19F2,2024-01-02,2024-01-02 13:36:54,NOVA_TRUST_181,OMEGA_FIN_113,10238.95,CHF,SG,FR,velocity_burst,18.0,0
13C7B4E1CBB9AFFF,2024-01-07,2024-01-07 00:23:02,OBSIDIAN_PARTNERS_128,ATLAS_BANCORP_082,26152.27,HKD,AU,CY,normal,7098.0,0
13D6659D4D303825,2024-04-13,2024-04-13 22:08:52,STRATUS_FUND_037,QUANTUM_CLEARING_046,540.48,AED,AE,FR,normal,5651.0,0
13E84A94E60618DE,2024-03-05,2024-03-05 03:58:14,PRIME_HOLDINGS_139,NEXUS_TRUST_171,14704.52,HKD,FR,CY,velocity_burst,9.0,0
140356833121F804,2024-02-26,2024-02-26 08:56:06,HELIX_PAYMENTS_025,PRIME_HOLDINGS_059,31874.94,HKD,PA,PA,normal,680.0,0
14042CA386B98236,2024-05-19,2024-05-19 19:48:18,ECLIPSE_HOLDINGS_169,VERTEX_PAYMENTS_115,1917.2,GBP,CY,AE,velocity_burst,2675.0,0
1408251A12135B6D,2024-05-14,2024-05-14 02:24:15,ATLAS_BANCORP_122,OBSIDIAN_PARTNERS_068,9182.17,EUR,AE,LI,structuring,232.0,1
1410C359B88B9578,2024-04-18,2024-04-18 03:22:57,DELTA_BANCORP_072,ECLIPSE_HOLDINGS_109,586.26,HKD,VG,DE,velocity_burst,53.0,1
141D83E862C71609,2024-05-28,2024-05-28 07:56:56,PRIME_HOLDINGS_159,PRIME_HOLDINGS_039,7107.41,USD,VG,DE,normal,200.0,0
143DBF0344CB6B4E,2024-02-24,2024-02-24 15:40:17,PRIME_HOLDINGS_019,OMEGA_FIN_113,1191.6,HKD,AE,VG,normal,11354.0,0
1448A55C66274047,2024-02-04,2024-02-04 08:04:13,STRATUS_FUND_137,ZENITH_FUND_127,45007.5,SGD,DE,AU,normal,1601.0,0
145F13298D4A9E0A,2024-07-04,2024-07-04 13:10:11,STRATUS_FUND_037,HELIX_PAYMENTS_005,87851.62,HKD,MT,MT,normal,270.0,0
1466A83410478BBC,2024-01-22,2024-01-22 23:04:30,OBSIDIAN_PARTNERS_008,NEXUS_TRUST_011,273454.55,USD,PA,US,layering,135.0,0
14683D7EF02ABCCF,2024-03-29,2024-03-29 03:26:39,ATLAS_BANCORP_062,VORTEX_CREDIT_144,3706.37,USD,JP,CY,normal,3690.0,0
147A66649C2A6C13,2024-04-24,2024-04-24 07:14:26,HELIX_PAYMENTS_145,AXIOM_PARTNERS_198,12914.69,SGD,US,UK,velocity_burst,15.0,0
147C272F580ECE00,2024-01-12,2024-01-12 22:57:12,SOLARIS_FIN_003,CIPHER_CAPITAL_010,29870.62,AED,SG,LI,normal,5197.0,0
148D40622C00D22A,2024-02-18,2024-02-18 09:04:07,STRATUS_FUND_017,ZENITH_FUND_127,1952.0,EUR,FR,VG,normal,4945.0,0
148FA952E6D4ED77,2024-01-05,2024-01-05 22:23:38,VERTEX_PAYMENTS_195,SOLARIS_FIN_043,21290.75,GBP,MT,VG,circular_flow,122.0,0
149772026FD0BAA1,2024-01-27,2024-01-27 19:19:43,ATLAS_BANCORP_182,NOVA_TRUST_081,48076.57,AED,US,PA,layering,279.0,0
14A18E7FE69D1DDA,2024-07-03,2024-07-03 21:07:16,STRATUS_FUND_117,APEX_CREDIT_034,8842.7,EUR,DE,UK,structuring,1494.0,0
14D0F5857684D831,2024-07-03,2024-07-03 21:11:47,STRATUS_FUND_117,NOVA_TRUST_121,8526.5,EUR,UK,CY,structuring,1.0,0
1505ADE4C75733C4,2024-03-04,2024-03-04 22:34:54,SOLARIS_FIN_083,AXIOM_PARTNERS_118,9469.02,USD,KY,UK,normal,5538.0,0
152852302F4BE721,2024-03-02,2024-03-02 23:30:33,OBSIDIAN_PARTNERS_088,OMEGA_FIN_053,5516.25,CHF,MT,AU,velocity_burst,51.0,1
153692111048DB6A,2024-05-10,2024-05-10 13:39:17,PRIME_HOLDINGS_019,ATLAS_BANCORP_142,1719.46,SGD,DE,US,velocity_burst,31.0,1
153EE80D54685BB6,2024-04-15,2024-04-15 23:06:32,CIPHER_CAPITAL_110,APEX_CREDIT_034,26990.82,CHF,JP,PA,normal,14984.0,0
1549307C83216CA,2024-04-10,2024-04-10 14:33:46,ECLIPSE_HOLDINGS_029,DELTA_BANCORP_132,744.24,CHF,UK,DE,normal,15216.0,0
154DF7975BAD3104,2024-06-14,2024-06-14 16:08:12,AXIOM_PARTNERS_058,CIPHER_CAPITAL_010,424.27,USD,SG,PA,normal,3757.0,0
1577137D8D76E185,2024-01-04,2024-01-04 03:34:27,CORONA_CLEARING_196,VORTEX_CREDIT_024,85371.04,USD,UK,PA,circular_flow,314.0,0
15852AD11B59DA61,2024-03-04,2024-03-04 22:37:18,NEXUS_TRUST_151,NOVA_TRUST_161,6589.83,SGD,FR,VG,velocity_burst,2.0,0
1585C0B8C5FDB42C,2024-01-22,2024-01-22 20:02:18,QUANTUM_CLEARING_166,PRIME_HOLDINGS_159,1278.76,AED,PA,MT,velocity_burst,4.0,1
158B850EEF8125D5,2024-03-14,2024-03-14 00:02:34,OMEGA_FIN_073,OMEGA_FIN_113,9465.88,AED,FR,VG,structuring,160.0,1
158BA30EB703D6FD,2024-04-15,2024-04-15 04:37:33,NEXUS_TRUST_191,ECLIPSE_HOLDINGS_129,66793.09,SGD,CY,VG,normal,1378.0,0
1591CD1C401EDC8A,2024-03-29,2024-03-29 08:40:08,ATLAS_BANCORP_062,STRATUS_FUND_017,8449.71,EUR,SG,DE,structuring,12170.0,0
1594DA55F08FDF32,2024-06-13,2024-06-13 22:15:10,HELIX_PAYMENTS_105,CORONA_CLEARING_116,241095.25,CHF,PA,VG,layering,415.0,0
15A49368674756C1,2024-04-27,2024-04-27 13:01:06,ATLAS_BANCORP_042,ZENITH_FUND_067,2788.19,USD,KY,DE,normal,6462.0,0
15A7F0B939566DE7,2024-06-24,2024-06-24 17:08:03,HELIX_PAYMENTS_045,HELIX_PAYMENTS_145,14888.24,HKD,UK,MT,velocity_burst,29.0,0
15ACF015F0BCC76F,2024-03-27,2024-03-27 19:41:20,VORTEX_CREDIT_044,MERIDIAN_CAPITAL_000,4675.38,EUR,SG,FR,normal,904.0,0
15B7EE417ABB6465,2024-01-17,2024-01-17 11:12:18,QUANTUM_CLEARING_186,MERIDIAN_CAPITAL_120,11271.36,EUR,DE,LI,normal,4746.0,0
15B9D83A8273F29D,2024-03-31,2024-03-31 08:12:35,HELIX_PAYMENTS_065,DELTA_BANCORP_172,14647.86,HKD,DE,JP,velocity_burst,6.0,1
15D1167676A5EFD0,2024-01-28,2024-01-28 09:09:05,NOVA_TRUST_181,HELIX_PAYMENTS_165,46506.75,CHF,SG,SG,normal,593.0,0
15D5FF12195509C5,2024-01-31,2024-01-31 20:09:38,PRIME_HOLDINGS_039,SOLARIS_FIN_003,49130.44,HKD,LI,LI,normal,389.0,0
15D6843AF5425052,2024-02-11,2024-02-11 05:25:06,OBSIDIAN_PARTNERS_148,ECLIPSE_HOLDINGS_129,333903.89,CHF,VG,AE,layering,700.0,0
15DB3511300E6E7D,2024-02-26,2024-02-26 03:02:04,AXIOM_PARTNERS_038,ECLIPSE_HOLDINGS_009,4108.66,AED,AE,MT,velocity_burst,27.0,1
15DF306C32F789B8,2024-06-28,2024-06-28 04:24:44,NEXUS_TRUST_031,VORTEX_CREDIT_044,8595.63,SGD,UK,CY,velocity_burst,6549.0,0
15E0C45ABFABB382,2024-04-22,2024-04-22 02:12:09,OBSIDIAN_PARTNERS_108,OMEGA_FIN_053,9523.31,SGD,CY,KY,structuring,8.0,0
15EB478D5FB709FF,2024-06-09,2024-06-09 06:29:40,AXIOM_PARTNERS_178,OBSIDIAN_PARTNERS_028,2384.93,SGD,PA,MT,normal,1969.0,0
15F0A8ECD027393A,2024-06-18,2024-06-18 15:18:59,SOLARIS_FIN_123,OBSIDIAN_PARTNERS_048,7449.0,GBP,MT,KY,velocity_burst,5.0,0
15F6EB7A1A962839,2024-03-05,2024-03-05 08:52:29,ATLAS_BANCORP_162,ATLAS_BANCORP_102,982.5,CHF,US,UK,normal,2025.0,0
15FBF9B688D3AE85,2024-05-20,2024-05-20 02:27:19,ECLIPSE_HOLDINGS_109,CIPHER_CAPITAL_090,234015.42,GBP,PA,MT,layering,2457.0,0
1604075267266E1B,2024-01-07,2024-01-07 12:15:00,NEXUS_TRUST_011,VERTEX_PAYMENTS_155,81369.37,CHF,SG,LI,normal,5298.0,0
16092A40EB6DBD64,2024-04-10,2024-04-10 02:00:46,DELTA_BANCORP_192,DELTA_BANCORP_132,37417.29,SGD,PA,DE,normal,2144.0,0
16135C43163B7D00,2024-03-08,2024-03-08 02:09:32,ZENITH_FUND_047,DELTA_BANCORP_052,53461.87,USD,US,PA,normal,506.0,0
1615017197AFDE0E,2024-05-21,2024-05-21 10:32:27,OBSIDIAN_PARTNERS_008,MERIDIAN_CAPITAL_000,8453.58,GBP,CY,LI,structuring,48.0,1
1620292A11331FCF,2024-01-01,2024-01-01 01:19:01,HELIX_PAYMENTS_105,VERTEX_PAYMENTS_195,8882.2,AED,MT,AU,structuring,77.0,0
162DFC7131E6D67D,2024-01-19,2024-01-19 21:19:39,STRATUS_FUND_077,CIPHER_CAPITAL_150,705.97,CHF,PA,AE,normal,891.0,0
16427C3DCD75EBD2,2024-05-16,2024-05-16 08:51:35,ZENITH_FUND_007,ATLAS_BANCORP_102,35426.36,GBP,PA,US,normal,730.0,0
164A2DB7D9935362,2024-01-05,2024-01-05 10:35:59,OBSIDIAN_PARTNERS_128,VORTEX_CREDIT_004,17606.74,AED,JP,LI,circular_flow,884.0,0
1684CACFA69DE042,2024-01-02,2024-01-02 23:56:39,NEXUS_TRUST_131,CIPHER_CAPITAL_010,136452.62,EUR,UK,US,normal,1364.0,0
16865CDE47264509,2024-04-01,2024-04-01 04:03:37,MERIDIAN_CAPITAL_160,PRIME_HOLDINGS_079,8392.63,EUR,DE,AU,structuring,144.0,0
169D8104D3566480,2024-04-01,2024-04-01 02:02:31,OMEGA_FIN_073,VERTEX_PAYMENTS_155,1335.93,EUR,KY,US,normal,5065.0,0
16A44A55497AFD22,2024-05-28,2024-05-28 07:53:36,ECLIPSE_HOLDINGS_049,CORONA_CLEARING_116,322023.84,HKD,LI,MT,high_risk_jx,32208.0,0
16AD42365F67F1BF,2024-03-18,2024-03-18 06:25:54,APEX_CREDIT_014,CORONA_CLEARING_176,8089.39,GBP,FR,AU,structuring,287.0,0
16AF468FDF7312EE,2024-03-05,2024-03-05 09:47:27,NOVA_TRUST_141,OBSIDIAN_PARTNERS_048,1025046.24,HKD,FR,AU,normal,79.0,0
16B2803D753C5D2,2024-05-02,2024-05-02 16:29:54,ATLAS_BANCORP_122,SOLARIS_FIN_043,21552.99,EUR,DE,VG,normal,34156.0,0
16C044C2E19424F3,2024-05-15,2024-05-15 19:24:24,VERTEX_PAYMENTS_075,OBSIDIAN_PARTNERS_008,1645.35,GBP,SG,SG,normal,2354.0,0
16C7D5CC7ED65207,2024-04-19,2024-04-19 09:57:07,ZENITH_FUND_047,OBSIDIAN_PARTNERS_008,5691.85,EUR,LI,SG,circular_flow,8002.0,0
16C80785184E9D2A,2024-01-28,2024-01-28 23:55:24,ECLIPSE_HOLDINGS_149,ATLAS_BANCORP_182,8617.26,GBP,US,DE,structuring,356.0,1
16D582CE55EE38B,2024-02-27,2024-02-27 11:54:16,AXIOM_PARTNERS_078,NEXUS_TRUST_131,1681.63,HKD,AE,MT,normal,180.0,0
16F4D10EF886FF0,2024-06-13,2024-06-13 16:38:45,QUANTUM_CLEARING_186,PRIME_HOLDINGS_039,728.84,USD,MT,KY,normal,2193.0,0
1722622CC8378EA0,2024-01-09,2024-01-09 14:01:53,NOVA_TRUST_021,ECLIPSE_HOLDINGS_069,9287.07,HKD,LI,UK,structuring,7207.0,0
1722C19E8998953D,2024-05-05,2024-05-05 16:36:04,VERTEX_PAYMENTS_035,SOLARIS_FIN_063,8177.12,GBP,CY,VG,structuring,80.0,1
1730A19DA933553D,2024-06-26,2024-06-26 15:49:15,SOLARIS_FIN_023,PRIME_HOLDINGS_039,391196.15,USD,VG,PA,layering,2498.0,0
1750B7DADFB82F19,2024-04-23,2024-04-23 16:19:08,CORONA_CLEARING_156,OBSIDIAN_PARTNERS_148,8121.84,AED,MT,JP,velocity_burst,3.0,0
177182A3615A9685,2024-04-14,2024-04-14 16:21:22,QUANTUM_CLEARING_106,CORONA_CLEARING_036,8097.31,GBP,DE,KY,structuring,304.0,1
178C110BDF93800F,2024-02-14,2024-02-14 12:58:29,SOLARIS_FIN_163,MERIDIAN_CAPITAL_120,9157.26,HKD,US,VG,velocity_burst,2.0,0
1792B96DA1743B87,2024-01-31,2024-01-31 00:21:53,MERIDIAN_CAPITAL_100,VORTEX_CREDIT_044,9846.63,GBP,JP,VG,structuring,969.0,0
17A788962B93D15A,2024-06-28,2024-06-28 04:25:08,NEXUS_TRUST_031,OBSIDIAN_PARTNERS_168,7526.22,GBP,LI,DE,velocity_burst,4.0,0
17ADD568C0BC19DA,2024-06-14,2024-06-14 20:43:16,DELTA_BANCORP_072,STRATUS_FUND_037,39618.93,USD,SG,AU,circular_flow,36.0,0
17B911F9208CA404,2024-06-21,2024-06-21 19:46:01,CORONA_CLEARING_136,NEXUS_TRUST_111,33142.08,AED,LI,UK,normal,441.0,0
17BA4ECC9813058D,2024-01-22,2024-01-22 20:13:11,AXIOM_PARTNERS_038,NOVA_TRUST_001,389200.71,CHF,AE,KY,layering,571.0,0
17D3E7A4990FB3E1,2024-02-28,2024-02-28 05:09:33,VORTEX_CREDIT_004,VERTEX_PAYMENTS_175,22550.04,AED,US,AE,normal,13287.0,0
17D5D63E715B46AF,2024-06-04,2024-06-04 11:30:20,VERTEX_PAYMENTS_175,APEX_CREDIT_194,26677.71,CHF,SG,JP,normal,2803.0,0
180C37378619B458,2024-02-13,2024-02-13 12:20:43,OBSIDIAN_PARTNERS_188,ATLAS_BANCORP_162,2347.68,USD,UK,SG,normal,169.0,0
181BD8D29B31FCC8,2024-05-13,2024-05-13 07:01:04,STRATUS_FUND_117,APEX_CREDIT_114,61694.91,AED,AE,DE,normal,4335.0,0
18281009CB183108,2024-01-22,2024-01-22 20:00:46,QUANTUM_CLEARING_166,SOLARIS_FIN_143,13603.38,USD,DE,AE,velocity_burst,8.0,1
183E15B8FE06D94A,2024-01-17,2024-01-17 15:54:46,VERTEX_PAYMENTS_075,ATLAS_BANCORP_182,8790.37,AED,UK,KY,structuring,83.0,0
183FFAA84483EF7E,2024-02-11,2024-02-11 01:46:49,ATLAS_BANCORP_142,SOLARIS_FIN_143,5809.16,EUR,DE,DE,velocity_burst,8.0,1
18400B847FBEFB3B,2024-05-11,2024-05-11 23:36:26,APEX_CREDIT_034,DELTA_BANCORP_072,33286.28,HKD,PA,VG,normal,1985.0,0
185FC5BC870CC7F2,2024-05-23,2024-05-23 02:26:44,QUANTUM_CLEARING_166,CIPHER_CAPITAL_130,25486.52,USD,UK,AE,normal,553.0,0
1862C554209E4A6A,2024-05-04,2024-05-04 03:37:02,ECLIPSE_HOLDINGS_169,QUANTUM_CLEARING_006,6665.31,GBP,VG,VG,normal,12710.0,0
1864EF34EB40A354,2024-04-29,2024-04-29 10:01:00,HELIX_PAYMENTS_085,SOLARIS_FIN_103,1800.09,AED,KY,SG,normal,7929.0,0
18809A65BAE2F057,2024-03-10,2024-03-10 08:56:00,OBSIDIAN_PARTNERS_008,ATLAS_BANCORP_142,4119.64,SGD,VG,US,normal,495.0,0
1883D9458551F7F8,2024-01-17,2024-01-17 07:07:33,NEXUS_TRUST_131,CORONA_CLEARING_016,50333.74,CHF,UK,FR,normal,7940.0,0
188E24AECF4549A2,2024-03-29,2024-03-29 08:45:12,ATLAS_BANCORP_062,PRIME_HOLDINGS_179,9268.61,AED,JP,SG,structuring,21.0,0
1899204757DD04C6,2024-04-22,2024-04-22 02:12:01,OBSIDIAN_PARTNERS_108,ATLAS_BANCORP_182,8387.98,EUR,MT,UK,structuring,162.0,0
18AD3E5CE2FCDDF2,2024-01-14,2024-01-14 02:28:27,ECLIPSE_HOLDINGS_109,SOLARIS_FIN_123,332.29,CHF,CY,AU,normal,1770.0,0
18B5C59C8787758C,2024-02-05,2024-02-05 16:37:22,DELTA_BANCORP_092,MERIDIAN_CAPITAL_140,120274.9,EUR,UK,FR,normal,2799.0,0
18BA482D3F2A2036,2024-03-14,2024-03-14 23:46:20,ZENITH_FUND_147,OMEGA_FIN_113,2047.24,GBP,UK,FR,velocity_burst,2.0,0
18D97A7A322E20A1,2024-06-14,2024-06-14 23:49:44,STRATUS_FUND_197,ECLIPSE_HOLDINGS_169,9128.41,EUR,KY,KY,structuring,180.0,1
18DAE63FAC7433AA,2024-03-21,2024-03-21 08:20:53,MERIDIAN_CAPITAL_000,CIPHER_CAPITAL_150,3491.2,CHF,AU,MT,normal,2610.0,0
18E2C05E34B0AB92,2024-03-09,2024-03-09 01:49:02,ZENITH_FUND_047,OMEGA_FIN_073,9037.08,CHF,VG,JP,structuring,10.0,1
18E4FB0757CE8A19,2024-04-06,2024-04-06 15:05:01,HELIX_PAYMENTS_045,CORONA_CLEARING_016,3184.51,CHF,VG,DE,velocity_burst,4.0,0
18F4A2A536C11DBD,2024-07-04,2024-07-04 11:46:11,VORTEX_CREDIT_024,NEXUS_TRUST_091,30979.91,SGD,AE,AE,normal,806.0,0
18FA522620C246C9,2024-04-09,2024-04-09 01:23:00,AXIOM_PARTNERS_018,MERIDIAN_CAPITAL_040,10362.25,HKD,JP,MT,velocity_burst,20.0,0
190744A13ECAE4F0,2024-07-07,2024-07-07 15:14:13,CIPHER_CAPITAL_090,HELIX_PAYMENTS_045,6497.53,GBP,KY,AU,velocity_burst,62.0,1
190DC93CDCE4F469,2024-01-13,2024-01-13 23:41:29,DELTA_BANCORP_012,CIPHER_CAPITAL_050,2588.43,SGD,AE,UK,velocity_burst,47.0,0
190E003187851304,2024-03-08,2024-03-08 00:57:15,VORTEX_CREDIT_044,QUANTUM_CLEARING_146,7977.46,GBP,SG,SG,velocity_burst,16.0,1
1914359A921CE846,2024-04-22,2024-04-22 01:46:29,ECLIPSE_HOLDINGS_189,SOLARIS_FIN_143,15994.13,USD,LI,UK,normal,8762.0,0
1915BC6D398F0334,2024-05-22,2024-05-22 05:02:21,DELTA_BANCORP_192,MERIDIAN_CAPITAL_080,897.44,AED,DE,VG,velocity_burst,28.0,0
192F9BBD8231282F,2024-03-05,2024-03-05 14:12:37,ZENITH_FUND_147,CORONA_CLEARING_036,9238.12,CHF,DE,VG,structuring,76.0,0
1967CD268B320423,2024-04-25,2024-04-25 17:05:57,AXIOM_PARTNERS_058,ECLIPSE_HOLDINGS_069,1922.16,AED,JP,LI,velocity_burst,6.0,0
19699621D1174E81,2024-01-26,2024-01-26 09:16:40,CORONA_CLEARING_196,PRIME_HOLDINGS_179,53319.8,HKD,SG,KY,layering,112.0,0
196C3B2344212E3B,2024-05-22,2024-05-22 07:25:54,STRATUS_FUND_097,ECLIPSE_HOLDINGS_129,9677.43,USD,SG,PA,normal,6884.0,0
1980CC7D4F21923C,2024-03-02,2024-03-02 23:28:19,OBSIDIAN_PARTNERS_088,OBSIDIAN_PARTNERS_068,2011.58,CHF,PA,PA,velocity_burst,9.0,0
198B41A57936BAF0,2024-03-16,2024-03-16 05:08:17,ZENITH_FUND_087,SOLARIS_FIN_003,9233.17,USD,JP,FR,structuring,111.0,0
199E44CD68A44224,2024-01-03,2024-01-03 05:52:39,AXIOM_PARTNERS_118,CIPHER_CAPITAL_010,10334.31,HKD,AU,LI,velocity_burst,55.0,0
19B7F30718C20020,2024-07-06,2024-07-06 19:44:51,ECLIPSE_HOLDINGS_189,QUANTUM_CLEARING_186,1517.36,GBP,AU,SG,normal,8317.0,0
19C6BD685B622B98,2024-05-13,2024-05-13 19:15:00,CIPHER_CAPITAL_150,NOVA_TRUST_141,39091.86,SGD,PA,AE,normal,5948.0,0
19C8ABFFF9253F43,2024-01-22,2024-01-22 06:41:07,ECLIPSE_HOLDINGS_069,CIPHER_CAPITAL_010,8069.63,SGD,AE,LI,velocity_burst,5.0,1
19CBB741D57EBFC8,2024-06-05,2024-06-05 23:01:57,QUANTUM_CLEARING_146,CIPHER_CAPITAL_190,152685.29,SGD,LI,SG,normal,2192.0,0
19E3071BCBE2F5E0,2024-01-09,2024-01-09 14:07:07,NOVA_TRUST_021,NOVA_TRUST_041,8439.18,HKD,MT,VG,structuring,36.0,0
19E50DE4C4F553DF,2024-01-22,2024-01-22 06:09:40,PRIME_HOLDINGS_099,HELIX_PAYMENTS_045,2494.29,AED,KY,US,velocity_burst,8.0,0
19E7DA17B93EE9BF,2024-07-06,2024-07-06 16:26:57,CIPHER_CAPITAL_150,HELIX_PAYMENTS_045,4846.17,GBP,DE,VG,velocity_burst,7.0,0
1A0C5EB8D16571D4,2024-06-07,2024-06-07 04:45:25,QUANTUM_CLEARING_186,CORONA_CLEARING_016,2163.83,AED,AU,FR,normal,1446.0,0
1A1FABEBF6535406,2024-02-08,2024-02-08 08:39:30,ECLIPSE_HOLDINGS_169,MERIDIAN_CAPITAL_060,9277.6,EUR,LI,PA,structuring,3730.0,0
1A33672C1D9AA151,2024-06-19,2024-06-19 16:38:07,CORONA_CLEARING_156,PRIME_HOLDINGS_179,227.82,CHF,US,KY,normal,384.0,0
1A68AA682D44EDEF,2024-01-08,2024-01-08 16:23:18,VORTEX_CREDIT_164,VORTEX_CREDIT_044,180872.32,AED,AE,MT,high_risk_jx,8265.0,0
1A68C69FEB670E03,2024-02-14,2024-02-14 15:49:27,NEXUS_TRUST_091,ATLAS_BANCORP_042,11193.37,CHF,AU,CY,velocity_burst,34.0,0
1A7CD6CB1D2E8E3B,2024-04-17,2024-04-17 19:37:24,DELTA_BANCORP_152,ECLIPSE_HOLDINGS_129,48681.36,EUR,US,AU,normal,1002.0,0
1A81001159345EED,2024-02-22,2024-02-22 08:26:51,HELIX_PAYMENTS_005,DELTA_BANCORP_172,9358.95,HKD,PA,AU,velocity_burst,27.0,1
1A8A9727DB5A358F,2024-05-16,2024-05-16 16:18:14,CIPHER_CAPITAL_170,APEX_CREDIT_014,5580.43,AED,SG,SG,normal,3030.0,0
1A9CD48E22AB0B17,2024-06-22,2024-06-22 00:16:33,CORONA_CLEARING_056,OMEGA_FIN_133,489958.37,HKD,AE,KY,high_risk_jx,619.0,0
1AB330B1DBAEA92A,2024-06-18,2024-06-18 01:36:04,OBSIDIAN_PARTNERS_148,NEXUS_TRUST_111,12684.56,SGD,JP,SG,velocity_burst,26.0,0
1ABEAFE62D7A2309,2024-04-25,2024-04-25 17:05:23,AXIOM_PARTNERS_058,ATLAS_BANCORP_082,2136.69,EUR,US,AE,velocity_burst,8.0,0
1AC7A256699DB32F,2024-06-12,2024-06-12 18:52:13,CIPHER_CAPITAL_090,NEXUS_TRUST_191,13113.57,EUR,SG,PA,normal,4153.0,0
1AD2C2FAD2DF1537,2024-06-27,2024-06-27 11:30:24,ATLAS_BANCORP_022,ATLAS_BANCORP_042,9829.1,SGD,CY,AU,structuring,90.0,0
1AE6B88C91AE9FE3,2024-06-26,2024-06-26 13:40:42,DELTA_BANCORP_152,ECLIPSE_HOLDINGS_009,7196.02,CHF,FR,AU,circular_flow,1242.0,0
1AED3B2F87830643,2024-02-27,2024-02-27 23:23:34,VERTEX_PAYMENTS_075,SOLARIS_FIN_103,9840.82,HKD,DE,DE,structuring,2719.0,0
1AF1D5ABF638E1C8,2024-03-16,2024-03-16 05:06:26,ZENITH_FUND_087,DELTA_BANCORP_172,8434.03,EUR,DE,UK,structuring,3.0,0
1B06D01BD6EEE48C,2024-03-23,2024-03-23 23:15:30,SOLARIS_FIN_043,HELIX_PAYMENTS_145,8777.82,AED,UK,FR,structuring,112.0,0
1B0AD13D8EC2A202,2024-03-12,2024-03-12 16:46:03,VORTEX_CREDIT_044,OMEGA_FIN_033,6223.74,HKD,AU,SG,normal,6860.0,0
1B0C5572AE1D664B,2024-02-20,2024-02-20 17:58:31,VORTEX_CREDIT_044,CIPHER_CAPITAL_090,2652.38,CHF,CY,MT,velocity_burst,1047.0,0
1B1AEE469998E679,2024-01-24,2024-01-24 04:39:46,OMEGA_FIN_033,NEXUS_TRUST_131,13191.98,CHF,PA,JP,circular_flow,1435.0,0
1B4B394C686E0E8F,2024-05-22,2024-05-22 08:56:53,CORONA_CLEARING_016,VERTEX_PAYMENTS_115,33153.95,SGD,US,AE,normal,5459.0,0
1B5401135118EE14,2024-01-20,2024-01-20 02:59:18,APEX_CREDIT_054,SOLARIS_FIN_083,10436.9,CHF,US,VG,velocity_burst,15.0,0
1B60DF4E2D6D600F,2024-02-25,2024-02-25 19:23:14,CIPHER_CAPITAL_150,QUANTUM_CLEARING_086,9458.16,EUR,MT,PA,structuring,662.0,0
1B75772DCF8E734E,2024-06-17,2024-06-17 23:38:59,ATLAS_BANCORP_142,CORONA_CLEARING_156,10973.85,USD,UK,MT,velocity_burst,2.0,0
1B82385AD934041C,2024-01-02,2024-01-02 13:35:44,NOVA_TRUST_181,VERTEX_PAYMENTS_135,9769.75,GBP,US,DE,velocity_burst,16.0,0
1B957CD6D6502739,2024-03-14,2024-03-14 02:22:20,ZENITH_FUND_107,NOVA_TRUST_101,48510.23,HKD,AU,MT,normal,2756.0,0
1B99B02AA62A9E2F,2024-02-22,2024-02-22 07:17:52,ZENITH_FUND_127,SOLARIS_FIN_183,147777.06,EUR,PA,JP,normal,3220.0,0
1BA28AEC9CE0BFA1,2024-05-07,2024-05-07 20:36:32,PRIME_HOLDINGS_099,OMEGA_FIN_113,28648.22,GBP,MT,VG,normal,8029.0,0
1BAB77F3409CF13F,2024-04-01,2024-04-01 15:02:20,STRATUS_FUND_177,QUANTUM_CLEARING_186,4246.21,SGD,AE,AE,velocity_burst,12.0,1
1BB4CA067ADCC888,2024-01-13,2024-01-13 10:10:46,APEX_CREDIT_094,MERIDIAN_CAPITAL_000,498760.26,GBP,VG,AE,layering,5076.0,0
1BB4FD6AAECBB34D,2024-01-15,2024-01-15 22:01:15,ECLIPSE_HOLDINGS_189,CORONA_CLEARING_096,728.32,HKD,AU,CY,normal,4204.0,0
1BBB6CD2792A015,2024-06-01,2024-06-01 02:19:40,AXIOM_PARTNERS_138,CIPHER_CAPITAL_090,93312.37,SGD,KY,UK,normal,1202.0,0
1BBE7B0249011ADD,2024-05-25,2024-05-25 23:34:22,CIPHER_CAPITAL_130,NEXUS_TRUST_011,66980.7,GBP,PA,VG,normal,8676.0,0
1BD4573FF859EA32,2024-01-09,2024-01-09 00:13:35,VORTEX_CREDIT_044,HELIX_PAYMENTS_125,9971.44,USD,PA,DE,structuring,3541.0,0
1BE0BD7B1808E3EA,2024-06-02,2024-06-02 23:05:31,AXIOM_PARTNERS_038,OMEGA_FIN_133,336103.59,CHF,KY,VG,high_risk_jx,1517.0,0
1BE84ACE1D22ED9A,2024-06-14,2024-06-14 07:32:01,NEXUS_TRUST_011,ECLIPSE_HOLDINGS_129,360604.85,HKD,PA,CY,high_risk_jx,1408.0,0
1BF58668A6601128,2024-03-28,2024-03-28 01:43:21,ECLIPSE_HOLDINGS_009,SOLARIS_FIN_143,6233.61,USD,SG,DE,normal,2724.0,0
1BFCCEC5FB51918E,2024-05-31,2024-05-31 02:52:53,STRATUS_FUND_137,NEXUS_TRUST_111,120996.7,USD,PA,KY,normal,47.0,0
1C09D00A686C1C9D,2024-02-18,2024-02-18 09:06:20,HELIX_PAYMENTS_165,PRIME_HOLDINGS_059,33143.66,AED,AU,DE,normal,133.0,0
1C142BF97BC32EBA,2024-02-26,2024-02-26 11:54:32,STRATUS_FUND_157,DELTA_BANCORP_192,8318.43,GBP,AU,US,structuring,343.0,1
1C22922D5FF0F312,2024-01-20,2024-01-20 11:07:39,OMEGA_FIN_173,QUANTUM_CLEARING_146,332.23,EUR,MT,MT,normal,767.0,0
1C442FFEFC8FD1CA,2024-02-20,2024-02-20 03:41:36,CORONA_CLEARING_136,SOLARIS_FIN_123,2024.7,HKD,KY,UK,normal,6202.0,0
1C48D3505457D4C3,2024-05-30,2024-05-30 22:51:18,MERIDIAN_CAPITAL_160,ZENITH_FUND_187,60835.9,USD,SG,DE,normal,5036.0,0
1C49BA15EB166C9,2024-06-05,2024-06-05 00:16:46,VERTEX_PAYMENTS_075,SOLARIS_FIN_143,1458.24,GBP,MT,LI,normal,19980.0,0
1C54DF03DE374F82,2024-06-16,2024-06-16 21:55:42,PRIME_HOLDINGS_119,ECLIPSE_HOLDINGS_109,30478.13,CHF,CY,FR,normal,10345.0,0
1C567FF7C068BC30,2024-01-08,2024-01-08 11:04:49,ZENITH_FUND_127,STRATUS_FUND_137,65607.29,AED,SG,US,normal,2349.0,0
1C597740B6A3A919,2024-01-19,2024-01-19 14:16:12,CORONA_CLEARING_196,CIPHER_CAPITAL_130,181683.42,EUR,UK,CY,normal,1998.0,0
1C626A931FF721F3,2024-02-09,2024-02-09 17:23:57,AXIOM_PARTNERS_098,SOLARIS_FIN_043,14497.52,GBP,SG,DE,velocity_burst,3.0,0
1C655C55A69031A6,2024-03-12,2024-03-12 20:31:09,MERIDIAN_CAPITAL_040,NEXUS_TRUST_091,8319.01,USD,KY,DE,structuring,348.0,0
1C661D1FB51F8B58,2024-02-27,2024-02-27 11:14:27,AXIOM_PARTNERS_058,OBSIDIAN_PARTNERS_008,10559.81,GBP,VG,KY,normal,13311.0,0
1C701BEE86020262,2024-06-09,2024-06-09 04:34:30,NOVA_TRUST_121,ECLIPSE_HOLDINGS_049,38497.77,USD,LI,JP,normal,1789.0,0
1C8806D06BD526CF,2024-03-17,2024-03-17 16:21:47,STRATUS_FUND_097,ZENITH_FUND_087,5039.42,GBP,CY,KY,normal,5885.0,0
1C890B0BC8AF21BE,2024-01-11,2024-01-11 01:50:04,PRIME_HOLDINGS_199,QUANTUM_CLEARING_006,7775.25,HKD,AU,AU,velocity_burst,18.0,0
1C98DAD62226071E,2024-06-11,2024-06-11 19:14:16,CIPHER_CAPITAL_190,QUANTUM_CLEARING_066,7754.1,CHF,SG,UK,normal,5804.0,0
1CAAF069F525C25F,2024-06-16,2024-06-16 06:22:31,OMEGA_FIN_013,ATLAS_BANCORP_182,82.02,CHF,FR,CY,normal,6417.0,0
1CAEB3486FB8E38E,2024-01-26,2024-01-26 09:14:48,APEX_CREDIT_014,STRATUS_FUND_137,48121.12,GBP,VG,AE,layering,438.0,0
1CB854B4121052E8,2024-02-21,2024-02-21 00:32:21,ECLIPSE_HOLDINGS_049,ECLIPSE_HOLDINGS_189,11281.32,EUR,KY,US,normal,605.0,0
1CC3E359AC84AEB7,2024-07-05,2024-07-05 11:17:01,CIPHER_CAPITAL_130,AXIOM_PARTNERS_198,128847.13,SGD,KY,MT,normal,3805.0,0
1CD59E9DEF2C2C9E,2024-04-25,2024-04-25 17:05:02,AXIOM_PARTNERS_058,DELTA_BANCORP_092,4089.94,GBP,VG,SG,velocity_burst,5.0,0
1CE5CE333934B90F,2024-02-23,2024-02-23 10:46:51,OMEGA_FIN_033,QUANTUM_CLEARING_106,5848.48,CHF,AU,DE,normal,8292.0,0
1CF7F4E4F8769C74,2024-04-14,2024-04-14 15:25:19,CIPHER_CAPITAL_170,NEXUS_TRUST_011,814.97,AED,UK,AE,normal,3099.0,0
1D091D5ADFF9CFAD,2024-03-05,2024-03-05 04:01:45,PRIME_HOLDINGS_139,VORTEX_CREDIT_184,9233.0,USD,SG,UK,velocity_burst,83.0,1
1D18B23D19B9B70B,2024-05-18,2024-05-18 06:39:38,OBSIDIAN_PARTNERS_188,HELIX_PAYMENTS_165,2888432.33,CHF,VG,DE,normal,6989.0,0
1D1D5FFF9F6C7892,2024-01-20,2024-01-20 03:00:51,APEX_CREDIT_054,CIPHER_CAPITAL_090,13556.03,EUR,US,DE,velocity_burst,9.0,0
1D22680BC88F59C0,2024-01-20,2024-01-20 06:56:33,NEXUS_TRUST_151,CIPHER_CAPITAL_170,2937.84,CHF,MT,DE,velocity_burst,51.0,1
1D2D2D28D8120C3D,2024-02-16,2024-02-16 11:54:08,CIPHER_CAPITAL_170,VERTEX_PAYMENTS_195,31314.75,HKD,DE,AE,normal,3466.0,0
1D3A6098CB1FE1DC,2024-01-20,2024-01-20 10:48:19,OBSIDIAN_PARTNERS_188,HELIX_PAYMENTS_145,5925.94,SGD,AU,VG,circular_flow,739.0,0
1D4C4447FA7C6414,2024-04-05,2024-04-05 19:09:14,NEXUS_TRUST_171,NOVA_TRUST_001,1535.42,CHF,JP,VG,normal,104.0,0
1D5719499F996CEF,2024-07-03,2024-07-03 05:58:24,AXIOM_PARTNERS_098,AXIOM_PARTNERS_158,6663.86,GBP,KY,PA,normal,7766.0,0
1D690B34C00353ED,2024-05-30,2024-05-30 11:23:07,STRATUS_FUND_177,QUANTUM_CLEARING_026,282728.29,HKD,VG,PA,normal,8953.0,0
1D6E8DAD168019A4,2024-01-12,2024-01-12 10:56:11,OMEGA_FIN_133,CORONA_CLEARING_116,8604.88,AED,UK,PA,structuring,62.0,0
1D729791B9BCBC11,2024-02-29,2024-02-29 05:32:27,CORONA_CLEARING_176,ECLIPSE_HOLDINGS_149,416002.37,HKD,DE,PA,layering,103.0,0
1D737229C28A9C6A,2024-02-22,2024-02-22 00:55:27,NEXUS_TRUST_171,OMEGA_FIN_013,11210.81,CHF,JP,VG,normal,3570.0,0
1D92CC04CDCD9D0A,2024-02-18,2024-02-18 21:06:03,ATLAS_BANCORP_022,APEX_CREDIT_134,14339.04,EUR,VG,CY,normal,838.0,0
1D9EC36363BE16FD,2024-01-22,2024-01-22 10:28:08,ATLAS_BANCORP_162,ATLAS_BANCORP_042,194719.47,EUR,LI,KY,layering,336.0,1
1DA436B5ADD1EA7D,2024-02-20,2024-02-20 18:00:19,VORTEX_CREDIT_044,ZENITH_FUND_067,10841.28,GBP,AE,AE,velocity_burst,39.0,1
1DA7CDB4865510B0,2024-02-19,2024-02-19 09:31:41,CORONA_CLEARING_196,CIPHER_CAPITAL_150,14366.09,SGD,CY,US,velocity_burst,6.0,1
1DC9E995C1B7125E,2024-04-15,2024-04-15 01:36:31,STRATUS_FUND_057,OBSIDIAN_PARTNERS_068,188823.2,EUR,DE,PA,normal,1446.0,0
1DDA9524F1DEEA66,2024-05-10,2024-05-10 05:01:43,ATLAS_BANCORP_142,ECLIPSE_HOLDINGS_029,8991.52,AED,JP,KY,structuring,1439.0,0
1DE14480DD9278BC,2024-02-04,2024-02-04 05:45:23,ECLIPSE_HOLDINGS_069,PRIME_HOLDINGS_159,1874.42,EUR,DE,JP,normal,7092.0,0
1DE36D9D2867F7C0,2024-05-31,2024-05-31 01:35:28,ZENITH_FUND_007,ZENITH_FUND_107,4316.8,USD,VG,FR,velocity_burst,42.0,0
1DE4374289B6A213,2024-03-17,2024-03-17 03:48:58,OBSIDIAN_PARTNERS_108,APEX_CREDIT_014,9974.79,GBP,LI,PA,structuring,299.0,0
1DE611B834BA090E,2024-01-16,2024-01-16 10:59:26,CORONA_CLEARING_156,CIPHER_CAPITAL_030,80369.4,EUR,JP,JP,normal,139.0,0
1DE8B155D45C61D2,2024-04-01,2024-04-01 15:01:12,STRATUS_FUND_177,VERTEX_PAYMENTS_135,6912.93,USD,JP,DE,velocity_burst,2.0,0
1DF11A17703B42B7,2024-01-22,2024-01-22 09:36:55,ATLAS_BANCORP_162,NEXUS_TRUST_011,8569.38,SGD,VG,LI,structuring,27.0,1
1DF9FA41C9625624,2024-02-29,2024-02-29 00:14:17,MERIDIAN_CAPITAL_180,OBSIDIAN_PARTNERS_088,108351.22,HKD,UK,CY,circular_flow,487.0,0
1E17597FA7B361CB,2024-04-29,2024-04-29 06:55:11,CIPHER_CAPITAL_190,NOVA_TRUST_181,326905.92,EUR,KY,AE,layering,455.0,0
1E2D28D2DC10E7D7,2024-05-19,2024-05-19 22:23:17,ATLAS_BANCORP_042,AXIOM_PARTNERS_138,146663.31,SGD,KY,MT,layering,14.0,0
1E3D853899125870,2024-01-24,2024-01-24 07:02:20,CIPHER_CAPITAL_070,OMEGA_FIN_093,1709.54,CHF,LI,VG,normal,4846.0,0
1E4FF040B5033036,2024-03-18,2024-03-18 12:11:13,SOLARIS_FIN_083,CORONA_CLEARING_016,414367.99,AED,MT,UK,layering,371.0,0
1E551BDAEFC314D8,2024-04-25,2024-04-25 17:16:42,HELIX_PAYMENTS_025,QUANTUM_CLEARING_106,13485.06,GBP,FR,FR,normal,328.0,0
1E5DEBA0FF898D3C,2024-06-15,2024-06-15 01:59:26,OBSIDIAN_PARTNERS_068,VORTEX_CREDIT_004,5639.29,GBP,FR,MT,normal,3045.0,0
1E7D2B4619F73B4F,2024-04-21,2024-04-21 12:00:36,VERTEX_PAYMENTS_055,AXIOM_PARTNERS_038,9351.89,SGD,UK,MT,normal,6611.0,0
1E8369696DB11B85,2024-01-30,2024-01-30 07:13:45,OMEGA_FIN_193,NOVA_TRUST_141,12541.9,AED,US,AU,normal,7191.0,0
1E8CB58BDA387B50,2024-02-09,2024-02-09 17:25:16,AXIOM_PARTNERS_098,PRIME_HOLDINGS_199,6200.77,SGD,DE,US,velocity_burst,40.0,0
1E9FD694EB2007AD,2024-05-10,2024-05-10 07:32:22,VORTEX_CREDIT_184,OBSIDIAN_PARTNERS_048,14906.74,EUR,AE,AE,velocity_burst,0.0,1
1EACFC1941273CA7,2024-02-10,2024-02-10 05:20:13,ZENITH_FUND_187,OMEGA_FIN_153,3718.99,USD,CY,PA,velocity_burst,891.0,0
1EB0FD31825B215A,2024-07-03,2024-07-03 15:53:57,QUANTUM_CLEARING_146,SOLARIS_FIN_003,8565.24,HKD,VG,SG,structuring,55.0,0
1EB62EED7F253A3,2024-04-11,2024-04-11 04:15:20,ZENITH_FUND_007,SOLARIS_FIN_143,778.4,USD,US,KY,normal,19745.0,0
1EBD27C1EFAEB002,2024-05-10,2024-05-10 13:36:14,PRIME_HOLDINGS_019,ZENITH_FUND_007,6541.31,HKD,AU,JP,velocity_burst,16.0,0
1EC533F61D27A9C6,2024-04-15,2024-04-15 06:33:22,NOVA_TRUST_121,VERTEX_PAYMENTS_155,8127.89,GBP,US,VG,structuring,93.0,0
1ECF08AFA284FCCA,2024-06-03,2024-06-03 08:44:43,MERIDIAN_CAPITAL_180,DELTA_BANCORP_192,1297.33,CHF,CY,AE,normal,3652.0,0
1ED4B6035BACC4CC,2024-03-31,2024-03-31 16:02:24,ZENITH_FUND_107,CIPHER_CAPITAL_130,2142.33,SGD,SG,MT,normal,3537.0,0
1EFB950B88A6866C,2024-03-05,2024-03-05 14:19:53,ZENITH_FUND_147,APEX_CREDIT_174,8819.74,AED,AU,DE,structuring,43.0,1
1F00DCC4E971A70,2024-05-01,2024-05-01 07:37:25,NOVA_TRUST_121,NEXUS_TRUST_191,359.11,CHF,LI,LI,normal,5183.0,0
1F154786EE9254CD,2024-02-06,2024-02-06 05:31:16,AXIOM_PARTNERS_178,NEXUS_TRUST_031,11668.99,USD,SG,AU,velocity_burst,3.0,0
1F3A666E4085AF8A,2024-03-23,2024-03-23 15:14:32,NOVA_TRUST_021,ATLAS_BANCORP_142,1736.37,AED,JP,KY,normal,6580.0,0
1F535ED57337DE31,2024-02-09,2024-02-09 09:13:39,OMEGA_FIN_173,DELTA_BANCORP_172,359055.97,CHF,MT,JP,layering,327.0,0
1F57604F4CD9DD8,2024-02-10,2024-02-10 05:20:38,ZENITH_FUND_187,VORTEX_CREDIT_164,4999.12,EUR,CY,KY,velocity_burst,1.0,0
1F5BEEB5887A9BE0,2024-05-13,2024-05-13 17:05:55,QUANTUM_CLEARING_166,HELIX_PAYMENTS_185,61459.93,CHF,MT,FR,normal,7247.0,0
1F5CAAF64C0EC4F1,2024-01-11,2024-01-11 01:49:27,PRIME_HOLDINGS_199,VERTEX_PAYMENTS_155,3929.83,SGD,PA,CY,velocity_burst,5.0,0
1F6CD59F90990524,2024-02-19,2024-02-19 09:31:18,CORONA_CLEARING_196,NEXUS_TRUST_151,9888.18,HKD,PA,US,velocity_burst,2.0,0
1F724C6D5A1C2B63,2024-06-22,2024-06-22 16:45:56,SOLARIS_FIN_103,OMEGA_FIN_073,358712.88,HKD,LI,AE,layering,832.0,0
1F78D27EB59B78FD,2024-04-09,2024-04-09 07:42:32,HELIX_PAYMENTS_165,NEXUS_TRUST_091,8069.57,HKD,UK,US,structuring,15.0,0
1F7C375B2520D3E6,2024-05-16,2024-05-16 18:36:51,AXIOM_PARTNERS_158,CIPHER_CAPITAL_190,8468.74,HKD,PA,MT,structuring,298.0,0
1F8773C09276CF13,2024-01-26,2024-01-26 09:47:32,OBSIDIAN_PARTNERS_068,VORTEX_CREDIT_144,7473.16,CHF,CY,FR,normal,992.0,0
1F8EFBFF5EBBF575,2024-05-02,2024-05-02 00:59:12,PRIME_HOLDINGS_119,VORTEX_CREDIT_104,28639.55,USD,AE,AU,normal,2706.0,0
1FA45143F5FE1A9B,2024-05-10,2024-05-10 07:33:46,VORTEX_CREDIT_184,NEXUS_TRUST_091,521.37,EUR,VG,SG,velocity_burst,36.0,1
1FAAEEDEC9B38DA,2024-02-12,2024-02-12 01:46:18,NEXUS_TRUST_091,OBSIDIAN_PARTNERS_108,21766.35,AED,US,LI,normal,2671.0,0
1FB094BD8562DA51,2024-03-30,2024-03-30 13:46:44,DELTA_BANCORP_112,ECLIPSE_HOLDINGS_129,5065.63,AED,KY,FR,velocity_burst,14.0,0
1FC5041B270273F3,2024-02-26,2024-02-26 10:22:28,ECLIPSE_HOLDINGS_089,QUANTUM_CLEARING_006,4934.26,HKD,AE,AE,velocity_burst,25.0,1
1FDB772BEA401A55,2024-01-16,2024-01-16 11:55:54,NEXUS_TRUST_091,ECLIPSE_HOLDINGS_009,8083.49,HKD,JP,CY,normal,3388.0,0
1FE49580587AA2FE,2024-06-06,2024-06-06 16:01:21,CORONA_CLEARING_056,MERIDIAN_CAPITAL_040,12756.79,CHF,VG,KY,normal,643.0,0
1FEFDD2933C85A4E,2024-06-04,2024-06-04 15:21:23,APEX_CREDIT_094,QUANTUM_CLEARING_146,14807.07,CHF,KY,KY,velocity_burst,13.0,0
1FF7BDFAD26B64FE,2024-04-30,2024-04-30 16:03:39,QUANTUM_CLEARING_106,OBSIDIAN_PARTNERS_128,7911.29,CHF,LI,SG,normal,8387.0,0
201040ED48F035FA,2024-03-02,2024-03-02 00:49:29,DELTA_BANCORP_092,SOLARIS_FIN_043,8970.39,USD,UK,MT,structuring,7276.0,0
202102AAA2D5836E,2024-04-15,2024-04-15 01:12:25,DELTA_BANCORP_152,CIPHER_CAPITAL_070,1995.07,AED,KY,PA,normal,10309.0,0
20389153B02985F1,2024-03-11,2024-03-11 10:44:45,DELTA_BANCORP_012,NOVA_TRUST_021,32533.09,USD,SG,LI,normal,2075.0,0
203EF0A28BBF8648,2024-05-31,2024-05-31 00:22:57,QUANTUM_CLEARING_006,STRATUS_FUND_117,74313.99,AED,SG,UK,normal,5499.0,0
204053087B7EA979,2024-06-06,2024-06-06 09:43:23,OMEGA_FIN_053,STRATUS_FUND_057,7418.31,USD,UK,SG,velocity_burst,1008.0,0
204E8FBCA0F8305C,2024-05-13,2024-05-13 08:42:55,DELTA_BANCORP_192,VORTEX_CREDIT_104,1919.63,EUR,LI,DE,normal,6111.0,0
204F9A1E6C4F0BB3,2024-01-27,2024-01-27 15:25:26,VERTEX_PAYMENTS_015,SOLARIS_FIN_043,8810.05,AED,CY,SG,structuring,16986.0,0
20504F337EED2EBF,2024-04-10,2024-04-10 02:19:47,AXIOM_PARTNERS_198,APEX_CREDIT_054,7249.63,HKD,FR,CY,normal,276.0,0
20576304E5B24D94,2024-04-19,2024-04-19 13:37:56,PRIME_HOLDINGS_099,STRATUS_FUND_077,14199.23,EUR,PA,US,velocity_burst,37.0,0
2061EF59D34EA8C6,2024-04-17,2024-04-17 07:05:37,ATLAS_BANCORP_182,PRIME_HOLDINGS_039,48867.01,EUR,LI,MT,normal,11565.0,0
2064B4036EC596A1,2024-02-27,2024-02-27 22:38:15,AXIOM_PARTNERS_038,OBSIDIAN_PARTNERS_148,218525.09,SGD,PA,US,normal,5829.0,0
206829ED49D51227,2024-04-29,2024-04-29 01:11:05,PRIME_HOLDINGS_139,CIPHER_CAPITAL_010,66802.69,SGD,US,AU,normal,6277.0,0
206CE0E4E525E3A1,2024-03-03,2024-03-03 17:34:32,CIPHER_CAPITAL_150,STRATUS_FUND_097,321.55,SGD,VG,SG,normal,18230.0,0
2070C021F71D772,2024-04-29,2024-04-29 03:22:19,OBSIDIAN_PARTNERS_168,MERIDIAN_CAPITAL_080,10789.08,AED,AE,JP,velocity_burst,8.0,0
208E8AC7BD326591,2024-05-31,2024-05-31 06:22:58,HELIX_PAYMENTS_085,CORONA_CLEARING_136,10846.79,SGD,SG,AU,normal,2318.0,0
2098EC9E918AEAB,2024-02-22,2024-02-22 18:01:54,CORONA_CLEARING_036,CIPHER_CAPITAL_090,41030.28,AED,FR,VG,normal,11575.0,0
209C243E6F9ED79B,2024-01-09,2024-01-09 04:53:18,ECLIPSE_HOLDINGS_109,NEXUS_TRUST_131,348000.16,HKD,CY,DE,layering,6529.0,0
20A7C631FAB32B9C,2024-04-03,2024-04-03 08:38:18,DELTA_BANCORP_032,ECLIPSE_HOLDINGS_169,8695.48,HKD,KY,DE,normal,18031.0,0
20AC29E595DB3401,2024-05-18,2024-05-18 08:30:05,OMEGA_FIN_093,VORTEX_CREDIT_144,10604.27,HKD,SG,MT,normal,5826.0,0
20B541EB884109D3,2024-03-12,2024-03-12 14:51:43,PRIME_HOLDINGS_159,QUANTUM_CLEARING_126,428623.65,HKD,CY,US,high_risk_jx,14050.0,0
20B8A36E1726E0A,2024-02-14,2024-02-14 13:03:47,SOLARIS_FIN_163,VORTEX_CREDIT_004,10121.48,CHF,UK,UK,velocity_burst,72.0,1
20B9A050A313457F,2024-05-30,2024-05-30 14:07:37,OBSIDIAN_PARTNERS_008,VORTEX_CREDIT_044,3281.73,EUR,AE,JP,normal,6202.0,0
20CDA571DE6BC024,2024-06-15,2024-06-15 00:52:29,OBSIDIAN_PARTNERS_148,ZENITH_FUND_047,322689.23,SGD,US,UK,normal,2998.0,0
20CDD5EF98644DE,2024-02-06,2024-02-06 05:36:21,AXIOM_PARTNERS_178,CIPHER_CAPITAL_070,11297.41,GBP,DE,UK,velocity_burst,101.0,1
20DD253A18B622D,2024-06-09,2024-06-09 00:45:24,VORTEX_CREDIT_004,SOLARIS_FIN_063,6828.27,SGD,UK,UK,velocity_burst,28.0,0
20E7657353B52182,2024-01-28,2024-01-28 13:36:46,OBSIDIAN_PARTNERS_008,ZENITH_FUND_127,9179.76,USD,JP,JP,velocity_burst,3.0,0
20E7C8F37FC8AB6F,2024-02-05,2024-02-05 04:23:05,SOLARIS_FIN_083,ECLIPSE_HOLDINGS_109,7330.29,EUR,CY,FR,normal,6306.0,0
20EEC29D486233E5,2024-03-18,2024-03-18 15:01:49,ZENITH_FUND_127,APEX_CREDIT_174,138125.32,HKD,FR,KY,normal,8606.0,0
210616FC3E7FD0AE,2024-06-16,2024-06-16 02:24:39,ZENITH_FUND_027,AXIOM_PARTNERS_098,331243.47,GBP,MT,US,layering,198.0,0
21258E708EDFC6FE,2024-07-03,2024-07-03 09:08:37,HELIX_PAYMENTS_105,HELIX_PAYMENTS_185,10622.59,EUR,FR,PA,normal,11413.0,0
213777567409F54C,2024-05-09,2024-05-09 16:54:46,HELIX_PAYMENTS_085,ATLAS_BANCORP_142,390872.15,AED,VG,UK,layering,84.0,0
213EB1388CA8EF1,2024-05-04,2024-05-04 23:22:16,APEX_CREDIT_014,AXIOM_PARTNERS_098,13097.32,GBP,MT,KY,velocity_burst,11.0,0
216147766FD27FDB,2024-06-22,2024-06-22 04:36:04,DELTA_BANCORP_152,PRIME_HOLDINGS_059,8821.9,HKD,UK,VG,structuring,160.0,0
2166525868D5E5E,2024-02-02,2024-02-02 00:46:19,HELIX_PAYMENTS_085,OMEGA_FIN_133,6797.6,GBP,AU,VG,normal,681.0,0
216A9B95DD887DA0,2024-04-29,2024-04-29 03:23:59,OBSIDIAN_PARTNERS_168,QUANTUM_CLEARING_006,2703.37,CHF,DE,SG,velocity_burst,56.0,0
21798728EFF3EAD3,2024-02-25,2024-02-25 19:31:00,CIPHER_CAPITAL_150,APEX_CREDIT_114,8585.02,CHF,JP,FR,structuring,178.0,1
21813F1B879BCEC2,2024-06-13,2024-06-13 14:01:03,NOVA_TRUST_141,APEX_CREDIT_034,1216499.02,CHF,CY,MT,normal,5603.0,0
2198C7C3F7C78DCC,2024-04-26,2024-04-26 05:10:34,CORONA_CLEARING_076,ATLAS_BANCORP_022,1221.39,HKD,UK,DE,normal,2294.0,0
21B9259A6DDEA91C,2024-05-26,2024-05-26 19:00:04,ECLIPSE_HOLDINGS_149,PRIME_HOLDINGS_199,9738.58,SGD,PA,CY,normal,978.0,0
21C15320CA8FB870,2024-02-05,2024-02-05 08:05:48,STRATUS_FUND_077,QUANTUM_CLEARING_046,229171.28,CHF,LI,UK,layering,144.0,0
21E35A988E50896D,2024-01-22,2024-01-22 13:14:44,AXIOM_PARTNERS_078,SOLARIS_FIN_163,9006.57,USD,AE,FR,structuring,43.0,0
21EC626D99D899BC,2024-03-26,2024-03-26 10:44:15,OMEGA_FIN_093,CORONA_CLEARING_036,8750.33,HKD,VG,FR,circular_flow,5140.0,0
21F13A5E5AEF58BA,2024-01-22,2024-01-22 23:01:31,OBSIDIAN_PARTNERS_048,OBSIDIAN_PARTNERS_008,287846.89,HKD,LI,SG,layering,865.0,0
2207711120DD3841,2024-01-16,2024-01-16 10:57:07,ATLAS_BANCORP_102,AXIOM_PARTNERS_178,11852.47,AED,UK,CY,normal,8820.0,0
22088F28B011FB66,2024-02-10,2024-02-10 19:45:37,OMEGA_FIN_193,QUANTUM_CLEARING_006,25813.05,SGD,KY,FR,normal,7708.0,0
2229B81934DC74F9,2024-01-20,2024-01-20 20:42:33,NEXUS_TRUST_151,OMEGA_FIN_073,8090.74,EUR,KY,JP,structuring,1164.0,0
2243307B95D73381,2024-02-26,2024-02-26 10:21:13,ECLIPSE_HOLDINGS_089,VERTEX_PAYMENTS_135,7956.35,EUR,LI,FR,velocity_burst,33.0,0
22463954B815BBEE,2024-06-16,2024-06-16 02:21:21,PRIME_HOLDINGS_019,ZENITH_FUND_027,348677.34,GBP,JP,MT,layering,2145.0,0
226E362AD0F41F1B,2024-06-28,2024-06-28 09:39:19,PRIME_HOLDINGS_199,STRATUS_FUND_077,1480034.79,GBP,AU,UK,normal,6611.0,0
2273F45BA33F947F,2024-01-03,2024-01-03 22:35:36,OBSIDIAN_PARTNERS_168,OMEGA_FIN_173,279450.58,CHF,DE,AU,layering,485.0,0
228359EA448295EC,2024-02-04,2024-02-04 12:52:35,MERIDIAN_CAPITAL_100,ECLIPSE_HOLDINGS_049,13928.02,GBP,MT,AE,velocity_burst,32.0,1
22873CEE1CB262BB,2024-02-29,2024-02-29 15:38:26,APEX_CREDIT_154,CORONA_CLEARING_076,1427.52,USD,MT,PA,normal,1186.0,0
228D91F41B9D4BA,2024-01-02,2024-01-02 13:35:24,NOVA_TRUST_181,QUANTUM_CLEARING_066,4577.96,EUR,LI,AU,velocity_burst,5.0,0
22B96B40F8DC0240,2024-03-02,2024-03-02 07:08:12,CORONA_CLEARING_056,OBSIDIAN_PARTNERS_028,39709.86,CHF,PA,AE,normal,5324.0,0
22C2DC20EF569134,2024-01-25,2024-01-25 16:21:04,CORONA_CLEARING_176,ATLAS_BANCORP_142,258.42,EUR,PA,PA,normal,2923.0,0
22E2449ACBC7DAF2,2024-02-12,2024-02-12 05:33:42,ECLIPSE_HOLDINGS_009,CORONA_CLEARING_016,436430.77,CHF,KY,LI,high_risk_jx,6728.0,0
22E7742593F7CDF8,2024-03-26,2024-03-26 17:11:59,MERIDIAN_CAPITAL_080,DELTA_BANCORP_192,27507.16,CHF,JP,LI,normal,4310.0,0
22EFB56D13384476,2024-01-16,2024-01-16 23:43:15,VORTEX_CREDIT_004,STRATUS_FUND_057,80142.46,USD,JP,US,normal,5014.0,0
22FB9F9EFC3BD885,2024-01-21,2024-01-21 13:05:24,MERIDIAN_CAPITAL_040,AXIOM_PARTNERS_078,13637.43,GBP,DE,UK,normal,22735.0,0
23117B9274DB4C09,2024-03-06,2024-03-06 03:08:59,STRATUS_FUND_177,APEX_CREDIT_154,77258.46,USD,UK,CY,normal,7408.0,0
231E16A0CF11DE,2024-06-01,2024-06-01 02:34:28,ECLIPSE_HOLDINGS_109,STRATUS_FUND_057,8672.42,CHF,VG,US,normal,888.0,0
23212AC7E70529D4,2024-02-20,2024-02-20 18:00:19,VORTEX_CREDIT_044,OMEGA_FIN_093,14531.06,USD,AU,US,velocity_burst,0.0,1
2325B05B33F5C85C,2024-02-24,2024-02-24 10:51:12,HELIX_PAYMENTS_165,NOVA_TRUST_041,512329.86,EUR,AU,DE,normal,6508.0,0
233253C8D81328C5,2024-03-05,2024-03-05 08:18:44,ATLAS_BANCORP_062,NOVA_TRUST_061,3796.22,SGD,MT,US,normal,4827.0,0
2335CC492022CADC,2024-02-18,2024-02-18 06:20:24,DELTA_BANCORP_072,ECLIPSE_HOLDINGS_149,6534.27,EUR,VG,MT,velocity_burst,15.0,1
233C08845B53B57B,2024-01-04,2024-01-04 21:58:27,PRIME_HOLDINGS_159,OBSIDIAN_PARTNERS_088,14373.18,EUR,UK,FR,normal,18869.0,0
233F4C75A720F2A1,2024-05-31,2024-05-31 01:37:44,ZENITH_FUND_007,DELTA_BANCORP_032,842.62,CHF,VG,VG,velocity_burst,54.0,1
2356046C9C3E5388,2024-05-04,2024-05-04 20:42:23,SOLARIS_FIN_103,APEX_CREDIT_194,9535.32,AED,VG,LI,structuring,145.0,0
235A2E1765A8E26C,2024-04-12,2024-04-12 10:09:22,VERTEX_PAYMENTS_055,SOLARIS_FIN_183,1405.42,CHF,SG,LI,normal,720.0,0
23752A053EFAD18B,2024-04-24,2024-04-24 07:15:06,HELIX_PAYMENTS_145,VERTEX_PAYMENTS_095,5921.25,AED,MT,FR,velocity_burst,29.0,0
238C081A949E0516,2024-06-05,2024-06-05 15:52:43,PRIME_HOLDINGS_119,VERTEX_PAYMENTS_075,9715.92,AED,FR,LI,structuring,252.0,0
23952572A3A71BB6,2024-03-28,2024-03-28 05:04:38,ZENITH_FUND_087,NOVA_TRUST_061,3613.75,SGD,PA,DE,velocity_burst,12.0,0
2397CC3DCA40CEA8,2024-06-26,2024-06-26 16:31:12,STRATUS_FUND_017,NEXUS_TRUST_031,335401.8,GBP,LI,US,layering,1493.0,0
23B9223AE53EFB75,2024-03-26,2024-03-26 09:18:35,ZENITH_FUND_067,CIPHER_CAPITAL_030,1411.68,EUR,SG,UK,normal,34286.0,0
23BCCF1A512EE22F,2024-03-20,2024-03-20 15:04:34,SOLARIS_FIN_163,VORTEX_CREDIT_044,232577.14,HKD,JP,PA,layering,219.0,0
23EEB2D64E8B0D7A,2024-01-31,2024-01-31 23:01:00,ATLAS_BANCORP_062,NEXUS_TRUST_171,65542.92,GBP,AU,DE,normal,242.0,0
23FEAE4317E43E67,2024-03-18,2024-03-18 12:38:23,DELTA_BANCORP_172,CIPHER_CAPITAL_050,373967.11,GBP,AE,CY,layering,391.0,0
24103D563161C84,2024-02-18,2024-02-18 19:58:08,MERIDIAN_CAPITAL_060,HELIX_PAYMENTS_125,32460.31,USD,VG,CY,normal,507.0,0
241B2FF0FE06F92C,2024-04-18,2024-04-18 04:07:53,VORTEX_CREDIT_184,ATLAS_BANCORP_102,4648.05,GBP,US,DE,normal,1968.0,0
24210C6F219F1B87,2024-01-31,2024-01-31 00:33:47,MERIDIAN_CAPITAL_100,VORTEX_CREDIT_044,8819.33,AED,VG,AE,structuring,114.0,1
2424A0655040B96F,2024-05-01,2024-05-01 00:32:39,MERIDIAN_CAPITAL_060,CIPHER_CAPITAL_170,11008.22,AED,US,JP,normal,2985.0,0
242994BD5538BC67,2024-02-04,2024-02-04 17:56:38,NOVA_TRUST_141,VORTEX_CREDIT_164,9132.13,SGD,KY,AU,normal,364.0,0
2442B8ED48FD2614,2024-02-11,2024-02-11 01:50:57,ATLAS_BANCORP_142,MERIDIAN_CAPITAL_160,2338.54,CHF,PA,CY,velocity_burst,7.0,1
24549A18BAB170F,2024-03-20,2024-03-20 04:11:06,VERTEX_PAYMENTS_175,CORONA_CLEARING_036,323006.42,GBP,FR,SG,normal,3846.0,0
24749920A6F9FE2A,2024-07-05,2024-07-05 23:14:54,STRATUS_FUND_197,SOLARIS_FIN_143,22857.69,GBP,LI,AU,normal,1784.0,0
247589D5E39F1429,2024-06-22,2024-06-22 04:30:47,DELTA_BANCORP_152,ECLIPSE_HOLDINGS_189,8483.99,CHF,PA,VG,structuring,59.0,0
24883319860B7009,2024-02-19,2024-02-19 03:25:46,SOLARIS_FIN_083,DELTA_BANCORP_052,10138.5,USD,MT,PA,velocity_burst,7.0,0
24A2678434995A14,2024-06-26,2024-06-26 18:31:06,PRIME_HOLDINGS_179,ECLIPSE_HOLDINGS_109,669884.11,AED,SG,DE,normal,2000.0,0
24C8728FDD79CAC6,2024-03-21,2024-03-21 00:49:13,VORTEX_CREDIT_044,SOLARIS_FIN_163,104700.5,EUR,CY,VG,normal,2602.0,0
24EDB32D6FF645A9,2024-04-06,2024-04-06 22:29:59,ZENITH_FUND_107,NEXUS_TRUST_171,329716.14,HKD,PA,AE,high_risk_jx,11628.0,0
2502D684205C212C,2024-01-06,2024-01-06 14:54:24,NEXUS_TRUST_111,ATLAS_BANCORP_002,47070.82,GBP,SG,AE,circular_flow,870.0,0
25038BE6A97F94D8,2024-01-24,2024-01-24 05:41:34,QUANTUM_CLEARING_086,CIPHER_CAPITAL_170,13094.74,EUR,UK,AU,normal,2060.0,0
253E9B15C9936286,2024-03-17,2024-03-17 14:39:18,CORONA_CLEARING_096,NOVA_TRUST_061,8028.76,SGD,DE,US,structuring,207.0,0
254C1F695A64C63C,2024-01-11,2024-01-11 01:49:29,PRIME_HOLDINGS_199,QUANTUM_CLEARING_046,14887.12,EUR,PA,AE,velocity_burst,2.0,0
25569C4959CE7451,2024-03-24,2024-03-24 14:20:44,DELTA_BANCORP_092,APEX_CREDIT_154,310683.48,GBP,VG,PA,layering,780.0,0
2560B68D9D329D82,2024-06-13,2024-06-13 00:24:24,APEX_CREDIT_094,PRIME_HOLDINGS_179,32504.85,GBP,PA,PA,normal,239.0,0
2562541CFE5B522B,2024-03-07,2024-03-07 00:32:51,VORTEX_CREDIT_144,VORTEX_CREDIT_164,8485.85,USD,CY,CY,normal,5621.0,0
2566DB27B4AE4553,2024-03-05,2024-03-05 14:31:56,HELIX_PAYMENTS_005,MERIDIAN_CAPITAL_020,24569.3,GBP,FR,KY,normal,723.0,0
256CBB9282E82C65,2024-05-16,2024-05-16 09:46:10,ZENITH_FUND_167,HELIX_PAYMENTS_085,9241.21,CHF,VG,LI,normal,1900.0,0
258B1271BC1F03C5,2024-03-30,2024-03-30 18:19:34,OBSIDIAN_PARTNERS_008,PRIME_HOLDINGS_159,574.05,EUR,MT,AE,normal,1642.0,0
258D5615F548AA73,2024-03-14,2024-03-14 04:55:38,AXIOM_PARTNERS_178,VERTEX_PAYMENTS_175,12192.46,GBP,MT,CY,normal,9198.0,0
259107DA127A1EDE,2024-04-20,2024-04-20 03:38:25,HELIX_PAYMENTS_105,MERIDIAN_CAPITAL_020,17890.01,EUR,SG,CY,normal,649.0,0
25B05AF7AD107F27,2024-04-28,2024-04-28 23:26:28,VORTEX_CREDIT_024,ZENITH_FUND_147,417070.45,SGD,MT,PA,normal,4360.0,0
25B8643B590177F,2024-03-30,2024-03-30 23:30:58,ECLIPSE_HOLDINGS_049,NOVA_TRUST_061,166931.87,HKD,SG,VG,layering,1396.0,0
25BE851F7C648538,2024-04-11,2024-04-11 12:16:22,APEX_CREDIT_034,STRATUS_FUND_097,368.5,SGD,SG,UK,normal,1192.0,0
25C38B14217582F,2024-03-26,2024-03-26 19:55:53,QUANTUM_CLEARING_086,STRATUS_FUND_077,8365.32,SGD,DE,DE,structuring,48.0,1
25D255823D7395C8,2024-03-05,2024-03-05 12:31:46,QUANTUM_CLEARING_086,HELIX_PAYMENTS_105,76008.4,USD,DE,KY,normal,3337.0,0
25DDC3857E502815,2024-01-22,2024-01-22 20:01:40,ATLAS_BANCORP_082,HELIX_PAYMENTS_145,431247.32,HKD,KY,AE,layering,18.0,0
25E67E978C6744DE,2024-02-26,2024-02-26 03:05:30,AXIOM_PARTNERS_038,OMEGA_FIN_053,3332.7,CHF,AE,JP,velocity_burst,55.0,1
25EE1AE59B7BF31E,2024-04-29,2024-04-29 04:33:01,ATLAS_BANCORP_162,DELTA_BANCORP_052,15821.11,HKD,UK,SG,normal,4130.0,0
260C427D65C23FF5,2024-01-09,2024-01-09 14:15:17,NOVA_TRUST_021,STRATUS_FUND_057,9893.95,EUR,UK,DE,structuring,490.0,0
260CBBCFF538946B,2024-03-31,2024-03-31 06:03:34,SOLARIS_FIN_143,VERTEX_PAYMENTS_055,950372.33,AED,LI,KY,normal,331.0,0
260F3F26D3864890,2024-03-19,2024-03-19 08:47:17,STRATUS_FUND_137,PRIME_HOLDINGS_119,8874.01,USD,LI,DE,structuring,41.0,0
26122582F6EF70CE,2024-01-18,2024-01-18 20:55:19,APEX_CREDIT_094,STRATUS_FUND_157,1219.13,HKD,US,AE,normal,2786.0,0
26128067E22DB31C,2024-07-01,2024-07-01 20:36:46,CORONA_CLEARING_136,MERIDIAN_CAPITAL_120,25830.47,USD,US,KY,normal,6845.0,0
2613D4D5671AE7F1,2024-03-17,2024-03-17 03:26:34,PRIME_HOLDINGS_079,VERTEX_PAYMENTS_015,652.26,HKD,CY,LI,velocity_burst,7344.0,0
261BFB352AC233E6,2024-02-29,2024-02-29 05:30:44,STRATUS_FUND_077,CORONA_CLEARING_176,437897.23,CHF,CY,FR,layering,1203.0,0
26494DA531F7B919,2024-04-24,2024-04-24 00:19:54,APEX_CREDIT_014,OBSIDIAN_PARTNERS_068,2182.9,EUR,US,JP,normal,4805.0,0
2650A38B3C585608,2024-04-22,2024-04-22 14:06:22,ECLIPSE_HOLDINGS_169,OBSIDIAN_PARTNERS_148,267034.27,AED,DE,PA,normal,3987.0,0
267F6C7C46C0477A,2024-05-26,2024-05-26 11:26:36,AXIOM_PARTNERS_018,SOLARIS_FIN_023,1901719.72,USD,LI,JP,normal,1305.0,0
268D2C8F192C88F8,2024-06-14,2024-06-14 20:30:00,CIPHER_CAPITAL_030,APEX_CREDIT_134,39817.44,HKD,JP,AU,circular_flow,2429.0,0
26972B708E35F236,2024-01-01,2024-01-01 10:48:05,OBSIDIAN_PARTNERS_048,HELIX_PAYMENTS_025,69973.83,GBP,JP,FR,normal,5222.0,0
26C0E638DA08E412,2024-01-23,2024-01-23 00:23:00,CIPHER_CAPITAL_090,CORONA_CLEARING_016,9639.69,AED,LI,DE,structuring,8.0,1
26D621F58C55140E,2024-05-09,2024-05-09 16:39:27,ZENITH_FUND_087,HELIX_PAYMENTS_085,411444.37,SGD,MT,CY,layering,681.0,0
26D9C8F0948D78BA,2024-04-10,2024-04-10 17:05:34,NEXUS_TRUST_171,VORTEX_CREDIT_184,18395.53,USD,UK,JP,normal,5102.0,0
26E3FA20B5087637,2024-05-22,2024-05-22 00:29:13,APEX_CREDIT_034,NOVA_TRUST_061,6168.8,USD,KY,AU,normal,29734.0,0
26EDE3E01B78AAE8,2024-01-26,2024-01-26 05:48:38,ECLIPSE_HOLDINGS_089,QUANTUM_CLEARING_026,8750.38,USD,KY,PA,structuring,389.0,1
27008AD86621F6FD,2024-01-01,2024-01-01 01:14:56,HELIX_PAYMENTS_105,VERTEX_PAYMENTS_035,8567.06,EUR,AE,AE,structuring,0.0,0
27024FEE89182850,2024-04-20,2024-04-20 22:36:10,CORONA_CLEARING_136,VORTEX_CREDIT_144,30754.83,HKD,DE,UK,normal,4840.0,0
27111A6953EE0F4C,2024-06-15,2024-06-15 10:16:43,ATLAS_BANCORP_182,ZENITH_FUND_087,11449.42,CHF,VG,AE,velocity_burst,3.0,0
2715227DF7B36897,2024-06-06,2024-06-06 11:13:24,QUANTUM_CLEARING_146,VERTEX_PAYMENTS_175,40981.04,SGD,US,FR,normal,1848.0,0
2716EF13295B483,2024-01-20,2024-01-20 06:35:24,OBSIDIAN_PARTNERS_008,CIPHER_CAPITAL_190,3740.08,CHF,US,AE,normal,7288.0,0
271FF883F8D631EA,2024-03-17,2024-03-17 07:20:42,VERTEX_PAYMENTS_115,HELIX_PAYMENTS_185,12008.85,SGD,US,DE,normal,3092.0,0
27224D8FA79B6E77,2024-04-13,2024-04-13 13:43:15,QUANTUM_CLEARING_106,SOLARIS_FIN_083,7832.77,HKD,LI,FR,normal,92.0,0
2731747DA83C9D1,2024-02-05,2024-02-05 15:43:20,DELTA_BANCORP_012,SOLARIS_FIN_123,8599.15,EUR,JP,AU,structuring,145.0,0
27331384828BB690,2024-01-22,2024-01-22 07:42:35,HELIX_PAYMENTS_045,ECLIPSE_HOLDINGS_169,1031.35,CHF,US,VG,normal,3343.0,0
27456026B0342401,2024-04-08,2024-04-08 00:10:46,STRATUS_FUND_097,NEXUS_TRUST_051,5638.7,EUR,JP,SG,normal,13515.0,0
27494450D0C18C2E,2024-04-09,2024-04-09 17:07:11,APEX_CREDIT_154,HELIX_PAYMENTS_085,2190.22,HKD,AU,AE,normal,967.0,0
2784340C85031910,2024-01-11,2024-01-11 15:36:56,CIPHER_CAPITAL_190,ECLIPSE_HOLDINGS_089,9140.83,AED,CY,JP,structuring,52.0,0
27917ABAE7002A04,2024-01-03,2024-01-03 05:50:44,AXIOM_PARTNERS_118,OMEGA_FIN_113,3008.63,CHF,US,CY,velocity_burst,5.0,0
2799EDA624B30EEA,2024-06-03,2024-06-03 05:07:29,ECLIPSE_HOLDINGS_009,OBSIDIAN_PARTNERS_088,9609.17,AED,KY,AE,structuring,52.0,1
27C01E33FEDCF7C8,2024-02-28,2024-02-28 14:45:13,ECLIPSE_HOLDINGS_169,MERIDIAN_CAPITAL_080,98578.4,SGD,MT,MT,normal,6040.0,0
27C6337B852B00C3,2024-03-02,2024-03-02 13:46:56,MERIDIAN_CAPITAL_100,CORONA_CLEARING_036,10942.08,HKD,AU,LI,velocity_burst,2.0,1
27DB3A31133DE3F0,2024-05-29,2024-05-29 08:38:05,HELIX_PAYMENTS_085,DELTA_BANCORP_032,2654.35,CHF,JP,DE,velocity_burst,25.0,0
27DC892F4336F816,2024-01-22,2024-01-22 20:01:06,QUANTUM_CLEARING_166,OBSIDIAN_PARTNERS_008,8308.62,CHF,FR,FR,velocity_burst,20.0,1
27DE0CD63E0DE957,2024-04-18,2024-04-18 23:13:48,ZENITH_FUND_047,OMEGA_FIN_013,242133.32,EUR,DE,VG,normal,2802.0,0
27EBA2AC56A4C79B,2024-05-10,2024-05-10 05:05:41,ATLAS_BANCORP_142,NEXUS_TRUST_011,9913.89,CHF,DE,UK,structuring,1.0,0
280FE8E4C6C1BC67,2024-01-22,2024-01-22 20:01:22,QUANTUM_CLEARING_166,ATLAS_BANCORP_082,3055.14,HKD,PA,US,velocity_burst,16.0,1
281B516EC437C9F9,2024-05-29,2024-05-29 08:37:13,HELIX_PAYMENTS_085,OBSIDIAN_PARTNERS_128,1694.93,USD,AU,KY,velocity_burst,18.0,0
281E0B9E76E51A94,2024-01-18,2024-01-18 05:54:46,STRATUS_FUND_137,STRATUS_FUND_037,336677.88,SGD,FR,KY,normal,13901.0,0
281EDC3FB97D0C98,2024-03-27,2024-03-27 10:53:55,AXIOM_PARTNERS_138,APEX_CREDIT_134,8356.24,HKD,AE,UK,normal,3649.0,0
2821AAA6A26E4187,2024-04-20,2024-04-20 16:03:00,ECLIPSE_HOLDINGS_009,ZENITH_FUND_027,36546.61,USD,AU,LI,normal,7488.0,0
2825057D1BEF3BBE,2024-02-21,2024-02-21 13:41:38,VORTEX_CREDIT_124,VERTEX_PAYMENTS_055,84087.12,GBP,SG,AE,normal,8262.0,0
2830DB12AF347BF3,2024-06-14,2024-06-14 23:46:01,STRATUS_FUND_197,PRIME_HOLDINGS_039,8897.07,GBP,KY,PA,structuring,128.0,1
28390686AB0B7C72,2024-04-01,2024-04-01 09:23:10,QUANTUM_CLEARING_166,AXIOM_PARTNERS_138,9381.34,EUR,KY,KY,structuring,72.0,0
283963787B6FB957,2024-02-01,2024-02-01 16:34:39,OBSIDIAN_PARTNERS_148,HELIX_PAYMENTS_065,316223.73,SGD,MT,VG,layering,741.0,0
283AB86AE762F968,2024-05-24,2024-05-24 00:57:31,MERIDIAN_CAPITAL_140,VORTEX_CREDIT_104,46868.92,CHF,MT,CY,high_risk_jx,3.0,0
283CFEA6383A171E,2024-03-30,2024-03-30 15:27:11,QUANTUM_CLEARING_106,ATLAS_BANCORP_082,8095.53,USD,CY,KY,structuring,367.0,0
2840E0CFB016049D,2024-05-04,2024-05-04 14:33:02,OBSIDIAN_PARTNERS_088,HELIX_PAYMENTS_165,102354.47,USD,MT,CY,normal,270.0,0
2846B07A8F57B427,2024-03-14,2024-03-14 23:45:41,ZENITH_FUND_147,APEX_CREDIT_074,5052.78,AED,SG,UK,velocity_burst,11.0,0
2850CC1B518EB1AD,2024-01-21,2024-01-21 21:58:25,SOLARIS_FIN_103,QUANTUM_CLEARING_106,85230.97,EUR,UK,CY,normal,385.0,0
286668A360FABF82,2024-03-02,2024-03-02 13:51:40,MERIDIAN_CAPITAL_100,HELIX_PAYMENTS_145,12245.79,AED,JP,JP,velocity_burst,20.0,1
286FFAE760786F16,2024-03-02,2024-03-02 23:28:10,OBSIDIAN_PARTNERS_088,MERIDIAN_CAPITAL_100,3128.71,AED,DE,UK,velocity_burst,79.0,0
28831577258E5C29,2024-02-04,2024-02-04 03:47:11,ECLIPSE_HOLDINGS_009,STRATUS_FUND_017,10148.75,HKD,DE,CY,normal,522.0,0
288DCD16BA7C08AA,2024-01-13,2024-01-13 20:08:29,OMEGA_FIN_073,CIPHER_CAPITAL_090,2225.69,EUR,SG,AE,normal,1866.0,0
2893F9CC2103694D,2024-06-26,2024-06-26 16:06:19,NEXUS_TRUST_031,VERTEX_PAYMENTS_035,318631.71,HKD,LI,PA,layering,422.0,0
28958C719F0010B2,2024-05-22,2024-05-22 05:01:25,DELTA_BANCORP_192,APEX_CREDIT_194,11613.3,CHF,PA,US,velocity_burst,8848.0,0
28969B1333731D58,2024-06-02,2024-06-02 17:36:37,APEX_CREDIT_114,AXIOM_PARTNERS_158,468787.1,CHF,AE,PA,high_risk_jx,4210.0,0
28B23226D686784A,2024-05-02,2024-05-02 01:53:41,ECLIPSE_HOLDINGS_189,OBSIDIAN_PARTNERS_188,269656.4,SGD,SG,LI,normal,3269.0,0
28F8B0F4FDADBED8,2024-02-09,2024-02-09 15:07:24,ZENITH_FUND_047,VERTEX_PAYMENTS_115,18335.49,CHF,CY,KY,normal,339.0,0
2912013CA88FC458,2024-04-20,2024-04-20 21:15:30,OBSIDIAN_PARTNERS_048,HELIX_PAYMENTS_165,747.95,HKD,UK,FR,normal,4778.0,0
29367FB3B2CE4EDA,2024-04-25,2024-04-25 17:08:20,AXIOM_PARTNERS_058,CIPHER_CAPITAL_050,8179.17,SGD,PA,AU,velocity_burst,50.0,1
293B0D70A71C0524,2024-02-04,2024-02-04 12:52:03,MERIDIAN_CAPITAL_100,VERTEX_PAYMENTS_075,3870.39,HKD,JP,US,velocity_burst,30.0,1
293CFF951B519D9A,2024-01-21,2024-01-21 18:33:34,ZENITH_FUND_107,ATLAS_BANCORP_162,129528.95,USD,UK,AE,normal,3012.0,0
2943E5136F199392,2024-01-01,2024-01-01 19:34:49,NEXUS_TRUST_111,OMEGA_FIN_033,4706.78,EUR,DE,CY,normal,9634.0,0
2958D50DF1E17CA0,2024-04-01,2024-04-01 04:09:47,MERIDIAN_CAPITAL_160,STRATUS_FUND_157,9597.81,HKD,MT,KY,structuring,370.0,1
296DA5DFD7A70F92,2024-01-20,2024-01-20 01:59:25,ZENITH_FUND_167,VORTEX_CREDIT_104,2689.53,USD,UK,VG,normal,10096.0,0
297E197EE87AB4E,2024-04-21,2024-04-21 10:02:15,CORONA_CLEARING_096,CIPHER_CAPITAL_030,6863.93,EUR,DE,US,velocity_burst,2.0,0
2991164D2FADB227,2024-02-21,2024-02-21 23:55:57,CIPHER_CAPITAL_130,DELTA_BANCORP_052,19132.14,AED,VG,KY,normal,5521.0,0
29B05B8A6F8F8C21,2024-02-16,2024-02-16 22:26:07,PRIME_HOLDINGS_139,MERIDIAN_CAPITAL_160,39446.94,SGD,DE,FR,normal,9311.0,0
29B155228DFC744F,2024-04-22,2024-04-22 02:13:47,OBSIDIAN_PARTNERS_108,SOLARIS_FIN_023,9758.05,GBP,KY,VG,structuring,78.0,1
29B8A73D50D81C09,2024-03-30,2024-03-30 15:17:43,QUANTUM_CLEARING_106,AXIOM_PARTNERS_118,9158.85,CHF,LI,MT,structuring,493.0,0
29DC38614A941825,2024-03-13,2024-03-13 09:50:05,HELIX_PAYMENTS_025,ECLIPSE_HOLDINGS_009,3827.59,USD,UK,LI,normal,5637.0,0
29DFFA9C1B819629,2024-02-22,2024-02-22 08:26:03,HELIX_PAYMENTS_005,CORONA_CLEARING_196,13758.33,USD,AU,CY,velocity_burst,10.0,0
29EEB072933A0155,2024-04-09,2024-04-09 01:22:36,AXIOM_PARTNERS_018,CIPHER_CAPITAL_190,4345.15,AED,US,PA,velocity_burst,60.0,0
29F8B781E0E0D68A,2024-05-04,2024-05-04 23:22:31,APEX_CREDIT_014,NEXUS_TRUST_071,10545.9,SGD,FR,SG,velocity_burst,15.0,0
2A04365BAABA7007,2024-04-18,2024-04-18 03:18:57,DELTA_BANCORP_072,VERTEX_PAYMENTS_055,7462.04,HKD,VG,KY,velocity_burst,15.0,0
2A0A1D798D085436,2024-05-15,2024-05-15 10:34:59,QUANTUM_CLEARING_166,CIPHER_CAPITAL_010,13175.29,SGD,LI,FR,velocity_burst,79.0,1
2A2A2E7E93547EFE,2024-01-02,2024-01-02 13:43:06,SOLARIS_FIN_043,CIPHER_CAPITAL_090,29141.54,CHF,VG,MT,normal,372.0,0
2A2DCDF5E7797669,2024-05-10,2024-05-10 07:34:38,VORTEX_CREDIT_184,APEX_CREDIT_194,1923.57,HKD,UK,UK,velocity_burst,29.0,1
2A3372C247AE16FF,2024-06-19,2024-06-19 23:19:47,OBSIDIAN_PARTNERS_028,NOVA_TRUST_161,548097.7,AED,US,DE,normal,357.0,0
2A46CC0D597D071E,2024-06-12,2024-06-12 01:56:09,QUANTUM_CLEARING_026,SOLARIS_FIN_163,34134.41,USD,US,SG,normal,6296.0,0
2A5C625F8440A3E3,2024-05-29,2024-05-29 00:54:34,OMEGA_FIN_153,ECLIPSE_HOLDINGS_109,8501.09,HKD,UK,JP,normal,5246.0,0
2A5CF7ED44B9DEEC,2024-06-09,2024-06-09 00:44:02,VORTEX_CREDIT_004,NEXUS_TRUST_111,14276.88,CHF,FR,JP,velocity_burst,8.0,0
2A62ED3DE30C95D1,2024-03-29,2024-03-29 01:43:50,APEX_CREDIT_034,CIPHER_CAPITAL_050,704465.1,AED,FR,UK,normal,9975.0,0
2A95EA59A5768B02,2024-01-03,2024-01-03 05:50:39,AXIOM_PARTNERS_118,QUANTUM_CLEARING_046,10830.41,HKD,DE,LI,velocity_burst,3.0,0
2A9991298CD91E55,2024-06-06,2024-06-06 10:25:28,CORONA_CLEARING_076,HELIX_PAYMENTS_085,10647.89,CHF,AU,UK,normal,275.0,0
2AA895FB76E07087,2024-03-30,2024-03-30 01:50:13,HELIX_PAYMENTS_065,NEXUS_TRUST_171,105896.8,USD,CY,PA,layering,344.0,0
2AA94FC6E6D07352,2024-02-24,2024-02-24 02:22:43,ATLAS_BANCORP_002,ECLIPSE_HOLDINGS_149,6048.06,EUR,AE,VG,velocity_burst,8510.0,0
2AAA23DD3C1B68AD,2024-05-19,2024-05-19 02:08:50,ZENITH_FUND_067,OMEGA_FIN_193,81729.03,SGD,UK,KY,layering,374.0,0
2ABCC5EBE44184C7,2024-05-06,2024-05-06 11:25:47,APEX_CREDIT_194,HELIX_PAYMENTS_125,447553.05,HKD,CY,CY,high_risk_jx,549.0,0
2AC82D1CFBA2ED17,2024-04-10,2024-04-10 08:44:41,QUANTUM_CLEARING_146,STRATUS_FUND_137,10924.6,GBP,UK,JP,normal,1236.0,0
2ADB67A26AC0DAD0,2024-02-26,2024-02-26 07:42:02,OMEGA_FIN_073,ECLIPSE_HOLDINGS_129,14920.31,GBP,PA,CY,normal,449.0,0
2ADE6B9C278ED457,2024-02-26,2024-02-26 10:20:32,ECLIPSE_HOLDINGS_089,ECLIPSE_HOLDINGS_189,2613.97,GBP,DE,FR,velocity_burst,0.0,0
2AEAAC341A11F8CE,2024-03-05,2024-03-05 04:01:59,PRIME_HOLDINGS_139,ZENITH_FUND_007,2239.04,SGD,DE,US,velocity_burst,14.0,1
2AEDCFB981D1ADEC,2024-02-13,2024-02-13 02:49:34,STRATUS_FUND_017,VORTEX_CREDIT_124,19388.43,SGD,UK,FR,normal,3940.0,0
2B149379C3822140,2024-03-31,2024-03-31 04:18:43,AXIOM_PARTNERS_138,NOVA_TRUST_141,34042.22,GBP,JP,AU,normal,6428.0,0
2B2256BFDF1B92FE,2024-01-09,2024-01-09 07:45:42,DELTA_BANCORP_072,HELIX_PAYMENTS_105,8090.41,AED,DE,KY,normal,2895.0,0
2B39070C9B0E5534,2024-01-26,2024-01-26 09:50:26,STRATUS_FUND_137,ZENITH_FUND_087,45715.07,SGD,FR,CY,layering,174.0,0
2B407B35A9FFE84E,2024-06-26,2024-06-26 09:45:22,STRATUS_FUND_097,CORONA_CLEARING_036,100478.76,GBP,LI,FR,normal,34216.0,0
2B4195DC9F3F2011,2024-03-28,2024-03-28 09:40:51,PRIME_HOLDINGS_099,NEXUS_TRUST_171,230966.37,EUR,SG,LI,layering,541.0,0
2B49605E19855CF7,2024-02-14,2024-02-14 15:48:45,NEXUS_TRUST_091,CIPHER_CAPITAL_050,1364.56,SGD,SG,DE,velocity_burst,2003.0,0
2B4DCB401826E25C,2024-01-07,2024-01-07 17:01:03,CIPHER_CAPITAL_090,AXIOM_PARTNERS_058,8803.34,AED,MT,PA,structuring,432.0,0
2B5083133FFB1C4C,2024-03-12,2024-03-12 18:51:14,APEX_CREDIT_074,MERIDIAN_CAPITAL_160,427.68,CHF,AE,DE,normal,7511.0,0
2B56A63FEA187C74,2024-01-01,2024-01-01 22:49:59,HELIX_PAYMENTS_085,SOLARIS_FIN_003,4389.71,AED,KY,UK,velocity_burst,4.0,0
2B574366BAC362C7,2024-01-15,2024-01-15 05:27:33,DELTA_BANCORP_112,NOVA_TRUST_061,208876.27,AED,VG,CY,normal,649.0,0
2B5EAA42761E9B51,2024-06-16,2024-06-16 01:26:56,ZENITH_FUND_067,DELTA_BANCORP_132,8916.54,AED,KY,DE,velocity_burst,2.0,1
2B61E954A9A44495,2024-03-21,2024-03-21 23:50:58,NOVA_TRUST_141,QUANTUM_CLEARING_006,947.78,HKD,US,PA,normal,2439.0,0
2B7471B7DD0A2FE7,2024-05-14,2024-05-14 18:49:48,SOLARIS_FIN_023,HELIX_PAYMENTS_025,422.15,GBP,VG,VG,normal,8965.0,0
2B898690978546C,2024-04-21,2024-04-21 10:09:22,CORONA_CLEARING_096,VORTEX_CREDIT_064,13929.55,SGD,KY,PA,velocity_burst,135.0,1
2BAB2F6C35668699,2024-03-23,2024-03-23 23:08:48,SOLARIS_FIN_043,HELIX_PAYMENTS_025,9794.07,USD,VG,CY,structuring,118.0,0
2BACE1DEAF77221C,2024-06-16,2024-06-16 01:25:44,ZENITH_FUND_067,OMEGA_FIN_073,1092.48,AED,SG,PA,velocity_burst,30015.0,0
2BD92D3EC38F1F37,2024-05-31,2024-05-31 01:34:10,ZENITH_FUND_007,OBSIDIAN_PARTNERS_048,1984.61,AED,FR,JP,velocity_burst,20.0,0
2BF53D7E9B9F2B52,2024-03-14,2024-03-14 10:11:01,CIPHER_CAPITAL_010,STRATUS_FUND_177,9802.35,USD,PA,US,structuring,4616.0,0
2C0439AA29580DB1,2024-05-04,2024-05-04 19:16:47,NOVA_TRUST_021,VERTEX_PAYMENTS_055,8235.66,AED,UK,SG,normal,12257.0,0
2C08B78E939A07EE,2024-04-23,2024-04-23 16:17:44,CORONA_CLEARING_156,OMEGA_FIN_013,10700.01,AED,SG,US,velocity_burst,7133.0,0
2C102235925E3160,2024-01-13,2024-01-13 08:22:58,NOVA_TRUST_001,SOLARIS_FIN_143,49745.77,GBP,UK,CY,circular_flow,2377.0,0
2C128A054C30B775,2024-01-03,2024-01-03 17:45:41,STRATUS_FUND_197,NEXUS_TRUST_051,3391.19,CHF,JP,DE,normal,758.0,0
2C201275C3FD94AB,2024-02-07,2024-02-07 03:29:30,ATLAS_BANCORP_142,CORONA_CLEARING_076,325.46,USD,FR,JP,normal,3045.0,0
2C34CC8AEEBEF18B,2024-03-31,2024-03-31 11:04:28,OMEGA_FIN_033,CIPHER_CAPITAL_150,396941.37,GBP,JP,VG,normal,9987.0,0
2C48DD0B3BFD2928,2024-02-15,2024-02-15 04:59:10,ZENITH_FUND_187,STRATUS_FUND_177,362484.99,USD,DE,SG,normal,416.0,0
2C56A4EECF5E6F11,2024-01-30,2024-01-30 11:14:27,HELIX_PAYMENTS_045,ZENITH_FUND_107,622688.48,CHF,PA,PA,normal,1731.0,0
2C7420CE1DF5C7A8,2024-07-01,2024-07-01 14:45:53,PRIME_HOLDINGS_199,CORONA_CLEARING_096,41719.73,EUR,VG,PA,normal,3342.0,0
2C88A502A29D7AC2,2024-06-24,2024-06-24 03:02:05,SOLARIS_FIN_003,MERIDIAN_CAPITAL_180,1523.3,SGD,DE,JP,normal,12029.0,0
2CA682BFEFCECAA7,2024-03-19,2024-03-19 21:08:29,APEX_CREDIT_054,QUANTUM_CLEARING_086,136581.0,GBP,FR,LI,normal,5905.0,0
2CAF6CD01DA0DF87,2024-03-30,2024-03-30 13:48:27,DELTA_BANCORP_112,NOVA_TRUST_121,716.78,AED,UK,LI,velocity_burst,45.0,1
2CB7A6AC2142D455,2024-03-03,2024-03-03 03:59:42,PRIME_HOLDINGS_199,CIPHER_CAPITAL_110,370247.18,EUR,MT,AU,normal,4383.0,0
2CB81748C177CA39,2024-01-10,2024-01-10 01:27:02,MERIDIAN_CAPITAL_020,HELIX_PAYMENTS_125,1520.71,EUR,KY,VG,normal,1427.0,0
2CCAB41C70DB2CF2,2024-04-09,2024-04-09 01:22:40,AXIOM_PARTNERS_018,NEXUS_TRUST_071,4021.78,SGD,AU,FR,velocity_burst,4.0,0
2CCF1E7BB7C9687B,2024-06-06,2024-06-06 09:45:47,OMEGA_FIN_053,NOVA_TRUST_021,13505.06,HKD,PA,UK,velocity_burst,24.0,0
2CCF6A026B5C091A,2024-02-26,2024-02-26 00:54:28,ECLIPSE_HOLDINGS_189,SOLARIS_FIN_063,7361.72,HKD,DE,PA,normal,88.0,0
2CD34DBF122F15CA,2024-02-18,2024-02-18 06:21:44,DELTA_BANCORP_072,QUANTUM_CLEARING_166,5524.69,GBP,AE,KY,velocity_burst,31.0,1
2CD8CC42648F29AA,2024-05-25,2024-05-25 01:52:22,HELIX_PAYMENTS_145,STRATUS_FUND_037,86520.6,AED,VG,US,normal,3088.0,0
2CD8F33F54C80D9A,2024-01-02,2024-01-02 17:32:04,VERTEX_PAYMENTS_035,PRIME_HOLDINGS_059,1051.63,CHF,JP,CY,normal,3866.0,0
2CE4877B9A59496B,2024-06-09,2024-06-09 12:43:37,ECLIPSE_HOLDINGS_189,ECLIPSE_HOLDINGS_149,2704.48,USD,LI,LI,normal,14474.0,0
2D024418EEFBB893,2024-03-30,2024-03-30 08:25:02,DELTA_BANCORP_112,ECLIPSE_HOLDINGS_189,126531.8,EUR,UK,SG,normal,992.0,0
2D074B95D326E179,2024-03-05,2024-03-05 06:58:17,NOVA_TRUST_161,SOLARIS_FIN_003,42164.57,HKD,JP,JP,normal,4721.0,0
2D0C807CB183841D,2024-03-21,2024-03-21 22:25:29,CIPHER_CAPITAL_090,PRIME_HOLDINGS_099,53926.43,GBP,UK,AE,normal,1288.0,0
2D112CCD7157718D,2024-01-09,2024-01-09 11:28:25,MERIDIAN_CAPITAL_040,CORONA_CLEARING_196,2077.23,EUR,KY,AE,normal,2759.0,0
2D14B89B48DD9B56,2024-01-09,2024-01-09 22:28:29,HELIX_PAYMENTS_065,CIPHER_CAPITAL_070,9351.55,HKD,CY,SG,normal,1028.0,0
2D2CBC4B34089378,2024-05-24,2024-05-24 06:15:20,CORONA_CLEARING_136,OBSIDIAN_PARTNERS_108,12831.9,SGD,MT,MT,normal,3762.0,0
2D4790C79E1E5C2,2024-05-08,2024-05-08 23:14:17,NOVA_TRUST_101,ECLIPSE_HOLDINGS_069,7781.59,AED,JP,AE,normal,1518.0,0
2D487BE08562D34E,2024-04-23,2024-04-23 09:19:50,QUANTUM_CLEARING_166,QUANTUM_CLEARING_046,1094.27,CHF,KY,JP,normal,9196.0,0
2D4DDE4E6B810790,2024-03-07,2024-03-07 14:23:40,CIPHER_CAPITAL_110,NEXUS_TRUST_071,9234.07,HKD,AU,LI,structuring,183.0,1
2D686303AFC4F69C,2024-06-10,2024-06-10 10:40:18,APEX_CREDIT_014,SOLARIS_FIN_063,23422.1,SGD,SG,UK,normal,5222.0,0
2D72049ED9EF4DE2,2024-07-04,2024-07-04 18:15:47,HELIX_PAYMENTS_145,SOLARIS_FIN_123,9290.61,HKD,AU,FR,normal,4447.0,0
2D73B0DB2DC4FD5F,2024-03-04,2024-03-04 03:25:52,APEX_CREDIT_054,SOLARIS_FIN_103,8367.58,HKD,AE,VG,normal,1593.0,0
2D774AD4BBF0834B,2024-06-28,2024-06-28 15:15:43,APEX_CREDIT_094,HELIX_PAYMENTS_185,85524.31,AED,PA,KY,normal,10742.0,0
2D8C7B1479BB70B2,2024-06-14,2024-06-14 23:46:44,PRIME_HOLDINGS_119,HELIX_PAYMENTS_065,43323.3,SGD,VG,SG,normal,43.0,0
2D8E40E71971413,2024-06-03,2024-06-03 04:55:24,ECLIPSE_HOLDINGS_009,APEX_CREDIT_094,8844.26,SGD,SG,MT,structuring,133.0,0
2D948A8B8E851F22,2024-01-20,2024-01-20 10:54:52,HELIX_PAYMENTS_145,MERIDIAN_CAPITAL_080,6167.16,USD,SG,CY,circular_flow,393.0,0
2D9CCF9D867AF59,2024-05-14,2024-05-14 01:33:06,VERTEX_PAYMENTS_135,PRIME_HOLDINGS_059,71680.59,HKD,FR,US,layering,630.0,0
2DA187B26EE27C0C,2024-01-08,2024-01-08 10:25:40,QUANTUM_CLEARING_106,ATLAS_BANCORP_122,29672.0,EUR,UK,US,normal,3386.0,0
2DA6609117C1B73B,2024-05-23,2024-05-23 06:09:58,AXIOM_PARTNERS_018,ECLIPSE_HOLDINGS_129,4907.97,CHF,FR,US,normal,3647.0,0
2DAAFCC16C60B8FD,2024-03-29,2024-03-29 01:54:48,ECLIPSE_HOLDINGS_169,OMEGA_FIN_133,788.66,EUR,US,AE,normal,658.0,0
2DB3A921A0234117,2024-06-28,2024-06-28 07:24:54,ECLIPSE_HOLDINGS_189,CIPHER_CAPITAL_170,2908.26,GBP,FR,KY,normal,5538.0,0
2DB6B5D72F8B40CF,2024-03-14,2024-03-14 23:45:44,ZENITH_FUND_147,HELIX_PAYMENTS_085,14845.35,HKD,CY,DE,velocity_burst,3.0,0
2DC39C43EAA07939,2024-02-04,2024-02-04 12:49:19,MERIDIAN_CAPITAL_100,NOVA_TRUST_141,2833.82,USD,UK,AU,velocity_burst,12.0,1
2DCAA4D483CADC7B,2024-03-22,2024-03-22 14:14:46,AXIOM_PARTNERS_198,CORONA_CLEARING_136,19380.72,CHF,AE,MT,normal,16019.0,0
2DE1BAFF66D23683,2024-04-01,2024-04-01 15:01:28,STRATUS_FUND_177,ZENITH_FUND_007,2918.77,AED,DE,UK,velocity_burst,12.0,0
2DE41C1A8B2B733C,2024-02-08,2024-02-08 08:53:24,ECLIPSE_HOLDINGS_169,NOVA_TRUST_061,9866.41,AED,MT,PA,structuring,306.0,0
2DEB37CF345A96B8,2024-01-23,2024-01-23 09:01:25,NOVA_TRUST_001,ECLIPSE_HOLDINGS_029,13600.53,EUR,US,AU,normal,14955.0,0
2E08DEE4CC12D5B9,2024-03-21,2024-03-21 07:08:33,QUANTUM_CLEARING_006,VERTEX_PAYMENTS_175,104426.44,EUR,VG,MT,normal,3261.0,0
2E30DF4B4695C8D9,2024-03-08,2024-03-08 07:58:15,VORTEX_CREDIT_004,OBSIDIAN_PARTNERS_128,46.57,SGD,SG,AE,normal,808.0,0
2E49A479A1507C8,2024-03-26,2024-03-26 12:25:46,PRIME_HOLDINGS_119,DELTA_BANCORP_112,713.97,AED,AE,SG,normal,2206.0,0
2E4C17C691831695,2024-03-08,2024-03-08 00:55:55,VORTEX_CREDIT_044,MERIDIAN_CAPITAL_080,9183.59,HKD,LI,LI,velocity_burst,10.0,1
2E770964B3C98A5B,2024-06-19,2024-06-19 09:42:15,NOVA_TRUST_001,NEXUS_TRUST_011,230242.52,HKD,PA,MT,high_risk_jx,3415.0,0
2EF5A64CB068E798,2024-07-07,2024-07-07 13:11:33,STRATUS_FUND_137,DELTA_BANCORP_052,3595.31,EUR,CY,CY,normal,3630.0,0
2EF797547371C2E5,2024-05-24,2024-05-24 16:06:43,OMEGA_FIN_153,PRIME_HOLDINGS_079,31004.39,GBP,UK,KY,normal,6097.0,0
2F1BC371725F4B2C,2024-01-19,2024-01-19 15:29:41,AXIOM_PARTNERS_178,DELTA_BANCORP_072,444640.68,GBP,AE,CY,layering,324.0,0
2F23CFAFB444964A,2024-01-04,2024-01-04 23:47:17,AXIOM_PARTNERS_118,HELIX_PAYMENTS_125,359685.8,CHF,KY,AE,normal,5708.0,0
2F2B40E8C778FF94,2024-02-11,2024-02-11 01:49:03,ATLAS_BANCORP_142,NEXUS_TRUST_051,6462.33,EUR,AE,AU,velocity_burst,36.0,1
2F2DC90ECBC96F9E,2024-03-14,2024-03-14 10:13:40,CIPHER_CAPITAL_010,HELIX_PAYMENTS_005,8225.34,CHF,AU,VG,structuring,159.0,0
2F3A57432CFCD2FA,2024-04-24,2024-04-24 20:55:29,AXIOM_PARTNERS_178,HELIX_PAYMENTS_125,29198.16,GBP,MT,LI,normal,553.0,0
2F40F14F84CD49C1,2024-03-09,2024-03-09 14:02:07,NOVA_TRUST_161,ATLAS_BANCORP_042,21112.51,EUR,AE,AE,normal,1352.0,0
2F4376973D1BECB,2024-02-04,2024-02-04 12:47:43,MERIDIAN_CAPITAL_100,OBSIDIAN_PARTNERS_048,5958.99,SGD,US,MT,velocity_burst,20.0,0
2F504C4CC37CB29E,2024-03-28,2024-03-28 16:22:55,ATLAS_BANCORP_042,VERTEX_PAYMENTS_175,8888.95,EUR,DE,PA,normal,24124.0,0
2F5679555912E2FA,2024-05-28,2024-05-28 20:30:23,ECLIPSE_HOLDINGS_189,NOVA_TRUST_101,136652.19,SGD,CY,PA,layering,639.0,0
2F5C42CF18FF125F,2024-01-22,2024-01-22 19:02:08,QUANTUM_CLEARING_006,MERIDIAN_CAPITAL_060,17444.1,EUR,KY,AU,circular_flow,144.0,0
2F5CACC3BACB717F,2024-05-18,2024-05-18 23:12:55,NOVA_TRUST_061,SOLARIS_FIN_183,34218.99,USD,KY,AE,normal,13869.0,0
2F6E9E80419DD5BF,2024-06-23,2024-06-23 10:12:17,AXIOM_PARTNERS_158,OMEGA_FIN_073,11849.05,AED,VG,PA,normal,7206.0,0
2F8134AD7C3F08CC,2024-04-01,2024-04-01 22:52:45,MERIDIAN_CAPITAL_060,QUANTUM_CLEARING_106,8480.98,EUR,PA,SG,structuring,462.0,1
2F8344BF2385903E,2024-05-04,2024-05-04 14:15:18,HELIX_PAYMENTS_145,DELTA_BANCORP_072,4766.43,HKD,LI,SG,normal,24047.0,0
2F8A46BBE297CCEE,2024-01-11,2024-01-11 01:51:58,PRIME_HOLDINGS_199,HELIX_PAYMENTS_145,8964.34,HKD,JP,JP,velocity_burst,6.0,0
2FB119CC752D933,2024-02-19,2024-02-19 09:34:03,CORONA_CLEARING_196,SOLARIS_FIN_003,8071.82,SGD,KY,VG,velocity_burst,32.0,1
2FD7E0ED53B55673,2024-04-21,2024-04-21 10:04:17,CORONA_CLEARING_096,APEX_CREDIT_174,14009.1,HKD,AE,CY,velocity_burst,4.0,1
2FE66E1275D7D66C,2024-05-29,2024-05-29 08:38:19,HELIX_PAYMENTS_085,VORTEX_CREDIT_184,13445.68,CHF,FR,US,velocity_burst,9.0,0
2FFD8692707AC543,2024-01-02,2024-01-02 12:18:50,MERIDIAN_CAPITAL_000,NOVA_TRUST_061,4953.84,GBP,MT,FR,velocity_burst,26.0,0
30018E8D37082436,2024-02-21,2024-02-21 06:26:54,ECLIPSE_HOLDINGS_129,MERIDIAN_CAPITAL_120,32199.56,AED,AE,AE,high_risk_jx,378.0,0
3005F8B8F40FA4A2,2024-02-12,2024-02-12 09:01:47,CIPHER_CAPITAL_190,PRIME_HOLDINGS_099,182147.26,AED,US,AE,normal,6321.0,0
300669039BFC656F,2024-04-26,2024-04-26 01:32:39,HELIX_PAYMENTS_165,VERTEX_PAYMENTS_035,3241.79,SGD,JP,KY,normal,2341.0,0
300B85B8BC00DDDD,2024-04-13,2024-04-13 23:24:52,CORONA_CLEARING_076,PRIME_HOLDINGS_099,2829.26,AED,AE,PA,normal,1800.0,0
30104C8B38FF7BD,2024-03-08,2024-03-08 00:56:59,HELIX_PAYMENTS_185,CIPHER_CAPITAL_170,6354.89,GBP,FR,LI,circular_flow,22.0,0
301478AE939D9529,2024-03-17,2024-03-17 13:30:12,DELTA_BANCORP_192,APEX_CREDIT_034,4916.88,EUR,LI,KY,normal,10339.0,0
302013C43B0C2780,2024-01-10,2024-01-10 21:48:03,CIPHER_CAPITAL_150,DELTA_BANCORP_092,8810.49,CHF,US,AE,structuring,15.0,0
3021FF5FD2533C37,2024-01-13,2024-01-13 10:47:26,STRATUS_FUND_157,VORTEX_CREDIT_004,406243.35,AED,SG,AE,layering,980.0,0
3044C53743C3D2FC,2024-07-03,2024-07-03 15:53:02,QUANTUM_CLEARING_146,NOVA_TRUST_101,8237.15,CHF,JP,DE,structuring,37.0,0
30480737D979C49C,2024-02-09,2024-02-09 15:01:45,DELTA_BANCORP_012,QUANTUM_CLEARING_126,450676.41,GBP,DE,LI,layering,224.0,0
3077D1E49263B6F1,2024-02-07,2024-02-07 02:38:45,OMEGA_FIN_033,QUANTUM_CLEARING_186,1141.51,AED,VG,PA,normal,7470.0,0
307A3F81E1D6DA6D,2024-01-17,2024-01-17 15:58:53,VERTEX_PAYMENTS_075,VORTEX_CREDIT_124,8614.99,SGD,AU,MT,structuring,247.0,0
309C235EED4C465F,2024-03-26,2024-03-26 19:48:34,QUANTUM_CLEARING_086,DELTA_BANCORP_012,8500.02,SGD,US,CY,structuring,49.0,0
30A68508F3B5425A,2024-01-27,2024-01-27 05:24:32,NOVA_TRUST_101,APEX_CREDIT_154,3609.96,EUR,AU,JP,normal,488.0,0
30A9E493669203F,2024-01-27,2024-01-27 15:50:29,OMEGA_FIN_153,QUANTUM_CLEARING_126,482.03,HKD,JP,VG,normal,642.0,0
30AD3F69F55EAE31,2024-05-29,2024-05-29 09:51:00,MERIDIAN_CAPITAL_140,NOVA_TRUST_181,445937.51,SGD,LI,JP,layering,2283.0,0
30B11F8427A56856,2024-05-09,2024-05-09 16:59:32,ECLIPSE_HOLDINGS_049,VERTEX_PAYMENTS_155,926.85,HKD,DE,KY,normal,144.0,0
30B14269E51492ED,2024-06-11,2024-06-11 07:28:01,CIPHER_CAPITAL_190,NOVA_TRUST_081,155387.44,CHF,UK,JP,normal,10150.0,0
30B89E2554F9F8B4,2024-05-01,2024-05-01 22:58:44,ECLIPSE_HOLDINGS_109,SOLARIS_FIN_043,82789.18,EUR,VG,SG,normal,592.0,0
30CC1F13E184C540,2024-05-19,2024-05-19 19:48:28,ECLIPSE_HOLDINGS_169,OBSIDIAN_PARTNERS_068,5765.58,EUR,KY,SG,velocity_burst,10.0,0
30D90D25706A3DE,2024-02-04,2024-02-04 12:48:33,MERIDIAN_CAPITAL_100,HELIX_PAYMENTS_145,847.35,HKD,VG,AU,velocity_burst,20.0,0
30EE15946DEF0E90,2024-03-17,2024-03-17 03:34:48,OBSIDIAN_PARTNERS_108,ATLAS_BANCORP_142,9062.87,EUR,DE,CY,structuring,106.0,0
30EF77D471EBB9E0,2024-04-13,2024-04-13 20:34:41,NEXUS_TRUST_051,PRIME_HOLDINGS_179,5270.92,USD,VG,DE,normal,1143.0,0
310C678649ECF753,2024-06-19,2024-06-19 18:42:33,OBSIDIAN_PARTNERS_048,VERTEX_PAYMENTS_055,42096.82,CHF,KY,DE,circular_flow,7466.0,0
310FBD28B503E212,2024-05-20,2024-05-20 06:31:34,NEXUS_TRUST_191,AXIOM_PARTNERS_098,127359.97,EUR,LI,VG,normal,11190.0,0
311AC0CFCCA6BD0F,2024-06-18,2024-06-18 15:18:54,SOLARIS_FIN_123,DELTA_BANCORP_072,7621.32,SGD,VG,AE,velocity_burst,34.0,0
312E65D645BBF0A,2024-01-03,2024-01-03 14:04:03,ECLIPSE_HOLDINGS_009,STRATUS_FUND_177,14219.32,CHF,LI,AE,normal,6539.0,0
313BF37D9595F3E9,2024-06-21,2024-06-21 02:20:43,APEX_CREDIT_154,MERIDIAN_CAPITAL_080,8803.96,EUR,FR,CY,velocity_burst,11084.0,0
3147E7D1193D9300,2024-02-19,2024-02-19 09:31:16,CORONA_CLEARING_196,CIPHER_CAPITAL_130,8098.88,CHF,AU,MT,velocity_burst,7.0,0
3154DA169C9C7650,2024-06-29,2024-06-29 07:21:34,OBSIDIAN_PARTNERS_028,APEX_CREDIT_014,121315.92,SGD,UK,LI,normal,2557.0,0
3158D33958C8B2AB,2024-02-26,2024-02-26 03:03:59,AXIOM_PARTNERS_038,VORTEX_CREDIT_124,7413.33,HKD,JP,DE,velocity_burst,14.0,1
316A9FE23897759,2024-02-24,2024-02-24 11:14:05,AXIOM_PARTNERS_078,NEXUS_TRUST_031,201905.51,USD,MT,FR,normal,1373.0,0
317B0D113A876E,2024-02-28,2024-02-28 23:46:32,APEX_CREDIT_134,AXIOM_PARTNERS_118,8666.6,HKD,US,MT,structuring,1249.0,0
31849146875B2DE6,2024-06-28,2024-06-28 07:49:08,MERIDIAN_CAPITAL_040,ZENITH_FUND_027,4129.29,CHF,DE,DE,normal,1454.0,0
318B0B4D24EDF291,2024-05-10,2024-05-10 13:35:58,PRIME_HOLDINGS_019,ECLIPSE_HOLDINGS_189,14216.06,GBP,LI,AE,velocity_burst,8.0,0
319B01D5B9471D21,2024-02-12,2024-02-12 21:20:18,ECLIPSE_HOLDINGS_169,VERTEX_PAYMENTS_015,115482.25,CHF,FR,US,normal,779.0,0
31AE2B6D4358ACA4,2024-05-13,2024-05-13 20:30:13,AXIOM_PARTNERS_138,QUANTUM_CLEARING_026,1677.74,USD,VG,FR,normal,1155.0,0
31B0A604FE4069F,2024-01-10,2024-01-10 01:46:08,OMEGA_FIN_173,NEXUS_TRUST_031,11471.28,EUR,MT,US,normal,1146.0,0
31D1DB2CD1F0F827,2024-02-17,2024-02-17 11:01:08,NOVA_TRUST_121,QUANTUM_CLEARING_186,348743.19,GBP,CY,AU,normal,2491.0,0
31E0EFACC4FE92DD,2024-01-18,2024-01-18 20:08:53,ATLAS_BANCORP_042,ZENITH_FUND_027,4595.03,USD,UK,JP,normal,4823.0,0
31F36350E187D7AC,2024-02-10,2024-02-10 16:55:37,AXIOM_PARTNERS_018,APEX_CREDIT_054,4676.21,GBP,VG,AU,normal,4932.0,0
31F8AE5BB0E2310A,2024-05-04,2024-05-04 22:16:37,PRIME_HOLDINGS_039,AXIOM_PARTNERS_138,784335.39,GBP,AE,AE,normal,5415.0,0
321410AA851C0913,2024-05-29,2024-05-29 08:38:52,HELIX_PAYMENTS_085,DELTA_BANCORP_192,8700.75,AED,AE,MT,velocity_burst,29.0,1
321A04CFD3D866C9,2024-03-30,2024-03-30 16:19:47,HELIX_PAYMENTS_065,ECLIPSE_HOLDINGS_009,1141.85,CHF,US,PA,normal,3156.0,0
3225C8BA5D61947B,2024-06-29,2024-06-29 09:42:56,CORONA_CLEARING_036,OMEGA_FIN_133,7010.47,HKD,US,CY,normal,3726.0,0
322A4E8DD8099453,2024-04-17,2024-04-17 21:55:29,APEX_CREDIT_054,QUANTUM_CLEARING_186,9624.09,GBP,AE,DE,structuring,462.0,1
322CAE3D8DCF305C,2024-04-09,2024-04-09 07:06:57,CIPHER_CAPITAL_090,AXIOM_PARTNERS_118,52721.81,GBP,SG,UK,normal,19104.0,0
3234F18F41B2982B,2024-02-09,2024-02-09 19:18:56,ZENITH_FUND_087,CIPHER_CAPITAL_090,297965.81,USD,AE,JP,normal,6548.0,0
32358401869435F4,2024-05-20,2024-05-20 01:41:43,NOVA_TRUST_181,QUANTUM_CLEARING_126,259296.86,AED,PA,VG,layering,127.0,0
324CBA6D76BD8A60,2024-07-01,2024-07-01 18:29:34,MERIDIAN_CAPITAL_120,OMEGA_FIN_133,9189.56,AED,UK,AE,normal,2534.0,0
324EFDE31254A461,2024-04-27,2024-04-27 04:42:36,OBSIDIAN_PARTNERS_008,ATLAS_BANCORP_122,19865.2,AED,KY,LI,normal,7429.0,0
325126D0CE838874,2024-03-30,2024-03-30 13:50:25,DELTA_BANCORP_112,ZENITH_FUND_107,14141.09,AED,FR,AE,velocity_burst,22.0,1
325EBC7CBADE98,2024-01-30,2024-01-30 11:40:47,MERIDIAN_CAPITAL_140,VORTEX_CREDIT_164,5405.21,SGD,KY,LI,normal,429.0,0
325F81D4C4508EFA,2024-02-03,2024-02-03 10:03:50,PRIME_HOLDINGS_019,VORTEX_CREDIT_044,360.86,SGD,KY,PA,normal,199.0,0
32616E7B76C0E188,2024-02-02,2024-02-02 18:02:45,ZENITH_FUND_067,SOLARIS_FIN_143,26197.37,USD,DE,AE,normal,21737.0,0
326B9F09F9062C4D,2024-02-03,2024-02-03 16:10:36,VERTEX_PAYMENTS_175,OBSIDIAN_PARTNERS_028,20894.26,SGD,KY,AE,normal,16527.0,0
327074C08C031022,2024-04-10,2024-04-10 19:34:35,ATLAS_BANCORP_142,APEX_CREDIT_154,7440.84,USD,AU,CY,normal,8941.0,0
329A5B94474BA7C8,2024-05-27,2024-05-27 04:40:35,STRATUS_FUND_037,PRIME_HOLDINGS_039,21430.8,GBP,DE,LI,normal,4206.0,0
32BEA13C8A201725,2024-05-08,2024-05-08 07:14:20,NOVA_TRUST_041,STRATUS_FUND_057,9855.93,GBP,DE,VG,structuring,140.0,0
32C3A894397AD081,2024-01-12,2024-01-12 08:17:50,MERIDIAN_CAPITAL_020,ZENITH_FUND_127,35622.66,HKD,UK,UK,normal,460.0,0
32C80C36ABE8884,2024-06-04,2024-06-04 10:43:37,CIPHER_CAPITAL_010,OBSIDIAN_PARTNERS_088,21784.22,SGD,PA,SG,normal,5347.0,0
32D0CE18DBE03B3F,2024-04-24,2024-04-24 21:12:23,SOLARIS_FIN_163,QUANTUM_CLEARING_186,588.35,SGD,UK,AE,normal,1014.0,0
32F2A7804DFC8EC3,2024-04-04,2024-04-04 08:57:39,ZENITH_FUND_067,OBSIDIAN_PARTNERS_168,16987.85,SGD,JP,VG,normal,20914.0,0
331A1180ABCA3BF8,2024-04-16,2024-04-16 04:26:24,ECLIPSE_HOLDINGS_169,OBSIDIAN_PARTNERS_088,582798.33,GBP,JP,AE,normal,1237.0,0
33323AA1CCC92A62,2024-03-29,2024-03-29 16:33:22,HELIX_PAYMENTS_065,OBSIDIAN_PARTNERS_048,33784.81,USD,PA,FR,normal,6524.0,0
333672369018D450,2024-03-12,2024-03-12 20:25:21,MERIDIAN_CAPITAL_040,ECLIPSE_HOLDINGS_169,9666.42,AED,MT,JP,structuring,207.0,0
334288B2DCA5A899,2024-01-11,2024-01-11 10:52:07,STRATUS_FUND_037,NEXUS_TRUST_071,22668.46,SGD,FR,VG,circular_flow,9278.0,0
3343E6C7A362829F,2024-07-03,2024-07-03 21:11:46,STRATUS_FUND_117,OMEGA_FIN_013,9793.87,CHF,KY,MT,structuring,24.0,0
334DE8E4DF41AAE7,2024-03-30,2024-03-30 18:47:37,VORTEX_CREDIT_184,VERTEX_PAYMENTS_095,529021.55,AED,LI,AU,normal,1683.0,0
3355DA43AD7FB97D,2024-06-29,2024-06-29 20:38:14,OBSIDIAN_PARTNERS_148,CIPHER_CAPITAL_070,21634.86,AED,SG,DE,normal,480.0,0
33583E8B69BA0FDE,2024-06-21,2024-06-21 07:59:07,CORONA_CLEARING_096,VORTEX_CREDIT_124,28879.63,HKD,VG,JP,normal,8317.0,0
336C337766996546,2024-05-12,2024-05-12 19:23:32,NOVA_TRUST_041,ECLIPSE_HOLDINGS_069,425094.17,GBP,LI,LI,layering,271.0,0
3370B84F7EFCF941,2024-02-09,2024-02-09 08:33:13,STRATUS_FUND_137,MERIDIAN_CAPITAL_040,440826.54,HKD,KY,AE,layering,479.0,0
337B92DB16F4F43F,2024-06-20,2024-06-20 12:53:48,CIPHER_CAPITAL_170,NEXUS_TRUST_151,48393.21,SGD,UK,UK,normal,298.0,0
337D1B0D7439BBC0,2024-03-17,2024-03-17 14:35:51,CORONA_CLEARING_096,STRATUS_FUND_057,8873.77,HKD,JP,UK,structuring,1.0,0
33822353BC6EEDF1,2024-01-07,2024-01-07 15:42:15,CORONA_CLEARING_136,ATLAS_BANCORP_102,17096.33,EUR,UK,AE,normal,2225.0,0
339082AE8ACBEE4E,2024-03-08,2024-03-08 00:56:10,VORTEX_CREDIT_044,VERTEX_PAYMENTS_095,3003.89,AED,FR,LI,velocity_burst,5.0,1
3396C985502416EE,2024-02-28,2024-02-28 13:00:37,HELIX_PAYMENTS_145,ZENITH_FUND_187,79228.31,AED,CY,JP,normal,1614.0,0
339AEF3D1FA0C943,2024-06-12,2024-06-12 04:49:11,CIPHER_CAPITAL_070,OMEGA_FIN_113,163.19,SGD,KY,AU,normal,1595.0,0
33A2C241781A0750,2024-05-10,2024-05-10 13:17:59,STRATUS_FUND_077,PRIME_HOLDINGS_159,46907.4,CHF,AE,LI,normal,2662.0,0
33A81CF8B332F961,2024-01-17,2024-01-17 14:52:45,VERTEX_PAYMENTS_095,NEXUS_TRUST_031,9784.71,SGD,SG,AE,structuring,136.0,0
33BC894DF8509CCF,2024-05-10,2024-05-10 13:36:26,PRIME_HOLDINGS_019,CORONA_CLEARING_016,5118.03,AED,PA,CY,velocity_burst,10.0,0
33BF148BDEC8AB80,2024-04-12,2024-04-12 09:23:31,NEXUS_TRUST_091,HELIX_PAYMENTS_125,279356.95,USD,DE,AE,normal,9275.0,0
33CA436A89217E82,2024-04-12,2024-04-12 16:55:22,OBSIDIAN_PARTNERS_008,VORTEX_CREDIT_184,10389.81,EUR,KY,AU,normal,2167.0,0
33D1C5812677567E,2024-03-09,2024-03-09 21:07:08,NEXUS_TRUST_051,ECLIPSE_HOLDINGS_049,1017.02,AED,VG,CY,normal,4798.0,0
33DDD27789DD9482,2024-05-25,2024-05-25 17:45:06,HELIX_PAYMENTS_125,ATLAS_BANCORP_122,421376.41,HKD,MT,VG,layering,11.0,0
33F28D07CB78E4CC,2024-01-11,2024-01-11 14:40:02,OMEGA_FIN_073,STRATUS_FUND_057,2664.75,AED,DE,UK,normal,2274.0,0
33FF1A06FDD92F9E,2024-02-25,2024-02-25 14:04:24,QUANTUM_CLEARING_186,PRIME_HOLDINGS_179,328281.96,AED,SG,KY,layering,804.0,0
340581011587C5FB,2024-04-14,2024-04-14 16:26:35,QUANTUM_CLEARING_106,AXIOM_PARTNERS_178,8869.01,AED,MT,LI,structuring,313.0,1
342A4F56E6413CB0,2024-03-30,2024-03-30 01:59:23,NEXUS_TRUST_191,CIPHER_CAPITAL_030,4209.26,GBP,PA,UK,normal,278.0,0
3432F023525BE69F,2024-02-07,2024-02-07 11:26:53,QUANTUM_CLEARING_006,OMEGA_FIN_093,364854.29,SGD,LI,MT,layering,9918.0,0
343EADFC469AA4E7,2024-04-02,2024-04-02 19:20:53,ZENITH_FUND_127,QUANTUM_CLEARING_086,513.59,AED,LI,KY,normal,11744.0,0
34402DD14C405E13,2024-05-18,2024-05-18 12:06:19,HELIX_PAYMENTS_145,DELTA_BANCORP_152,10096.45,SGD,FR,DE,normal,6248.0,0
3444EBDB3D93C027,2024-02-18,2024-02-18 20:17:01,QUANTUM_CLEARING_086,HELIX_PAYMENTS_185,50613.53,CHF,MT,UK,layering,935.0,0
3452037E919E6008,2024-02-20,2024-02-20 18:00:31,VORTEX_CREDIT_044,STRATUS_FUND_157,6220.9,GBP,MT,AU,velocity_burst,12.0,1
34587521AC219F72,2024-01-21,2024-01-21 04:10:07,ZENITH_FUND_167,CORONA_CLEARING_056,7501.77,HKD,FR,SG,normal,1906.0,0
346F3875CE2FCFD9,2024-01-07,2024-01-07 16:53:51,CIPHER_CAPITAL_090,OBSIDIAN_PARTNERS_148,9056.6,HKD,KY,JP,structuring,82.0,0
3482C2C3D608852A,2024-06-12,2024-06-12 19:32:38,APEX_CREDIT_094,HELIX_PAYMENTS_145,6306.06,USD,MT,PA,normal,2425.0,0
348D28AC5FB4293B,2024-05-05,2024-05-05 20:09:06,VORTEX_CREDIT_064,HELIX_PAYMENTS_185,13728.63,CHF,KY,MT,normal,3952.0,0
34A4BC22DB75073E,2024-04-19,2024-04-19 07:43:45,APEX_CREDIT_034,APEX_CREDIT_174,2332.01,AED,MT,UK,normal,3185.0,0
34ACF5AAE427B97F,2024-04-27,2024-04-27 01:37:51,AXIOM_PARTNERS_038,VORTEX_CREDIT_124,116857.06,EUR,KY,DE,normal,586.0,0
34B0DC3991FB5288,2024-05-07,2024-05-07 08:01:09,CORONA_CLEARING_076,CIPHER_CAPITAL_030,14182.93,GBP,AE,AU,normal,18441.0,0
34C291FBBC63B1AB,2024-01-25,2024-01-25 12:22:48,NOVA_TRUST_141,SOLARIS_FIN_163,2332.93,SGD,UK,UK,normal,124.0,0
34D838ACE55D95D5,2024-02-15,2024-02-15 22:04:10,SOLARIS_FIN_183,NEXUS_TRUST_051,6062.71,USD,KY,AE,normal,2225.0,0
34E3678749E85D68,2024-02-26,2024-02-26 10:21:34,ECLIPSE_HOLDINGS_089,SOLARIS_FIN_083,8099.14,GBP,KY,KY,velocity_burst,0.0,1
34EDAE6860A3CC9E,2024-04-26,2024-04-26 04:32:20,SOLARIS_FIN_063,ECLIPSE_HOLDINGS_149,144364.75,SGD,FR,FR,normal,2391.0,0
34F425FA9DBAA20B,2024-04-14,2024-04-14 05:03:31,ZENITH_FUND_107,HELIX_PAYMENTS_105,23765.72,SGD,MT,VG,normal,6212.0,0
34F446C070AC8A6A,2024-02-10,2024-02-10 22:11:56,OMEGA_FIN_113,STRATUS_FUND_197,5881.42,EUR,JP,MT,normal,755.0,0
34F6479ECA6A246C,2024-02-25,2024-02-25 17:33:56,CIPHER_CAPITAL_050,NEXUS_TRUST_191,1222.0,GBP,LI,MT,normal,3928.0,0
34F6624C94A0D569,2024-04-01,2024-04-01 13:00:52,ZENITH_FUND_007,NEXUS_TRUST_051,2478.63,USD,MT,MT,velocity_burst,116.0,1
350266C43BF54E7D,2024-01-28,2024-01-28 02:10:49,ZENITH_FUND_087,NOVA_TRUST_161,16851.84,EUR,SG,DE,circular_flow,4761.0,0
3509806DC937DF6A,2024-05-29,2024-05-29 08:37:20,HELIX_PAYMENTS_085,ATLAS_BANCORP_162,11603.69,HKD,PA,CY,velocity_burst,5.0,0
350A09858C658A7B,2024-04-21,2024-04-21 10:04:13,CORONA_CLEARING_096,DELTA_BANCORP_092,14828.64,CHF,JP,JP,velocity_burst,50.0,1
351D3118BBEEA73,2024-01-02,2024-01-02 13:36:26,NOVA_TRUST_181,OBSIDIAN_PARTNERS_168,12342.5,GBP,AU,VG,velocity_burst,42.0,0
3539F783C9C41BCD,2024-02-07,2024-02-07 11:41:11,OMEGA_FIN_093,NOVA_TRUST_101,346611.58,AED,MT,SG,layering,510.0,0
353DC4ECDBEDECB,2024-07-03,2024-07-03 19:50:12,DELTA_BANCORP_172,MERIDIAN_CAPITAL_000,4188.05,EUR,CY,UK,normal,1392.0,0
3542F8D8B6ABF3D8,2024-03-24,2024-03-24 03:24:56,MERIDIAN_CAPITAL_060,QUANTUM_CLEARING_166,194749.64,EUR,FR,US,normal,3975.0,0
354428BB466B41D2,2024-06-16,2024-06-16 01:45:36,OBSIDIAN_PARTNERS_008,NOVA_TRUST_081,12833.56,CHF,UK,UK,normal,1066.0,0
354C187777B2C75C,2024-04-01,2024-04-01 12:55:57,ZENITH_FUND_007,ECLIPSE_HOLDINGS_009,8219.9,GBP,AU,KY,velocity_burst,36.0,1
35617A6C358DC9ED,2024-04-01,2024-04-01 15:00:38,STRATUS_FUND_177,VORTEX_CREDIT_104,12839.58,GBP,MT,AU,velocity_burst,10.0,0
356AB4C3503F1518,2024-06-06,2024-06-06 09:44:08,OMEGA_FIN_053,DELTA_BANCORP_172,6823.1,SGD,MT,SG,velocity_burst,13.0,0
356D0F41549065B8,2024-06-01,2024-06-01 11:25:52,MERIDIAN_CAPITAL_040,STRATUS_FUND_157,21266.45,HKD,DE,JP,normal,3910.0,0
357EA521557BDE6D,2024-02-26,2024-02-26 03:06:43,AXIOM_PARTNERS_038,CORONA_CLEARING_156,8974.38,USD,JP,LI,velocity_burst,73.0,1
358E8507E9E8DE07,2024-04-13,2024-04-13 20:15:38,MERIDIAN_CAPITAL_140,ZENITH_FUND_047,76450.86,HKD,PA,AE,high_risk_jx,3390.0,0
358F7C5527DBE940,2024-04-03,2024-04-03 19:29:43,MERIDIAN_CAPITAL_060,AXIOM_PARTNERS_038,259.6,GBP,JP,VG,normal,9406.0,0
35A6BC09EC64F7DB,2024-01-20,2024-01-20 06:52:18,NEXUS_TRUST_151,SOLARIS_FIN_023,1544.42,GBP,MT,JP,velocity_burst,25.0,0
35A81CE2868E1E97,2024-01-08,2024-01-08 17:19:35,NEXUS_TRUST_011,HELIX_PAYMENTS_025,24157.23,SGD,VG,LI,normal,252.0,0
35BD49DB88237E74,2024-01-31,2024-01-31 19:43:56,HELIX_PAYMENTS_045,PRIME_HOLDINGS_119,1177619.7,EUR,AE,KY,normal,3136.0,0
35E4361C16B2668B,2024-04-06,2024-04-06 18:04:37,OBSIDIAN_PARTNERS_008,HELIX_PAYMENTS_025,171700.96,CHF,AU,FR,normal,1766.0,0
360F9E614499588F,2024-06-25,2024-06-25 13:43:05,CORONA_CLEARING_076,NOVA_TRUST_001,9859.34,AED,SG,VG,structuring,557.0,0
3622F8E34BAC6A4C,2024-02-05,2024-02-05 09:31:34,MERIDIAN_CAPITAL_180,STRATUS_FUND_117,6789.2,AED,PA,UK,normal,1367.0,0
364375C5A14D8120,2024-06-27,2024-06-27 17:46:11,SOLARIS_FIN_163,MERIDIAN_CAPITAL_180,159871.21,GBP,UK,KY,normal,6236.0,0
3650989BBA34089C,2024-03-05,2024-03-05 00:02:07,VERTEX_PAYMENTS_195,DELTA_BANCORP_152,225119.52,SGD,KY,KY,normal,4984.0,0
367AEA82F09BE117,2024-02-16,2024-02-16 12:15:27,VORTEX_CREDIT_144,VORTEX_CREDIT_124,152003.48,EUR,SG,US,normal,1279.0,0
3693DFB9990EF7DE,2024-06-13,2024-06-13 14:06:02,NEXUS_TRUST_191,CORONA_CLEARING_056,61418.36,USD,CY,FR,normal,299.0,0
36A41FA950FDCC1D,2024-04-01,2024-04-01 09:21:58,QUANTUM_CLEARING_166,OBSIDIAN_PARTNERS_068,8028.97,SGD,AU,DE,structuring,242.0,0
36B819AE337A152D,2024-06-06,2024-06-06 09:43:50,OMEGA_FIN_053,NEXUS_TRUST_131,14582.54,SGD,AE,VG,velocity_burst,23.0,0
36DC5C91CD3A3794,2024-06-13,2024-06-13 02:46:56,QUANTUM_CLEARING_186,CORONA_CLEARING_156,907.05,CHF,CY,PA,normal,3168.0,0
36DE5868CB37150E,2024-05-25,2024-05-25 12:07:43,CIPHER_CAPITAL_030,ZENITH_FUND_167,322073.29,AED,US,SG,normal,2912.0,0
36E07F3017B888B5,2024-03-19,2024-03-19 15:44:14,VORTEX_CREDIT_184,APEX_CREDIT_134,793.15,USD,DE,PA,normal,4351.0,0
36EE35BE2B7DAB08,2024-03-12,2024-03-12 04:27:29,DELTA_BANCORP_012,PRIME_HOLDINGS_199,11474.5,HKD,DE,DE,normal,6048.0,0
36EED9302D9D2937,2024-05-23,2024-05-23 23:39:29,NOVA_TRUST_141,VERTEX_PAYMENTS_035,280215.99,USD,PA,CY,normal,1753.0,0
36F937B743273553,2024-02-16,2024-02-16 01:52:29,CIPHER_CAPITAL_050,APEX_CREDIT_174,231908.67,GBP,VG,JP,normal,6783.0,0
3708B4F25940F51C,2024-01-20,2024-01-20 11:38:04,ZENITH_FUND_027,VORTEX_CREDIT_164,6678.33,AED,JP,JP,circular_flow,32.0,0
37218F5B777C562E,2024-05-10,2024-05-10 13:36:29,PRIME_HOLDINGS_019,QUANTUM_CLEARING_146,12215.47,CHF,DE,MT,velocity_burst,3.0,0
373814C09E2FAB3A,2024-06-04,2024-06-04 01:27:00,CORONA_CLEARING_036,ZENITH_FUND_067,8529.52,EUR,UK,AU,velocity_burst,4.0,0
3751B5A3E3362DAC,2024-02-05,2024-02-05 07:33:19,ATLAS_BANCORP_002,PRIME_HOLDINGS_039,693.49,AED,LI,CY,normal,11414.0,0
3751BCDCAD8679AA,2024-01-06,2024-01-06 01:10:36,VERTEX_PAYMENTS_055,NEXUS_TRUST_131,9304.72,USD,PA,LI,structuring,236.0,0
37523B93971300B6,2024-04-15,2024-04-15 03:24:19,ZENITH_FUND_107,SOLARIS_FIN_043,7557.17,SGD,JP,VG,normal,6468.0,0
375B64A7ADC0BB52,2024-02-27,2024-02-27 20:43:22,OBSIDIAN_PARTNERS_028,ECLIPSE_HOLDINGS_069,33594.31,SGD,UK,VG,normal,32.0,0
376C4AE242125D47,2024-04-22,2024-04-22 23:36:04,SOLARIS_FIN_023,NOVA_TRUST_161,467.93,AED,CY,KY,normal,3123.0,0
37863318AF5EB01E,2024-04-22,2024-04-22 02:09:19,OBSIDIAN_PARTNERS_108,ATLAS_BANCORP_022,8567.67,CHF,US,CY,structuring,1370.0,0
37892EFA1AC4C6D3,2024-02-09,2024-02-09 14:52:29,DELTA_BANCORP_132,CIPHER_CAPITAL_090,499364.44,HKD,AE,CY,layering,7545.0,0
378A7FE518FD6231,2024-05-24,2024-05-24 01:06:15,CIPHER_CAPITAL_030,CORONA_CLEARING_156,8287.32,AED,VG,DE,structuring,524.0,0
37984CAE8D431B79,2024-06-01,2024-06-01 07:08:29,ECLIPSE_HOLDINGS_169,VORTEX_CREDIT_104,2456.29,EUR,VG,JP,normal,6330.0,0
37A3AE7B10F20004,2024-01-28,2024-01-28 13:36:43,OBSIDIAN_PARTNERS_008,QUANTUM_CLEARING_026,10253.04,AED,JP,PA,velocity_burst,15.0,0
37B4A189A30392BA,2024-04-01,2024-04-01 12:53:45,ZENITH_FUND_007,APEX_CREDIT_134,12109.83,EUR,UK,KY,velocity_burst,8.0,0
37C7F7C02C3B024D,2024-02-22,2024-02-22 08:29:59,HELIX_PAYMENTS_005,ZENITH_FUND_047,11755.62,GBP,LI,US,velocity_burst,52.0,1
37CA0FFD1C75078D,2024-05-16,2024-05-16 00:52:21,CORONA_CLEARING_176,DELTA_BANCORP_132,37685.22,EUR,FR,UK,normal,13901.0,0
37E3B7DF2BB88107,2024-06-13,2024-06-13 19:26:17,ECLIPSE_HOLDINGS_029,CIPHER_CAPITAL_190,411047.3,GBP,AU,SG,layering,7415.0,0
37F79AF838DD38A4,2024-02-11,2024-02-11 05:05:22,VORTEX_CREDIT_024,SOLARIS_FIN_143,389449.07,USD,DE,VG,layering,0.0,0
3804B965BEA3404F,2024-06-27,2024-06-27 11:30:49,ATLAS_BANCORP_022,QUANTUM_CLEARING_166,9043.67,SGD,CY,VG,structuring,25.0,0
381BCBE1C2AD79EC,2024-02-17,2024-02-17 20:55:09,ECLIPSE_HOLDINGS_029,AXIOM_PARTNERS_078,193829.71,AED,MT,UK,normal,1466.0,0
38230BB237EE62D9,2024-06-29,2024-06-29 00:29:48,ATLAS_BANCORP_082,PRIME_HOLDINGS_039,1548.27,USD,UK,AE,velocity_burst,11656.0,0
3824797DADDD8EEB,2024-03-14,2024-03-14 13:26:46,OBSIDIAN_PARTNERS_068,OBSIDIAN_PARTNERS_048,47705.45,USD,KY,SG,normal,5886.0,0
38321AC166282734,2024-05-04,2024-05-04 23:21:50,APEX_CREDIT_014,HELIX_PAYMENTS_085,11785.09,EUR,AU,MT,velocity_burst,7.0,0
38365AD21459C0D1,2024-06-16,2024-06-16 01:26:54,ZENITH_FUND_067,DELTA_BANCORP_192,5677.02,GBP,SG,PA,velocity_burst,6.0,0
384E56BB6836AFAD,2024-03-14,2024-03-14 05:50:22,STRATUS_FUND_037,DELTA_BANCORP_192,2649.14,USD,AE,PA,normal,3284.0,0
385AC1EABCF221F3,2024-04-04,2024-04-04 16:12:13,NEXUS_TRUST_051,HELIX_PAYMENTS_005,303172.39,EUR,KY,FR,layering,1069.0,0
385B763779DEE9D2,2024-05-31,2024-05-31 19:16:34,OBSIDIAN_PARTNERS_028,DELTA_BANCORP_132,11132.03,EUR,AE,SG,velocity_burst,7.0,0
3864C715973B896B,2024-04-20,2024-04-20 06:35:09,ZENITH_FUND_187,ECLIPSE_HOLDINGS_049,8491.31,EUR,FR,FR,structuring,1581.0,0
386AC1A91C6D84A3,2024-01-02,2024-01-02 14:26:22,DELTA_BANCORP_152,CIPHER_CAPITAL_110,6454.49,AED,AE,MT,velocity_burst,14.0,0
387BADFE42CD769B,2024-04-18,2024-04-18 22:22:42,APEX_CREDIT_054,STRATUS_FUND_057,9152.5,EUR,MT,UK,velocity_burst,21.0,1
387D0EC82A45C7C,2024-03-28,2024-03-28 22:54:08,NEXUS_TRUST_071,MERIDIAN_CAPITAL_100,212021.37,GBP,KY,UK,normal,1371.0,0
38889871C778FB26,2024-01-16,2024-01-16 05:40:46,DELTA_BANCORP_052,DELTA_BANCORP_112,8121.61,AED,UK,JP,structuring,106.0,0
388C7429413E7897,2024-01-02,2024-01-02 12:19:49,MERIDIAN_CAPITAL_000,ZENITH_FUND_127,14806.53,HKD,SG,DE,velocity_burst,59.0,0
3894E9165CCB35AF,2024-01-15,2024-01-15 17:53:50,VERTEX_PAYMENTS_035,OMEGA_FIN_193,12465.09,GBP,MT,DE,normal,4589.0,0
389AF5CA4DF760C5,2024-01-25,2024-01-25 05:15:02,OMEGA_FIN_173,NOVA_TRUST_121,45132.81,USD,AU,PA,normal,8629.0,0
389E5B1DBCA51FE6,2024-02-27,2024-02-27 23:25:38,VERTEX_PAYMENTS_075,OMEGA_FIN_193,8528.45,HKD,US,JP,structuring,124.0,0
38A35D39FC0BCFD8,2024-01-22,2024-01-22 20:01:47,QUANTUM_CLEARING_166,MERIDIAN_CAPITAL_160,13969.37,SGD,AU,DE,velocity_burst,7.0,1
38A6B70E3DD916EC,2024-05-26,2024-05-26 03:57:10,CIPHER_CAPITAL_190,SOLARIS_FIN_163,7162.02,USD,SG,SG,normal,7544.0,0
38ACED20F673819,2024-01-07,2024-01-07 02:21:26,AXIOM_PARTNERS_078,OMEGA_FIN_173,17510.14,USD,FR,AU,circular_flow,4026.0,0
38B483A654BD0A39,2024-04-27,2024-04-27 16:46:43,ECLIPSE_HOLDINGS_069,CIPHER_CAPITAL_090,5198.59,SGD,FR,AU,normal,3928.0,0
38DC1A227143044C,2024-06-13,2024-06-13 05:26:08,OBSIDIAN_PARTNERS_128,ECLIPSE_HOLDINGS_049,125247.28,EUR,LI,SG,layering,413.0,0
38F3D411666CF70D,2024-02-05,2024-02-05 15:43:57,DELTA_BANCORP_012,STRATUS_FUND_157,8233.26,USD,UK,DE,structuring,37.0,0
38F59CE6794D9BBC,2024-04-20,2024-04-20 17:14:15,ATLAS_BANCORP_102,HELIX_PAYMENTS_185,6816.55,CHF,AE,JP,normal,2807.0,0
3907E2E26752234C,2024-03-05,2024-03-05 05:35:07,OMEGA_FIN_033,AXIOM_PARTNERS_078,9233.97,SGD,MT,US,structuring,124.0,0
39080735C7BF2EAC,2024-04-30,2024-04-30 17:04:21,VORTEX_CREDIT_084,DELTA_BANCORP_192,1325.39,SGD,KY,US,normal,1232.0,0
39177B1961AA5DAC,2024-04-07,2024-04-07 06:13:07,OMEGA_FIN_093,SOLARIS_FIN_063,47965.86,SGD,MT,AE,normal,13638.0,0
39356F52B83FE09D,2024-04-14,2024-04-14 02:32:12,VERTEX_PAYMENTS_075,AXIOM_PARTNERS_038,851708.54,SGD,VG,VG,normal,3112.0,0
3943BBE6A77C9D04,2024-04-13,2024-04-13 11:09:29,PRIME_HOLDINGS_159,OBSIDIAN_PARTNERS_028,1606.99,EUR,SG,KY,normal,5037.0,0
39451718D577DA5A,2024-04-29,2024-04-29 16:36:47,VORTEX_CREDIT_004,OBSIDIAN_PARTNERS_108,10323.87,USD,KY,PA,normal,2581.0,0
395464362367E5F1,2024-05-29,2024-05-29 13:00:59,ZENITH_FUND_187,ATLAS_BANCORP_162,456513.59,AED,VG,AE,high_risk_jx,126.0,0
3977264C6277067C,2024-04-05,2024-04-05 19:07:30,HELIX_PAYMENTS_065,CIPHER_CAPITAL_030,8239.73,GBP,UK,SG,structuring,88.0,1
39784FA09EDB111F,2024-03-21,2024-03-21 14:53:54,QUANTUM_CLEARING_006,OMEGA_FIN_013,8867.12,USD,AU,AU,normal,2551.0,0
3988649445057D9E,2024-03-06,2024-03-06 19:47:48,ECLIPSE_HOLDINGS_029,MERIDIAN_CAPITAL_140,626.65,HKD,AU,VG,normal,967.0,0
399784E254F2B533,2024-01-22,2024-01-22 11:30:47,AXIOM_PARTNERS_018,ATLAS_BANCORP_142,308997.11,AED,VG,FR,normal,1388.0,0
39B2C4CD3DBFA9DE,2024-03-09,2024-03-09 22:12:25,ECLIPSE_HOLDINGS_069,HELIX_PAYMENTS_085,1207200.86,AED,AE,PA,normal,1814.0,0
39B2C6EB1FDF645A,2024-03-09,2024-03-09 04:11:50,HELIX_PAYMENTS_065,SOLARIS_FIN_163,26515.68,GBP,PA,DE,circular_flow,813.0,0
39B41BC3E7CE1AB7,2024-05-20,2024-05-20 03:25:04,DELTA_BANCORP_112,QUANTUM_CLEARING_026,147429.89,AED,PA,UK,normal,3465.0,0
39B7939D76D7E63B,2024-07-05,2024-07-05 05:03:24,DELTA_BANCORP_032,APEX_CREDIT_154,23434.26,GBP,PA,JP,normal,7630.0,0
39D16720FCA2538D,2024-03-04,2024-03-04 19:18:45,VORTEX_CREDIT_184,NEXUS_TRUST_111,2099.97,USD,DE,US,normal,5232.0,0
39E6E307A415BFB1,2024-06-12,2024-06-12 17:43:00,MERIDIAN_CAPITAL_180,OBSIDIAN_PARTNERS_148,71365.9,EUR,JP,VG,normal,4401.0,0
39F33A4BF9795E0E,2024-03-11,2024-03-11 23:22:11,ECLIPSE_HOLDINGS_169,QUANTUM_CLEARING_066,451289.44,CHF,KY,VG,high_risk_jx,20688.0,0
39F9E345D58EFFB7,2024-02-04,2024-02-04 12:47:23,MERIDIAN_CAPITAL_100,OMEGA_FIN_113,13241.02,SGD,VG,SG,velocity_burst,1.0,0
3A006FEFCC57F86F,2024-02-17,2024-02-17 10:12:04,ECLIPSE_HOLDINGS_169,NEXUS_TRUST_131,9074.62,HKD,SG,US,structuring,37.0,0
3A055C9262DCF75E,2024-03-26,2024-03-26 19:51:27,QUANTUM_CLEARING_086,STRATUS_FUND_197,8260.48,HKD,AE,UK,structuring,24.0,1
3A0A0A42E7F9F48A,2024-03-17,2024-03-17 03:27:28,PRIME_HOLDINGS_079,STRATUS_FUND_177,3065.97,HKD,AE,UK,velocity_burst,26.0,0
3A0F2DE1D6C6C246,2024-01-13,2024-01-13 23:37:59,DELTA_BANCORP_012,VERTEX_PAYMENTS_135,3664.92,GBP,MT,SG,velocity_burst,48.0,0
3A208B159C98871C,2024-01-16,2024-01-16 05:39:00,DELTA_BANCORP_052,AXIOM_PARTNERS_038,8694.71,GBP,PA,JP,structuring,272.0,0
3A226CC1CC6A1112,2024-02-15,2024-02-15 04:04:59,PRIME_HOLDINGS_039,QUANTUM_CLEARING_106,60967.8,HKD,UK,AU,normal,24693.0,0
3A2DA2C35C296D61,2024-05-05,2024-05-05 19:03:14,NEXUS_TRUST_071,HELIX_PAYMENTS_125,8404.46,AED,LI,DE,normal,7458.0,0
3A33A0DAE0C99866,2024-07-03,2024-07-03 15:52:25,QUANTUM_CLEARING_146,AXIOM_PARTNERS_138,9087.78,USD,US,PA,structuring,5025.0,0
3A3B7F8D77C38C5B,2024-06-14,2024-06-14 23:37:04,STRATUS_FUND_197,HELIX_PAYMENTS_085,8175.42,CHF,JP,KY,structuring,131.0,0
3A5030851304FB43,2024-03-20,2024-03-20 01:48:53,OMEGA_FIN_013,NEXUS_TRUST_091,4569.11,USD,FR,CY,normal,381.0,0
3A55660B321454F1,2024-03-27,2024-03-27 09:16:51,VORTEX_CREDIT_104,OBSIDIAN_PARTNERS_168,13083.02,SGD,LI,VG,normal,427.0,0
3A56FFE761489A32,2024-04-25,2024-04-25 17:06:25,AXIOM_PARTNERS_058,ZENITH_FUND_087,6242.73,HKD,VG,KY,velocity_burst,24.0,1
3A5747CF38A20D5D,2024-04-18,2024-04-18 03:19:09,DELTA_BANCORP_072,HELIX_PAYMENTS_045,3483.13,CHF,SG,SG,velocity_burst,12.0,0
3A9F158C8D716376,2024-02-26,2024-02-26 02:59:13,AXIOM_PARTNERS_038,ATLAS_BANCORP_142,4924.08,SGD,UK,DE,velocity_burst,958.0,0
3AA4F05FA9271695,2024-03-23,2024-03-23 08:11:36,OBSIDIAN_PARTNERS_068,AXIOM_PARTNERS_058,4416.5,GBP,AU,KY,normal,9320.0,0
3AC1B25123FC98FA,2024-05-16,2024-05-16 15:27:44,OBSIDIAN_PARTNERS_048,ZENITH_FUND_187,224.59,EUR,JP,VG,normal,5797.0,0
3AC40BDB29352BAA,2024-07-05,2024-07-05 09:23:13,ATLAS_BANCORP_102,HELIX_PAYMENTS_025,7735.43,AED,US,JP,normal,10555.0,0
3ACA7ED9F77EE24C,2024-01-01,2024-01-01 14:17:10,CIPHER_CAPITAL_030,PRIME_HOLDINGS_199,146088.57,EUR,KY,LI,normal,12545.0,0
3AD589C19C291C4F,2024-05-31,2024-05-31 05:44:20,OMEGA_FIN_113,HELIX_PAYMENTS_025,13675.77,USD,AE,KY,normal,5558.0,0
3AE14DFFEAABD23A,2024-05-01,2024-05-01 02:07:26,ECLIPSE_HOLDINGS_029,ECLIPSE_HOLDINGS_089,20748.65,SGD,PA,PA,normal,5687.0,0
3B07F9CACD7945AB,2024-02-18,2024-02-18 06:20:09,DELTA_BANCORP_072,VERTEX_PAYMENTS_015,5974.45,CHF,KY,DE,velocity_burst,9.0,1
3B187B60875D3680,2024-03-17,2024-03-17 23:47:06,PRIME_HOLDINGS_199,VORTEX_CREDIT_104,2885.34,HKD,LI,JP,normal,23394.0,0
3B2606A86BD0A897,2024-06-23,2024-06-23 14:49:37,NOVA_TRUST_001,OMEGA_FIN_013,112.89,USD,UK,VG,normal,14454.0,0
3B6E16102CD82397,2024-04-29,2024-04-29 12:51:40,CIPHER_CAPITAL_130,OMEGA_FIN_113,13118.1,SGD,DE,UK,normal,2358.0,0
3B8487D22B806F8D,2024-03-04,2024-03-04 22:37:11,NEXUS_TRUST_151,APEX_CREDIT_014,4990.08,AED,AE,DE,velocity_burst,137.0,0
3B85F2AAEB324C78,2024-02-16,2024-02-16 04:41:55,CIPHER_CAPITAL_110,OMEGA_FIN_113,322684.48,GBP,JP,VG,normal,10166.0,0
3B86EB272C4ADAA,2024-07-01,2024-07-01 18:42:41,PRIME_HOLDINGS_179,STRATUS_FUND_077,1996.86,CHF,FR,JP,normal,787.0,0
3B8932D3C35C06E3,2024-03-13,2024-03-13 03:33:45,ZENITH_FUND_027,CIPHER_CAPITAL_190,171813.03,AED,JP,LI,normal,5832.0,0
3B8B40D897878528,2024-05-21,2024-05-21 10:18:38,APEX_CREDIT_174,CIPHER_CAPITAL_130,6933.57,GBP,US,KY,normal,2695.0,0
3B944A4BCDA42726,2024-02-02,2024-02-02 06:17:54,ZENITH_FUND_027,DELTA_BANCORP_112,419232.02,EUR,KY,JP,normal,1530.0,0
3B9B8BCE24AD4519,2024-01-29,2024-01-29 15:43:40,ECLIPSE_HOLDINGS_069,QUANTUM_CLEARING_066,8502.06,SGD,KY,AU,structuring,136.0,0
3BA18292A7843581,2024-04-08,2024-04-08 05:49:43,PRIME_HOLDINGS_079,DELTA_BANCORP_132,429209.98,AED,KY,LI,layering,884.0,0
3BC4FF72EC253D4A,2024-01-12,2024-01-12 11:02:03,OMEGA_FIN_133,PRIME_HOLDINGS_039,9041.47,CHF,VG,SG,structuring,3.0,0
3BCE3004B21ECD89,2024-06-06,2024-06-06 12:06:23,OBSIDIAN_PARTNERS_148,MERIDIAN_CAPITAL_140,896.2,USD,MT,FR,normal,3179.0,0
3BF1780E86B0F36F,2024-06-27,2024-06-27 11:26:42,ATLAS_BANCORP_022,OBSIDIAN_PARTNERS_148,8378.53,SGD,AU,KY,structuring,71.0,0
3BF2CED1EF5E2CAD,2024-06-10,2024-06-10 23:48:14,DELTA_BANCORP_012,CORONA_CLEARING_176,314166.23,USD,PA,AU,layering,12584.0,0
3C0BFA317B3246D5,2024-01-03,2024-01-03 05:50:36,AXIOM_PARTNERS_118,CORONA_CLEARING_036,6532.14,GBP,US,JP,velocity_burst,9.0,0
3C1067B8446E3089,2024-02-26,2024-02-26 01:20:31,DELTA_BANCORP_172,OBSIDIAN_PARTNERS_088,1178.97,CHF,FR,KY,normal,1461.0,0
3C16FF4DC3B217C8,2024-06-28,2024-06-28 04:26:15,NEXUS_TRUST_031,CIPHER_CAPITAL_090,12820.03,EUR,AU,LI,velocity_burst,3.0,1
3C3EF427B6DA0000,2024-05-25,2024-05-25 17:41:22,VERTEX_PAYMENTS_075,HELIX_PAYMENTS_125,443554.12,USD,AE,PA,layering,2659.0,0
3C46A8CE31AB5ED3,2024-01-02,2024-01-02 14:27:40,DELTA_BANCORP_152,SOLARIS_FIN_083,8927.37,SGD,JP,JP,velocity_burst,7.0,0
3C4F5554BF8874C4,2024-01-02,2024-01-02 12:16:39,MERIDIAN_CAPITAL_000,VERTEX_PAYMENTS_155,5194.91,HKD,AE,DE,velocity_burst,9.0,0
3C63AE677723B960,2024-03-16,2024-03-16 06:57:02,SOLARIS_FIN_103,MERIDIAN_CAPITAL_000,2103.73,GBP,DE,CY,normal,6249.0,0
3C6A1342CA0A2549,2024-05-04,2024-05-04 20:44:28,SOLARIS_FIN_103,QUANTUM_CLEARING_046,9027.29,USD,CY,AU,structuring,125.0,0
3C982D29C4F5DAB4,2024-04-03,2024-04-03 03:26:01,VORTEX_CREDIT_084,CORONA_CLEARING_156,20017.16,SGD,KY,JP,normal,1950.0,0
3CA2573450D83BB5,2024-05-11,2024-05-11 02:37:49,STRATUS_FUND_117,SOLARIS_FIN_163,56802.09,SGD,VG,KY,normal,16764.0,0
3CAA88C36DE0B961,2024-05-24,2024-05-24 01:12:23,CIPHER_CAPITAL_030,ECLIPSE_HOLDINGS_009,8735.14,HKD,US,MT,structuring,148.0,0
3CB1C3942599558C,2024-06-29,2024-06-29 02:55:16,CORONA_CLEARING_196,OBSIDIAN_PARTNERS_108,4102.34,USD,CY,US,normal,399.0,0
3CBABE7ED55B8433,2024-03-02,2024-03-02 23:28:42,OBSIDIAN_PARTNERS_088,PRIME_HOLDINGS_019,10871.82,CHF,US,DE,velocity_burst,20.0,0
3CC2053266A9E88E,2024-02-24,2024-02-24 17:29:14,OMEGA_FIN_173,MERIDIAN_CAPITAL_060,321.86,EUR,AE,LI,normal,3426.0,0
3CE3EBBCDB91DF71,2024-01-05,2024-01-05 20:20:48,STRATUS_FUND_017,CORONA_CLEARING_136,307047.73,SGD,JP,VG,layering,656.0,0
3CE7ADFC2FEE4739,2024-04-01,2024-04-01 22:32:28,MERIDIAN_CAPITAL_060,CORONA_CLEARING_076,8314.22,SGD,AU,DE,structuring,4.0,0
3D0189CC814D9D09,2024-05-17,2024-05-17 13:07:44,DELTA_BANCORP_132,ECLIPSE_HOLDINGS_189,9603.28,AED,LI,KY,structuring,142.0,0
3D0A382FEA19471,2024-02-28,2024-02-28 23:11:03,SOLARIS_FIN_143,CORONA_CLEARING_196,501.86,GBP,FR,UK,normal,8797.0,0
3D0D1068117C083,2024-05-23,2024-05-23 00:29:54,CORONA_CLEARING_076,APEX_CREDIT_034,47042.34,SGD,JP,AU,normal,10435.0,0
3D4DAE95D4BB0B9F,2024-02-19,2024-02-19 03:24:39,SOLARIS_FIN_083,MERIDIAN_CAPITAL_120,812.91,EUR,AE,LI,velocity_burst,26.0,0
3D51ED58E0FEC883,2024-06-26,2024-06-26 11:02:33,APEX_CREDIT_194,CIPHER_CAPITAL_010,225722.65,SGD,MT,MT,normal,1065.0,0
3D9523F33248667A,2024-05-27,2024-05-27 03:30:29,STRATUS_FUND_177,OMEGA_FIN_173,68856.61,USD,AU,VG,normal,5596.0,0
3D9B7757232CE5AB,2024-01-15,2024-01-15 15:59:26,AXIOM_PARTNERS_138,DELTA_BANCORP_192,6109.53,GBP,SG,KY,normal,955.0,0
3DDB89618B8CF184,2024-03-02,2024-03-02 13:46:28,MERIDIAN_CAPITAL_100,APEX_CREDIT_154,8295.22,CHF,VG,SG,velocity_burst,3.0,1
3DDE1EDA989A640A,2024-05-08,2024-05-08 08:54:46,AXIOM_PARTNERS_018,DELTA_BANCORP_192,39539.41,HKD,AE,CY,normal,5699.0,0
3DE09DE6BBD1325B,2024-02-26,2024-02-26 10:23:04,ECLIPSE_HOLDINGS_089,MERIDIAN_CAPITAL_080,13410.45,HKD,UK,LI,velocity_burst,36.0,1
3DE129F5587E29FB,2024-03-18,2024-03-18 21:47:47,OBSIDIAN_PARTNERS_148,VORTEX_CREDIT_104,9919.65,HKD,FR,DE,structuring,11736.0,0
3DE1F3AC6F02EBB1,2024-01-05,2024-01-05 22:07:52,APEX_CREDIT_134,ZENITH_FUND_127,19956.46,USD,JP,US,circular_flow,6424.0,0
3DE97EB7A63D3AC9,2024-04-02,2024-04-02 10:58:28,NOVA_TRUST_021,CIPHER_CAPITAL_010,64342.13,AED,KY,MT,normal,1644.0,0
3DFE9105E60DAD8F,2024-06-28,2024-06-28 04:25:40,NEXUS_TRUST_031,STRATUS_FUND_097,2048.43,GBP,DE,KY,velocity_burst,20.0,1
3E01A9ED9ECCBFA7,2024-05-21,2024-05-21 16:13:39,HELIX_PAYMENTS_025,ATLAS_BANCORP_042,22830.17,EUR,SG,VG,normal,3163.0,0
3E0888B67D6874B6,2024-04-21,2024-04-21 14:48:36,CIPHER_CAPITAL_070,NOVA_TRUST_081,750.77,AED,AE,LI,normal,10080.0,0
3E1648C2A298658C,2024-02-15,2024-02-15 04:22:37,ECLIPSE_HOLDINGS_149,NOVA_TRUST_001,1328.58,HKD,KY,DE,normal,1058.0,0
3E227A3D1E9C695A,2024-04-15,2024-04-15 06:16:03,CORONA_CLEARING_016,ATLAS_BANCORP_082,16917.06,SGD,SG,US,normal,1848.0,0
3E46742033986AA6,2024-04-08,2024-04-08 06:15:37,VORTEX_CREDIT_124,ECLIPSE_HOLDINGS_169,387362.01,SGD,CY,KY,layering,1212.0,0
3E518F0F36F38903,2024-06-02,2024-06-02 04:12:33,VERTEX_PAYMENTS_195,OMEGA_FIN_113,149278.69,AED,MT,US,normal,11278.0,0
3E52649733608661,2024-04-24,2024-04-24 00:31:02,CORONA_CLEARING_056,MERIDIAN_CAPITAL_120,4180.73,CHF,MT,JP,normal,668.0,0
3E532769BFBA0690,2024-05-05,2024-05-05 16:34:44,VERTEX_PAYMENTS_035,SOLARIS_FIN_123,9118.92,CHF,JP,CY,structuring,40.0,0
3E63D88BA02DEBB,2024-04-19,2024-04-19 06:35:51,PRIME_HOLDINGS_019,VERTEX_PAYMENTS_115,797.78,AED,CY,LI,normal,408.0,0
3E67A4BE45A404F9,2024-02-26,2024-02-26 07:34:33,SOLARIS_FIN_123,QUANTUM_CLEARING_126,13297.31,SGD,AU,AE,normal,201.0,0
3E956C78C042DB07,2024-04-14,2024-04-14 14:09:18,VERTEX_PAYMENTS_135,QUANTUM_CLEARING_046,14586.71,USD,AE,AE,circular_flow,3190.0,0
3EA2290B23B20C1B,2024-06-16,2024-06-16 03:10:51,CORONA_CLEARING_196,OBSIDIAN_PARTNERS_148,8820.78,SGD,DE,UK,normal,1706.0,0
3EAFD7B26E34289A,2024-03-02,2024-03-02 01:28:16,OMEGA_FIN_073,DELTA_BANCORP_172,1195.12,USD,PA,AU,normal,1391.0,0
3EB3D1889551BDED,2024-05-04,2024-05-04 07:34:31,VERTEX_PAYMENTS_175,ECLIPSE_HOLDINGS_069,5364.53,CHF,KY,FR,normal,7159.0,0
3EB9255681EDE1B9,2024-06-18,2024-06-18 18:52:22,AXIOM_PARTNERS_078,PRIME_HOLDINGS_159,8674.53,USD,PA,MT,normal,2088.0,0
3EBB91EEA180DF56,2024-04-09,2024-04-09 07:42:17,HELIX_PAYMENTS_165,OBSIDIAN_PARTNERS_008,9575.89,GBP,DE,AE,structuring,6.0,0
3EBEE460C31DDE3B,2024-01-04,2024-01-04 08:55:58,PRIME_HOLDINGS_179,CIPHER_CAPITAL_090,775098.95,HKD,SG,JP,normal,6818.0,0
3ECAE976BD2FBBD6,2024-02-29,2024-02-29 13:26:26,OMEGA_FIN_113,AXIOM_PARTNERS_078,3603.06,CHF,AU,DE,normal,9671.0,0
3EEA94428586BF29,2024-01-22,2024-01-22 06:39:37,ECLIPSE_HOLDINGS_069,ZENITH_FUND_167,11399.99,USD,KY,PA,velocity_burst,1625.0,0
3EF4424B6058F4B1,2024-04-08,2024-04-08 19:18:13,ZENITH_FUND_047,OMEGA_FIN_073,5779.35,SGD,JP,UK,normal,2038.0,0
3EF52DD7560BDBDA,2024-03-22,2024-03-22 19:29:28,NOVA_TRUST_181,APEX_CREDIT_074,10901.08,GBP,KY,PA,velocity_burst,5.0,1
3EF585D568ABD7CE,2024-04-08,2024-04-08 23:10:04,VORTEX_CREDIT_004,CIPHER_CAPITAL_150,15132.08,USD,LI,PA,normal,6859.0,0
3F03438995F508D6,2024-06-13,2024-06-13 01:42:11,OBSIDIAN_PARTNERS_088,OMEGA_FIN_153,9435.73,SGD,SG,CY,structuring,150.0,0
3F0945DA67C29129,2024-02-22,2024-02-22 23:20:27,OMEGA_FIN_173,NOVA_TRUST_061,14178.04,AED,PA,FR,normal,30.0,0
3F09B332D95BAD35,2024-03-31,2024-03-31 01:50:06,ATLAS_BANCORP_162,ECLIPSE_HOLDINGS_129,83889.0,EUR,VG,LI,layering,759.0,0
3F09CBAB43D7EEDB,2024-04-20,2024-04-20 19:23:02,ECLIPSE_HOLDINGS_029,STRATUS_FUND_197,10269.97,SGD,FR,US,normal,4407.0,0
3F0F78891E4E29AA,2024-03-31,2024-03-31 01:37:27,STRATUS_FUND_117,ATLAS_BANCORP_162,88304.21,SGD,DE,JP,layering,1126.0,0
3F1C9DB6F58D85E6,2024-03-17,2024-03-17 03:34:49,OBSIDIAN_PARTNERS_108,DELTA_BANCORP_152,8792.12,HKD,US,CY,structuring,1.0,0
3F2009A431CFD3F1,2024-01-13,2024-01-13 23:40:13,DELTA_BANCORP_012,OMEGA_FIN_013,10988.44,EUR,AE,VG,velocity_burst,65.0,0
3F2932BBCDE7824F,2024-03-03,2024-03-03 18:22:21,NEXUS_TRUST_071,PRIME_HOLDINGS_139,1609.38,GBP,AU,PA,normal,2869.0,0
3F2B4BCBA1C735CD,2024-05-28,2024-05-28 08:57:33,STRATUS_FUND_117,NOVA_TRUST_161,347580.07,SGD,AE,JP,normal,3637.0,0
3F30901FD89CDFEE,2024-05-21,2024-05-21 13:41:19,STRATUS_FUND_197,OBSIDIAN_PARTNERS_088,25280.07,SGD,UK,PA,normal,704.0,0
3F50E748392FC065,2024-01-10,2024-01-10 06:39:45,STRATUS_FUND_057,STRATUS_FUND_137,9975.51,HKD,MT,US,structuring,50.0,0
3F5BC9671F57B9FC,2024-03-09,2024-03-09 04:22:37,HELIX_PAYMENTS_185,ATLAS_BANCORP_022,27352.92,USD,US,SG,circular_flow,647.0,0
3F671BBF73591C52,2024-05-22,2024-05-22 05:03:50,DELTA_BANCORP_192,OBSIDIAN_PARTNERS_128,3254.42,HKD,UK,JP,velocity_burst,85.0,0
3F77A981498C0AFD,2024-03-02,2024-03-02 13:49:04,MERIDIAN_CAPITAL_100,VORTEX_CREDIT_144,3013.5,CHF,DE,SG,velocity_burst,18.0,1
3F7F6BC4ABD7335E,2024-03-04,2024-03-04 22:37:19,NEXUS_TRUST_151,CIPHER_CAPITAL_150,14605.22,SGD,FR,MT,velocity_burst,1.0,1
3F8ABF8AC8AB6826,2024-05-20,2024-05-20 20:33:24,NEXUS_TRUST_111,CORONA_CLEARING_196,8853.87,CHF,US,AU,structuring,95.0,1
3FA7FB43F1EE4E96,2024-01-26,2024-01-26 05:34:56,ECLIPSE_HOLDINGS_089,NEXUS_TRUST_191,9974.89,USD,AE,VG,structuring,170.0,0
3FAEB4424B515ACC,2024-01-30,2024-01-30 11:33:38,STRATUS_FUND_177,DELTA_BANCORP_072,5144.0,CHF,MT,US,normal,1151.0,0
3FB42D6040D8EB46,2024-05-03,2024-05-03 17:50:49,ZENITH_FUND_127,VERTEX_PAYMENTS_055,17238.68,USD,PA,JP,normal,245.0,0
3FBAF07A1C360214,2024-04-24,2024-04-24 07:16:23,HELIX_PAYMENTS_145,CORONA_CLEARING_116,4223.95,USD,LI,UK,velocity_burst,16.0,1
3FC1760BC7BDD0A6,2024-03-18,2024-03-18 12:31:52,CORONA_CLEARING_016,DELTA_BANCORP_172,393649.59,GBP,VG,FR,layering,1239.0,0
3FCDDBB391989B9F,2024-05-17,2024-05-17 13:05:22,DELTA_BANCORP_132,OMEGA_FIN_033,9411.46,EUR,SG,VG,structuring,182.0,0
3FD737C7D0F7A45F,2024-01-05,2024-01-05 23:02:52,VERTEX_PAYMENTS_055,APEX_CREDIT_134,21455.08,USD,AU,KY,circular_flow,2354.0,0
3FDD32C8BE64A6E3,2024-06-28,2024-06-28 12:16:41,CIPHER_CAPITAL_090,APEX_CREDIT_074,247416.99,USD,LI,VG,normal,6378.0,0
3FDF3EB227C57A1,2024-02-17,2024-02-17 08:40:22,QUANTUM_CLEARING_106,OMEGA_FIN_153,19673.28,CHF,AE,JP,normal,917.0,0
3FE2FABF7392FBCB,2024-01-09,2024-01-09 11:45:41,OBSIDIAN_PARTNERS_088,QUANTUM_CLEARING_126,3720.91,SGD,US,FR,normal,1036.0,0
3FEDF13A59D31B35,2024-04-01,2024-04-01 15:07:56,STRATUS_FUND_177,NOVA_TRUST_081,11998.99,HKD,VG,FR,velocity_burst,11.0,1
3FF307C682EA427B,2024-03-23,2024-03-23 03:12:25,AXIOM_PARTNERS_118,NEXUS_TRUST_051,133851.97,HKD,PA,PA,normal,10538.0,0
3FF4BB095D59FF35,2024-05-04,2024-05-04 23:22:03,APEX_CREDIT_014,VERTEX_PAYMENTS_115,8997.96,GBP,VG,VG,velocity_burst,13.0,0
3FF814F8E4774793,2024-05-06,2024-05-06 11:16:38,MERIDIAN_CAPITAL_140,DELTA_BANCORP_152,30014.57,GBP,SG,AE,normal,448.0,0
4006FF2A6B96B540,2024-06-26,2024-06-26 17:57:46,NOVA_TRUST_161,AXIOM_PARTNERS_198,6544.76,EUR,MT,KY,normal,5194.0,0
400DA383932AF76C,2024-03-29,2024-03-29 14:44:38,ECLIPSE_HOLDINGS_169,AXIOM_PARTNERS_098,23459.88,CHF,UK,PA,normal,3310.0,0
401076C8ABCF67A7,2024-04-09,2024-04-09 01:48:33,VERTEX_PAYMENTS_195,OMEGA_FIN_093,20758.43,CHF,DE,FR,normal,1251.0,0
402DF807BD55210B,2024-03-08,2024-03-08 06:33:20,OBSIDIAN_PARTNERS_048,DELTA_BANCORP_012,86408.18,HKD,VG,SG,normal,5386.0,0
403BD4674901D239,2024-01-06,2024-01-06 03:28:08,VERTEX_PAYMENTS_075,HELIX_PAYMENTS_085,60205.17,SGD,VG,SG,normal,3845.0,0
404593CBFBD111CA,2024-01-31,2024-01-31 18:51:40,PRIME_HOLDINGS_119,OMEGA_FIN_053,1007.0,HKD,MT,US,normal,7239.0,0
405E71CBB82164FB,2024-04-07,2024-04-07 02:25:49,HELIX_PAYMENTS_025,CIPHER_CAPITAL_170,2147.21,HKD,DE,FR,normal,5074.0,0
4090F8B88ADE0531,2024-03-31,2024-03-31 08:11:01,HELIX_PAYMENTS_065,HELIX_PAYMENTS_025,9185.13,HKD,FR,MT,velocity_burst,2.0,0
4097E328EED1C7A0,2024-05-15,2024-05-15 05:08:18,NEXUS_TRUST_131,STRATUS_FUND_197,29863.67,SGD,AU,UK,normal,14671.0,0
40A449E17FF2BA0D,2024-04-22,2024-04-22 22:40:15,OMEGA_FIN_053,ZENITH_FUND_067,9341.97,CHF,UK,DE,structuring,5916.0,0
40D69D32297CE285,2024-03-02,2024-03-02 23:32:42,OBSIDIAN_PARTNERS_088,ATLAS_BANCORP_042,10721.33,HKD,CY,JP,velocity_burst,6.0,1
40E5FF022BEC3E73,2024-07-06,2024-07-06 16:26:43,CIPHER_CAPITAL_150,HELIX_PAYMENTS_065,5387.18,EUR,UK,VG,velocity_burst,8.0,0
40FE7CA357DAEFB5,2024-02-08,2024-02-08 19:53:40,AXIOM_PARTNERS_138,QUANTUM_CLEARING_146,26952.35,GBP,LI,SG,normal,11926.0,0
40FF8652789774DD,2024-02-13,2024-02-13 03:54:42,MERIDIAN_CAPITAL_060,VORTEX_CREDIT_124,11324.61,CHF,FR,JP,velocity_burst,3.0,0
4107F608C638B852,2024-03-02,2024-03-02 02:07:02,DELTA_BANCORP_112,OMEGA_FIN_133,245353.86,EUR,FR,LI,normal,244.0,0
410C13E7853CF186,2024-05-10,2024-05-10 07:34:40,VORTEX_CREDIT_184,NEXUS_TRUST_011,13902.39,EUR,JP,VG,velocity_burst,2.0,1
41281AA835C7381D,2024-01-22,2024-01-22 06:09:16,PRIME_HOLDINGS_099,VORTEX_CREDIT_104,10415.75,USD,LI,DE,velocity_burst,4047.0,0
4136CE36C63D35F1,2024-06-18,2024-06-18 17:31:25,CORONA_CLEARING_056,DELTA_BANCORP_032,3220.07,EUR,JP,JP,normal,1283.0,0
413E9E1A2E402C9D,2024-03-28,2024-03-28 05:04:05,ZENITH_FUND_087,PRIME_HOLDINGS_179,12022.51,GBP,JP,PA,velocity_burst,7.0,0
4140C97FD03E2071,2024-04-01,2024-04-01 15:01:08,STRATUS_FUND_177,DELTA_BANCORP_092,14472.96,AED,JP,VG,velocity_burst,22.0,0
414EEDDE4067873A,2024-05-31,2024-05-31 17:09:07,MERIDIAN_CAPITAL_000,NEXUS_TRUST_111,8258.39,USD,JP,AE,structuring,739.0,1
4150CCA2AC95CEC5,2024-06-02,2024-06-02 08:37:35,SOLARIS_FIN_163,MERIDIAN_CAPITAL_060,3430.45,USD,CY,DE,normal,2500.0,0
4163AD7B58094325,2024-05-13,2024-05-13 02:27:01,STRATUS_FUND_017,MERIDIAN_CAPITAL_140,16676.05,AED,PA,PA,circular_flow,1191.0,0
4170D1E029665EDC,2024-01-07,2024-01-07 03:23:42,CORONA_CLEARING_136,SOLARIS_FIN_103,231573.81,EUR,KY,MT,normal,1680.0,0
41723756933008CD,2024-03-17,2024-03-17 14:43:42,CORONA_CLEARING_096,ATLAS_BANCORP_042,9330.48,HKD,CY,JP,structuring,120.0,1
41A03DD851E301F1,2024-02-13,2024-02-13 05:55:50,NEXUS_TRUST_071,APEX_CREDIT_074,40462.45,HKD,VG,UK,normal,210.0,0
41BCF25956E51506,2024-04-27,2024-04-27 00:18:58,APEX_CREDIT_054,ATLAS_BANCORP_002,831.3,EUR,MT,AE,normal,2929.0,0
41D3617EA693BA01,2024-07-02,2024-07-02 09:15:08,NEXUS_TRUST_191,ATLAS_BANCORP_082,9200.04,GBP,PA,VG,structuring,26.0,0
41D7ACA864F258C9,2024-02-28,2024-02-28 17:53:57,APEX_CREDIT_094,NEXUS_TRUST_191,41787.19,EUR,DE,VG,normal,10238.0,0
41E1F4A7BF682C78,2024-06-29,2024-06-29 00:30:36,ATLAS_BANCORP_082,DELTA_BANCORP_172,11607.01,SGD,AE,FR,velocity_burst,3.0,0
41E98C034524F75B,2024-01-27,2024-01-27 21:43:03,SOLARIS_FIN_123,VERTEX_PAYMENTS_115,3171.96,GBP,CY,DE,normal,512.0,0
41EFF75EE06E0221,2024-05-15,2024-05-15 10:32:52,QUANTUM_CLEARING_166,NOVA_TRUST_001,14576.01,AED,AU,SG,velocity_burst,29.0,0
41FEAC254B5038F,2024-01-22,2024-01-22 06:11:56,PRIME_HOLDINGS_099,CORONA_CLEARING_036,2914.25,AED,CY,JP,velocity_burst,7.0,1
4209E8B97B70B591,2024-04-15,2024-04-15 07:43:27,NOVA_TRUST_041,VORTEX_CREDIT_184,3945.61,CHF,AU,PA,normal,1905.0,0
4210A52D11438D3C,2024-02-26,2024-02-26 03:01:26,AXIOM_PARTNERS_038,CORONA_CLEARING_136,10449.58,USD,UK,PA,velocity_burst,53.0,1
421D29B11647E569,2024-02-11,2024-02-11 01:46:53,ATLAS_BANCORP_142,CORONA_CLEARING_076,6927.22,USD,PA,SG,velocity_burst,4.0,1
423622DEE7D8E7F,2024-02-14,2024-02-14 15:49:42,NEXUS_TRUST_091,QUANTUM_CLEARING_026,6851.07,GBP,PA,VG,velocity_burst,15.0,0
42576D11E8158907,2024-02-16,2024-02-16 16:14:58,CIPHER_CAPITAL_030,CORONA_CLEARING_196,2729.9,GBP,LI,JP,normal,14371.0,0
426C3F07590CDF7,2024-03-14,2024-03-14 10:16:45,CIPHER_CAPITAL_010,SOLARIS_FIN_103,9111.53,EUR,JP,US,structuring,148.0,0
42766CA79DFC6169,2024-01-04,2024-01-04 05:21:25,NOVA_TRUST_101,PRIME_HOLDINGS_159,28975.85,SGD,SG,CY,circular_flow,189.0,0
4289E34B8C0BB8EE,2024-03-26,2024-03-26 11:49:00,PRIME_HOLDINGS_199,ZENITH_FUND_087,10264.39,SGD,PA,PA,normal,1443.0,0
428B5B24E9CE0214,2024-06-09,2024-06-09 00:44:56,VORTEX_CREDIT_004,ZENITH_FUND_007,1926.91,USD,UK,AE,velocity_burst,54.0,0
42929A1A7B1D6DB3,2024-02-13,2024-02-13 03:58:26,MERIDIAN_CAPITAL_060,ATLAS_BANCORP_022,9024.73,EUR,SG,US,velocity_burst,4.0,1
4293F09931F7E074,2024-02-06,2024-02-06 05:32:53,AXIOM_PARTNERS_178,NOVA_TRUST_021,10062.72,CHF,KY,KY,velocity_burst,16.0,1
42A6366D6B269825,2024-04-27,2024-04-27 08:37:44,PRIME_HOLDINGS_159,NOVA_TRUST_101,2590.58,CHF,SG,SG,normal,4173.0,0
42B9A37CB1104C17,2024-06-07,2024-06-07 15:11:12,MERIDIAN_CAPITAL_060,NEXUS_TRUST_151,890607.43,EUR,SG,SG,normal,195.0,0
42C8E5897B9A8780,2024-05-27,2024-05-27 05:23:04,NOVA_TRUST_041,STRATUS_FUND_097,5325.73,USD,AU,JP,normal,2549.0,0
42D7456EC8F437B8,2024-05-06,2024-05-06 01:33:30,SOLARIS_FIN_163,NEXUS_TRUST_171,123801.06,HKD,SG,CY,normal,16323.0,0
42ED76833C66D0AB,2024-03-24,2024-03-24 04:07:18,HELIX_PAYMENTS_125,SOLARIS_FIN_163,117298.1,CHF,US,FR,normal,1786.0,0
42F086C6F77013AD,2024-06-01,2024-06-01 14:02:41,AXIOM_PARTNERS_158,SOLARIS_FIN_183,393376.66,SGD,VG,FR,layering,9409.0,0
4307A356D546BAF9,2024-01-21,2024-01-21 22:49:11,NEXUS_TRUST_111,CIPHER_CAPITAL_050,77685.84,SGD,LI,MT,layering,420.0,0
431982AC1433EBBD,2024-01-04,2024-01-04 02:35:25,MERIDIAN_CAPITAL_120,ZENITH_FUND_147,84683.25,CHF,KY,VG,circular_flow,12904.0,0
431C55DF3520D37D,2024-06-30,2024-06-30 04:37:01,ECLIPSE_HOLDINGS_089,VERTEX_PAYMENTS_015,31899.24,USD,SG,US,normal,4060.0,0
431D4CB3BC7DE802,2024-04-01,2024-04-01 09:28:18,QUANTUM_CLEARING_166,STRATUS_FUND_137,9499.36,SGD,PA,PA,structuring,308.0,0
431DC0E8E7FD7234,2024-06-06,2024-06-06 20:50:11,QUANTUM_CLEARING_066,CORONA_CLEARING_016,6827.54,AED,FR,KY,normal,5682.0,0
432737F12F7091,2024-03-05,2024-03-05 08:52:54,SOLARIS_FIN_163,HELIX_PAYMENTS_105,57991.58,SGD,AU,LI,normal,25.0,0
4335C521C812C97D,2024-01-18,2024-01-18 18:48:30,SOLARIS_FIN_143,VORTEX_CREDIT_004,907.97,SGD,US,MT,normal,755.0,0
434839E9A51703E3,2024-07-04,2024-07-04 13:05:41,STRATUS_FUND_117,HELIX_PAYMENTS_185,498.03,USD,AE,UK,normal,4770.0,0
4354997D18929F9C,2024-04-29,2024-04-29 20:26:38,MERIDIAN_CAPITAL_180,APEX_CREDIT_014,7255.34,USD,MT,LI,normal,8211.0,0
439232C1A11BF718,2024-01-01,2024-01-01 22:49:43,HELIX_PAYMENTS_085,PRIME_HOLDINGS_199,12149.16,EUR,JP,MT,velocity_burst,23.0,0
439626F44BF86F67,2024-03-17,2024-03-17 03:27:02,PRIME_HOLDINGS_079,NEXUS_TRUST_171,10359.71,EUR,KY,AE,velocity_burst,14.0,0
43A2109989BD9BF8,2024-01-15,2024-01-15 13:53:28,ZENITH_FUND_007,STRATUS_FUND_177,4338.41,SGD,AE,JP,normal,12038.0,0
43A4821AB762A4DF,2024-01-22,2024-01-22 06:39:46,ECLIPSE_HOLDINGS_069,CIPHER_CAPITAL_070,7279.61,EUR,PA,UK,velocity_burst,1.0,0
43AAF2EF70B933A7,2024-01-28,2024-01-28 23:21:16,CORONA_CLEARING_176,HELIX_PAYMENTS_085,291.89,SGD,FR,KY,normal,8731.0,0
43B9523E70AEC577,2024-02-15,2024-02-15 05:05:57,OMEGA_FIN_013,ZENITH_FUND_147,788231.71,USD,US,CY,normal,407.0,0
43BABDBA8E9CB3C,2024-06-24,2024-06-24 05:30:05,HELIX_PAYMENTS_005,NEXUS_TRUST_151,21948.01,CHF,KY,AU,normal,1548.0,0
43BC698D4894F14F,2024-03-14,2024-03-14 14:16:45,VORTEX_CREDIT_024,ZENITH_FUND_167,37152.33,HKD,MT,KY,circular_flow,2471.0,0
43BE1FC5D632076D,2024-03-28,2024-03-28 05:05:58,ZENITH_FUND_087,SOLARIS_FIN_163,4627.63,HKD,VG,SG,velocity_burst,24.0,1
43CC99B068326831,2024-06-10,2024-06-10 08:51:04,ATLAS_BANCORP_002,VORTEX_CREDIT_024,63924.08,CHF,LI,UK,normal,6472.0,0
43D720A8FA1F0BA2,2024-03-23,2024-03-23 09:47:26,HELIX_PAYMENTS_145,SOLARIS_FIN_003,435861.85,HKD,LI,UK,normal,4327.0,0
43DF72428ACC2D22,2024-05-09,2024-05-09 15:14:39,ZENITH_FUND_167,HELIX_PAYMENTS_045,909457.23,CHF,LI,FR,normal,3305.0,0
43ED7DE683177D09,2024-03-21,2024-03-21 00:05:51,SOLARIS_FIN_163,NOVA_TRUST_101,745.07,AED,SG,AU,normal,10489.0,0
43F971C57F24A906,2024-04-02,2024-04-02 03:20:30,OMEGA_FIN_033,VORTEX_CREDIT_024,2653.04,HKD,KY,AU,normal,5850.0,0
43FC12A58AAA2F91,2024-04-20,2024-04-20 04:53:02,NEXUS_TRUST_091,ZENITH_FUND_007,56050.08,GBP,CY,LI,normal,4228.0,0
4402C9413278469F,2024-04-28,2024-04-28 22:13:48,VORTEX_CREDIT_084,DELTA_BANCORP_112,2057.18,USD,MT,DE,normal,15220.0,0
441DDA6AEC9CE6DA,2024-05-30,2024-05-30 07:44:54,MERIDIAN_CAPITAL_140,VORTEX_CREDIT_024,5703.19,GBP,AU,AE,normal,1026.0,0
44281110A4373B76,2024-04-30,2024-04-30 00:06:43,DELTA_BANCORP_032,STRATUS_FUND_097,181531.6,AED,DE,LI,normal,13205.0,0
445C4197A8FB265,2024-03-30,2024-03-30 13:47:15,DELTA_BANCORP_112,OMEGA_FIN_113,9788.21,CHF,SG,DE,velocity_burst,6.0,0
446F367188AF8943,2024-05-31,2024-05-31 19:16:41,OBSIDIAN_PARTNERS_028,ATLAS_BANCORP_002,13756.64,GBP,JP,AU,velocity_burst,7.0,0
44732DC414D3D45C,2024-01-24,2024-01-24 22:02:47,VERTEX_PAYMENTS_155,OBSIDIAN_PARTNERS_048,2188.77,GBP,AE,US,normal,7985.0,0
447357BFF2F19D35,2024-01-11,2024-01-11 15:32:37,CIPHER_CAPITAL_190,HELIX_PAYMENTS_025,8443.11,AED,US,SG,structuring,129.0,0
447629635025A87C,2024-05-06,2024-05-06 02:54:14,PRIME_HOLDINGS_119,CIPHER_CAPITAL_190,4638.97,SGD,FR,LI,normal,4844.0,0
4480E90A6CAA7294,2024-04-01,2024-04-01 12:53:53,ZENITH_FUND_007,NEXUS_TRUST_031,6121.28,GBP,AE,MT,velocity_burst,4.0,0
4482935A8C1116A7,2024-06-19,2024-06-19 14:15:46,QUANTUM_CLEARING_086,HELIX_PAYMENTS_185,19826.54,USD,SG,UK,normal,3414.0,0
4498E5BB4B084228,2024-05-10,2024-05-10 04:37:44,CORONA_CLEARING_196,STRATUS_FUND_017,3233.83,GBP,AE,CY,normal,11836.0,0
449B610FAE67E8BD,2024-06-13,2024-06-13 05:14:33,CORONA_CLEARING_056,OBSIDIAN_PARTNERS_128,131839.24,CHF,MT,SG,layering,1711.0,0
44A0CFA3A6803ACD,2024-02-07,2024-02-07 04:35:34,HELIX_PAYMENTS_025,NOVA_TRUST_021,1688.3,GBP,DE,VG,normal,3412.0,0
44B582B6582047C7,2024-05-10,2024-05-10 07:30:01,VORTEX_CREDIT_184,CORONA_CLEARING_136,12233.48,HKD,KY,DE,velocity_burst,1.0,0
44D1CB4C9C87010,2024-05-29,2024-05-29 08:15:55,MERIDIAN_CAPITAL_000,APEX_CREDIT_074,8792.9,GBP,SG,MT,structuring,63.0,0
44DB8C0DBBE36C64,2024-04-08,2024-04-08 16:11:12,VORTEX_CREDIT_184,OBSIDIAN_PARTNERS_068,336.69,AED,AE,MT,normal,13927.0,0
44EA097614932BB3,2024-05-16,2024-05-16 13:51:07,OBSIDIAN_PARTNERS_028,SOLARIS_FIN_043,326812.29,HKD,KY,SG,normal,8268.0,0
44F21AE89ED9C456,2024-03-07,2024-03-07 20:46:12,ATLAS_BANCORP_102,ZENITH_FUND_087,164078.17,CHF,LI,KY,high_risk_jx,9138.0,0
451691F3C2633CC2,2024-04-25,2024-04-25 17:58:37,PRIME_HOLDINGS_119,NOVA_TRUST_021,7286.94,USD,KY,UK,normal,2495.0,0
451F6369B513FBAA,2024-04-18,2024-04-18 03:19:10,DELTA_BANCORP_072,CIPHER_CAPITAL_190,10523.06,CHF,UK,UK,velocity_burst,1.0,1
453B82C962863674,2024-06-24,2024-06-24 18:44:32,MERIDIAN_CAPITAL_000,CIPHER_CAPITAL_170,26904.82,CHF,FR,UK,normal,2877.0,0
4544FB75608817D8,2024-02-10,2024-02-10 21:24:46,VERTEX_PAYMENTS_195,HELIX_PAYMENTS_005,9084.54,CHF,MT,CY,structuring,79.0,0
45463F767C1F229C,2024-05-24,2024-05-24 01:09:55,CIPHER_CAPITAL_030,DELTA_BANCORP_092,9423.66,EUR,CY,AE,structuring,30.0,0
454B91D7C74298BA,2024-03-12,2024-03-12 20:21:54,MERIDIAN_CAPITAL_040,APEX_CREDIT_134,8902.28,EUR,AU,LI,structuring,36.0,0
45510E6CB65D4B3B,2024-05-07,2024-05-07 18:22:43,AXIOM_PARTNERS_018,AXIOM_PARTNERS_078,542486.26,GBP,JP,KY,normal,15125.0,0
457390E476C112B8,2024-03-02,2024-03-02 23:30:58,OBSIDIAN_PARTNERS_088,ATLAS_BANCORP_122,12651.91,USD,US,MT,velocity_burst,25.0,1
45854EE1FA9AB440,2024-02-01,2024-02-01 12:30:38,ECLIPSE_HOLDINGS_149,OMEGA_FIN_033,4081.39,GBP,JP,AU,normal,11899.0,0
458DDA3CD30D843A,2024-01-25,2024-01-25 02:51:13,OBSIDIAN_PARTNERS_168,ATLAS_BANCORP_022,20157.22,AED,UK,UK,normal,17306.0,0
4591B4C36EEBA163,2024-04-29,2024-04-29 13:00:20,CORONA_CLEARING_156,PRIME_HOLDINGS_079,81142.54,GBP,PA,JP,normal,520.0,0
459975EA477C5C3E,2024-06-03,2024-06-03 15:13:07,OMEGA_FIN_053,NOVA_TRUST_141,3618.56,HKD,VG,JP,normal,2030.0,0
45CBE4D032ACBEB3,2024-03-17,2024-03-17 03:27:58,PRIME_HOLDINGS_079,ATLAS_BANCORP_162,1907.4,HKD,VG,FR,velocity_burst,24.0,0
45CF2AF5746C4146,2024-03-02,2024-03-02 13:48:36,MERIDIAN_CAPITAL_100,SOLARIS_FIN_023,9487.88,USD,SG,DE,velocity_burst,30.0,1
45E1B05863AE12B3,2024-04-01,2024-04-01 04:15:59,MERIDIAN_CAPITAL_160,STRATUS_FUND_137,8939.92,HKD,LI,LI,structuring,339.0,1
45E633F078249870,2024-01-02,2024-01-02 12:16:04,MERIDIAN_CAPITAL_000,ATLAS_BANCORP_162,3065.77,GBP,CY,UK,velocity_burst,16.0,0
45E65AB12D0C8C35,2024-06-10,2024-06-10 15:22:45,NEXUS_TRUST_131,ECLIPSE_HOLDINGS_089,13266.13,EUR,LI,LI,normal,6165.0,0
45EC7149F6624D8C,2024-03-06,2024-03-06 08:22:48,QUANTUM_CLEARING_166,OMEGA_FIN_033,5167.67,AED,DE,VG,velocity_burst,3596.0,0
45F40873B8B4202A,2024-02-15,2024-02-15 08:41:42,NOVA_TRUST_081,APEX_CREDIT_014,10254.71,AED,AE,VG,velocity_burst,26.0,0
45F9D3A5622605EA,2024-01-31,2024-01-31 23:21:35,ATLAS_BANCORP_002,DELTA_BANCORP_172,1701.0,GBP,UK,MT,normal,1235.0,0
45FB422C1A597BA4,2024-02-12,2024-02-12 02:15:34,ECLIPSE_HOLDINGS_189,QUANTUM_CLEARING_106,5217.49,GBP,PA,VG,normal,1756.0,0
4607B587729454BD,2024-04-18,2024-04-18 00:59:28,DELTA_BANCORP_192,APEX_CREDIT_174,409912.61,AED,CY,VG,high_risk_jx,11039.0,0
4611E3362440F073,2024-04-17,2024-04-17 16:22:05,ECLIPSE_HOLDINGS_089,VORTEX_CREDIT_104,6105.51,AED,VG,SG,normal,7734.0,0
461A084F57C49BD5,2024-05-15,2024-05-15 09:11:30,ATLAS_BANCORP_042,CIPHER_CAPITAL_170,13755.59,SGD,JP,DE,normal,3604.0,0
4625460A593430AA,2024-03-30,2024-03-30 01:42:21,ATLAS_BANCORP_022,ATLAS_BANCORP_102,117337.17,EUR,CY,AE,layering,440.0,0
462BBCE063D9DE13,2024-04-18,2024-04-18 03:18:30,DELTA_BANCORP_072,CORONA_CLEARING_096,6821.45,AED,FR,DE,velocity_burst,6.0,0
463FC652FEFD0124,2024-01-30,2024-01-30 14:54:32,OBSIDIAN_PARTNERS_008,OMEGA_FIN_193,26879.41,GBP,LI,KY,normal,6652.0,0
4649438282AB140B,2024-05-25,2024-05-25 17:44:55,NOVA_TRUST_101,VERTEX_PAYMENTS_175,380292.21,GBP,LI,CY,layering,213.0,0
465C418CAB3CDB8,2024-05-06,2024-05-06 06:58:03,HELIX_PAYMENTS_145,OBSIDIAN_PARTNERS_048,6209.11,EUR,SG,AU,normal,4741.0,0
466EF81C128715F3,2024-01-26,2024-01-26 15:55:32,QUANTUM_CLEARING_006,SOLARIS_FIN_063,13162.5,SGD,VG,MT,normal,2453.0,0
4680C8172B16217C,2024-06-29,2024-06-29 19:56:21,AXIOM_PARTNERS_038,VERTEX_PAYMENTS_135,8228.5,AED,KY,VG,structuring,56.0,1
4687E0DD22E2278A,2024-01-12,2024-01-12 10:02:36,PRIME_HOLDINGS_059,NOVA_TRUST_061,9168.74,SGD,PA,CY,normal,1341.0,0
4699998A5A14757F,2024-04-22,2024-04-22 06:00:26,AXIOM_PARTNERS_198,CIPHER_CAPITAL_030,5616.95,GBP,AU,PA,normal,10532.0,0
46A4751FCD8A9D2F,2024-01-29,2024-01-29 15:41:24,ECLIPSE_HOLDINGS_069,SOLARIS_FIN_023,8317.29,GBP,SG,CY,structuring,106.0,0
46AC122A7BB760A5,2024-04-01,2024-04-01 12:58:56,ZENITH_FUND_007,STRATUS_FUND_117,2700.0,GBP,US,KY,velocity_burst,25.0,1
46B11A382505A7BF,2024-04-12,2024-04-12 15:36:28,DELTA_BANCORP_132,NEXUS_TRUST_191,15070.17,EUR,SG,AE,normal,10640.0,0
46B3BD1C9BAEDF9F,2024-05-21,2024-05-21 15:20:56,CORONA_CLEARING_176,STRATUS_FUND_137,1940.22,SGD,PA,KY,normal,5977.0,0
46C2FD1B7B1CBF2A,2024-06-24,2024-06-24 17:51:50,PRIME_HOLDINGS_019,MERIDIAN_CAPITAL_000,41294.88,CHF,AU,DE,normal,185.0,0
46C864C521A371AA,2024-04-21,2024-04-21 10:07:07,CORONA_CLEARING_096,AXIOM_PARTNERS_078,9906.99,SGD,SG,AU,velocity_burst,84.0,1
46C9C4AE2C57B008,2024-04-11,2024-04-11 08:38:01,ATLAS_BANCORP_162,AXIOM_PARTNERS_198,2475.02,CHF,PA,MT,normal,5891.0,0
46CCBB244962A3D6,2024-03-17,2024-03-17 14:40:39,CORONA_CLEARING_096,SOLARIS_FIN_023,9739.34,GBP,MT,JP,structuring,81.0,1
46D374C4EB64981D,2024-02-11,2024-02-11 15:33:05,NOVA_TRUST_021,APEX_CREDIT_134,14288.65,GBP,AU,FR,normal,2676.0,0
46D85365F69D7864,2024-06-26,2024-06-26 15:59:17,CIPHER_CAPITAL_150,STRATUS_FUND_017,353054.53,AED,SG,SG,layering,22.0,0
46F4A626306CAF10,2024-05-31,2024-05-31 01:34:46,ZENITH_FUND_007,APEX_CREDIT_014,14947.32,USD,KY,AU,velocity_burst,34.0,0
46F66E23E1811565,2024-06-27,2024-06-27 11:51:54,ATLAS_BANCORP_022,MERIDIAN_CAPITAL_100,8050.15,SGD,FR,AU,structuring,760.0,1
46FD2C431A9DA54E,2024-01-26,2024-01-26 05:32:06,ECLIPSE_HOLDINGS_089,OBSIDIAN_PARTNERS_088,8950.99,USD,US,US,structuring,82.0,0
470C6117991BBA4E,2024-03-26,2024-03-26 15:22:40,CORONA_CLEARING_156,HELIX_PAYMENTS_065,123263.45,EUR,CY,LI,layering,392.0,0
470E832D20D00D55,2024-06-12,2024-06-12 07:05:04,SOLARIS_FIN_123,PRIME_HOLDINGS_179,24038.35,CHF,DE,AU,normal,3418.0,0
470FD74F84456088,2024-05-31,2024-05-31 01:36:27,ZENITH_FUND_007,NEXUS_TRUST_051,8428.82,CHF,SG,DE,velocity_burst,5.0,1
470FFB6745FD0CB6,2024-07-05,2024-07-05 13:52:30,OBSIDIAN_PARTNERS_048,NEXUS_TRUST_011,15528.09,GBP,LI,VG,normal,921.0,0
47186DF91BA7E4DD,2024-02-17,2024-02-17 20:30:43,APEX_CREDIT_134,NEXUS_TRUST_171,12936.97,GBP,LI,VG,normal,1606.0,0
472ED6FECD1BAAD9,2024-02-13,2024-02-13 16:19:53,ZENITH_FUND_007,PRIME_HOLDINGS_179,28403.42,AED,US,VG,normal,7068.0,0
4733692345C8B32,2024-04-23,2024-04-23 16:19:05,CORONA_CLEARING_156,DELTA_BANCORP_092,4366.31,SGD,MT,JP,velocity_burst,31.0,0
4735677489BAD50E,2024-05-12,2024-05-12 01:28:42,QUANTUM_CLEARING_066,HELIX_PAYMENTS_125,2384.63,CHF,MT,FR,normal,6736.0,0
47636E87D11D44C0,2024-01-19,2024-01-19 23:11:09,QUANTUM_CLEARING_186,OBSIDIAN_PARTNERS_128,216.79,EUR,LI,AU,normal,295.0,0
476D9ABB279C2D6B,2024-03-23,2024-03-23 16:57:44,OMEGA_FIN_173,CIPHER_CAPITAL_050,222425.06,EUR,MT,PA,layering,6192.0,0
477565E434044F9B,2024-06-15,2024-06-15 01:08:41,STRATUS_FUND_037,DELTA_BANCORP_192,6295.19,AED,KY,JP,normal,972.0,0
47804FEC1FAF96DA,2024-01-13,2024-01-13 23:36:53,DELTA_BANCORP_012,VERTEX_PAYMENTS_095,14165.8,SGD,KY,US,velocity_burst,0.0,0
4797A2D62E771A94,2024-04-29,2024-04-29 07:06:35,OBSIDIAN_PARTNERS_028,ZENITH_FUND_147,266266.92,AED,LI,PA,layering,137.0,0
47AFCF94139F36B4,2024-04-01,2024-04-01 09:47:37,HELIX_PAYMENTS_185,PRIME_HOLDINGS_139,6988.48,HKD,LI,CY,normal,69.0,0
47B836E44A14F79A,2024-04-21,2024-04-21 10:02:13,CORONA_CLEARING_096,DELTA_BANCORP_032,14721.6,AED,US,LI,velocity_burst,10.0,0
47C02431D4F62968,2024-03-06,2024-03-06 08:24:28,QUANTUM_CLEARING_166,CIPHER_CAPITAL_150,13572.91,SGD,AU,KY,velocity_burst,79.0,0
47C26E871AB19FC2,2024-02-20,2024-02-20 10:40:44,ECLIPSE_HOLDINGS_089,CIPHER_CAPITAL_090,1833.85,USD,MT,DE,normal,3173.0,0
47C47F287569178B,2024-04-08,2024-04-08 05:34:59,NEXUS_TRUST_091,ZENITH_FUND_067,8517.08,AED,FR,KY,normal,13099.0,0
47D4C933AB55ED28,2024-01-20,2024-01-20 06:55:12,NEXUS_TRUST_151,ECLIPSE_HOLDINGS_189,8786.97,SGD,US,US,velocity_burst,44.0,1
47E2334DDCF5B5AB,2024-07-07,2024-07-07 15:11:35,CIPHER_CAPITAL_090,QUANTUM_CLEARING_186,9162.4,EUR,CY,AE,velocity_burst,14.0,0
47F06F25D2F9333,2024-03-27,2024-03-27 06:31:02,SOLARIS_FIN_023,QUANTUM_CLEARING_046,6513.2,GBP,SG,CY,normal,2218.0,0
47F13229E46E47D0,2024-03-08,2024-03-08 09:18:51,NOVA_TRUST_101,APEX_CREDIT_114,25497.37,AED,AU,DE,circular_flow,174.0,0
47F4B02F893CF74,2024-06-21,2024-06-21 23:39:02,OMEGA_FIN_193,STRATUS_FUND_117,38858.5,HKD,PA,LI,normal,5203.0,0
481436C45886ABBE,2024-05-08,2024-05-08 13:22:53,VERTEX_PAYMENTS_095,PRIME_HOLDINGS_179,6923.69,CHF,SG,KY,normal,2902.0,0
483BD80DBABFBD67,2024-04-25,2024-04-25 18:08:12,HELIX_PAYMENTS_145,CIPHER_CAPITAL_150,2378.91,EUR,US,SG,normal,575.0,0
485BC0D21F878A9F,2024-05-16,2024-05-16 04:00:38,CORONA_CLEARING_116,HELIX_PAYMENTS_145,3467.23,SGD,SG,JP,normal,11297.0,0
486B339D5B4C0397,2024-05-31,2024-05-31 01:38:10,ZENITH_FUND_007,MERIDIAN_CAPITAL_040,8997.89,GBP,AU,FR,velocity_burst,17.0,1
48815F29E3047168,2024-05-10,2024-05-10 07:36:14,VORTEX_CREDIT_184,OMEGA_FIN_013,14305.47,SGD,AE,JP,velocity_burst,52.0,1
488B8B25C137BF98,2024-02-15,2024-02-15 20:48:55,NEXUS_TRUST_051,PRIME_HOLDINGS_059,172048.68,SGD,KY,KY,normal,1224.0,0
48C217C8DBB539D0,2024-04-05,2024-04-05 19:04:46,HELIX_PAYMENTS_065,HELIX_PAYMENTS_045,9026.56,USD,MT,FR,structuring,208.0,0
48D92014D2D3743C,2024-01-16,2024-01-16 12:45:14,ATLAS_BANCORP_182,NEXUS_TRUST_091,380008.53,GBP,JP,AU,normal,2960.0,0
48F13E17143DAEC7,2024-03-23,2024-03-23 17:07:06,CIPHER_CAPITAL_050,PRIME_HOLDINGS_059,211303.81,GBP,PA,PA,layering,562.0,0
490E4D3F8F0C2519,2024-03-27,2024-03-27 00:21:49,ZENITH_FUND_147,ZENITH_FUND_007,530211.8,AED,PA,CY,normal,5765.0,0
4943255ACA0586FC,2024-02-05,2024-02-05 18:26:52,ATLAS_BANCORP_002,DELTA_BANCORP_152,924.72,AED,PA,SG,velocity_burst,5.0,1
495399D4F874321B,2024-05-13,2024-05-13 02:36:41,ATLAS_BANCORP_022,STRATUS_FUND_017,18202.05,USD,US,DE,circular_flow,107.0,0
49680CC32DB244F7,2024-03-09,2024-03-09 03:53:48,SOLARIS_FIN_003,PRIME_HOLDINGS_159,90372.67,GBP,SG,US,normal,182.0,0
496A96E55AAC4C0,2024-06-23,2024-06-23 08:12:11,NEXUS_TRUST_011,ATLAS_BANCORP_142,34228.3,CHF,AU,LI,normal,4506.0,0
496E509D5BF5D6DB,2024-03-29,2024-03-29 22:31:36,OBSIDIAN_PARTNERS_108,OMEGA_FIN_093,51174.62,USD,CY,AE,normal,2230.0,0
4976F0FCA140A88C,2024-03-05,2024-03-05 03:58:05,PRIME_HOLDINGS_139,SOLARIS_FIN_083,4712.57,SGD,CY,DE,velocity_burst,20.0,0
49944256DB7D8026,2024-05-03,2024-05-03 04:24:35,CORONA_CLEARING_156,AXIOM_PARTNERS_018,157.84,HKD,JP,JP,normal,15865.0,0
49AD960A8C121728,2024-02-11,2024-02-11 01:46:41,ATLAS_BANCORP_142,MERIDIAN_CAPITAL_020,14915.53,SGD,CY,SG,velocity_burst,24.0,1
49B67C0844C37B87,2024-02-13,2024-02-13 12:35:22,QUANTUM_CLEARING_046,ATLAS_BANCORP_162,68865.68,SGD,VG,MT,circular_flow,56.0,0
49DC30FD3C269D95,2024-03-26,2024-03-26 16:00:09,OMEGA_FIN_153,APEX_CREDIT_134,117939.38,CHF,VG,AE,normal,911.0,0
49DD66CC5DFDFF81,2024-05-17,2024-05-17 12:12:03,QUANTUM_CLEARING_126,OBSIDIAN_PARTNERS_068,118814.35,USD,SG,JP,normal,40.0,0
49EAF639ECA3C90C,2024-03-05,2024-03-05 14:11:21,ZENITH_FUND_147,OMEGA_FIN_013,8522.76,SGD,SG,KY,structuring,68.0,0
49EB7C06A1F8333B,2024-01-03,2024-01-03 22:39:37,NOVA_TRUST_001,CIPHER_CAPITAL_130,239593.94,CHF,VG,AU,layering,99.0,0
49EE4FD3FAE33BA8,2024-04-25,2024-04-25 17:05:15,AXIOM_PARTNERS_058,SOLARIS_FIN_183,1426.09,USD,KY,KY,velocity_burst,13.0,0
49F243D654325C72,2024-02-27,2024-02-27 07:32:36,DELTA_BANCORP_092,ATLAS_BANCORP_062,20097.2,CHF,CY,JP,normal,447.0,0
49F6710A6DE72B24,2024-05-02,2024-05-02 04:02:29,CIPHER_CAPITAL_090,ATLAS_BANCORP_122,1362.28,GBP,KY,VG,velocity_burst,6.0,1
49FC7252993F840D,2024-04-05,2024-04-05 18:31:22,PRIME_HOLDINGS_039,MERIDIAN_CAPITAL_180,29741.72,GBP,KY,PA,normal,15518.0,0
4A0C1484A98F79E6,2024-03-31,2024-03-31 01:55:31,ECLIPSE_HOLDINGS_129,APEX_CREDIT_114,79694.55,USD,AE,KY,layering,226.0,0
4A1BB70FFEE5611D,2024-06-15,2024-06-15 15:21:16,NOVA_TRUST_121,NOVA_TRUST_141,1252167.43,HKD,MT,SG,normal,3000.0,0
4A2AA4BAEE446D9B,2024-06-08,2024-06-08 13:14:29,ECLIPSE_HOLDINGS_129,ECLIPSE_HOLDINGS_029,13322.25,HKD,US,DE,normal,4375.0,0
4A37521F25684F45,2024-01-18,2024-01-18 22:16:14,PRIME_HOLDINGS_079,STRATUS_FUND_077,4715.15,AED,AE,US,normal,1375.0,0
4A3983A0E48B1BCA,2024-06-13,2024-06-13 19:38:51,CIPHER_CAPITAL_190,STRATUS_FUND_017,390494.93,USD,AE,KY,layering,754.0,0
4A52CF32E394AB4,2024-07-02,2024-07-02 13:11:04,NEXUS_TRUST_191,PRIME_HOLDINGS_119,150720.4,SGD,AE,PA,normal,6169.0,0
4A5CC2B86D3C7391,2024-03-13,2024-03-13 23:58:38,OMEGA_FIN_073,CIPHER_CAPITAL_110,9309.13,EUR,CY,CY,structuring,271.0,0
4A64470FC8E4E516,2024-03-18,2024-03-18 06:26:36,APEX_CREDIT_014,AXIOM_PARTNERS_118,9775.73,AED,JP,CY,structuring,42.0,0
4A681F4D7AF1938,2024-01-22,2024-01-22 10:39:21,ATLAS_BANCORP_042,APEX_CREDIT_154,184983.49,HKD,CY,MT,layering,673.0,0
4A8568C595A368CF,2024-01-12,2024-01-12 05:57:51,ECLIPSE_HOLDINGS_149,DELTA_BANCORP_032,1940601.12,HKD,VG,MT,normal,10626.0,0
4AA5E864825886B7,2024-04-01,2024-04-01 04:00:13,MERIDIAN_CAPITAL_160,PRIME_HOLDINGS_139,9072.97,EUR,SG,AU,structuring,284.0,0
4ABA49848619011,2024-01-07,2024-01-07 16:52:29,CIPHER_CAPITAL_090,VORTEX_CREDIT_084,9965.32,SGD,CY,MT,structuring,50.0,0
4ADC98DC484ADEEE,2024-06-21,2024-06-21 11:35:25,CORONA_CLEARING_176,OBSIDIAN_PARTNERS_048,26506.35,GBP,VG,US,normal,2753.0,0
4ADE1C826A1E6223,2024-06-14,2024-06-14 21:02:49,NOVA_TRUST_141,QUANTUM_CLEARING_146,30017.42,CHF,JP,JP,normal,166.0,0
4ADEFC405A116299,2024-04-29,2024-04-29 12:06:32,HELIX_PAYMENTS_185,HELIX_PAYMENTS_085,9570.86,SGD,CY,AE,structuring,24.0,0
4ADF3B64148812B4,2024-01-17,2024-01-17 15:33:32,VERTEX_PAYMENTS_075,CORONA_CLEARING_116,8753.82,USD,SG,CY,structuring,23.0,0
4AE3ACD2602ACA36,2024-02-21,2024-02-21 20:33:02,DELTA_BANCORP_012,OBSIDIAN_PARTNERS_088,473303.94,HKD,VG,LI,high_risk_jx,6360.0,0
4AE5FCB9F5F3781A,2024-01-22,2024-01-22 23:02:15,NEXUS_TRUST_011,NEXUS_TRUST_111,259781.82,USD,LI,VG,layering,44.0,0
4AF1FF744CA3D402,2024-06-11,2024-06-11 20:34:29,ZENITH_FUND_087,QUANTUM_CLEARING_126,175310.57,GBP,AE,FR,layering,885.0,0
4AFEDF613B26BDCC,2024-06-09,2024-06-09 00:43:39,VORTEX_CREDIT_004,ATLAS_BANCORP_142,2730.92,HKD,VG,AE,velocity_burst,6.0,0
4B002032EA7CB190,2024-05-31,2024-05-31 16:56:48,MERIDIAN_CAPITAL_000,APEX_CREDIT_034,9729.32,HKD,LI,UK,structuring,201.0,1
4B01F81DD636C3E5,2024-05-29,2024-05-29 08:14:52,MERIDIAN_CAPITAL_000,VORTEX_CREDIT_004,9973.16,HKD,CY,VG,structuring,654.0,0
4B0FAF1C31C10DB1,2024-06-24,2024-06-24 17:08:42,HELIX_PAYMENTS_045,DELTA_BANCORP_132,9306.44,SGD,VG,JP,velocity_burst,29.0,0
4B13F8BEE704E0B1,2024-01-05,2024-01-05 00:30:21,APEX_CREDIT_054,ZENITH_FUND_027,49413.18,EUR,LI,AU,normal,2584.0,0
4B1DDFBF57EDD301,2024-04-20,2024-04-20 06:08:48,OMEGA_FIN_153,ECLIPSE_HOLDINGS_169,7751.43,EUR,VG,FR,normal,4546.0,0
4B27979D27CA754A,2024-02-20,2024-02-20 17:59:03,VORTEX_CREDIT_044,ECLIPSE_HOLDINGS_129,7442.19,USD,PA,MT,velocity_burst,16.0,0
4B28CCD1657FDB38,2024-02-06,2024-02-06 15:27:57,OMEGA_FIN_153,OMEGA_FIN_033,4401.31,EUR,MT,US,normal,3414.0,0
4B5C88E94B1275C5,2024-02-19,2024-02-19 15:36:01,NEXUS_TRUST_071,ZENITH_FUND_127,1790.24,AED,VG,LI,normal,21503.0,0
4B6806E4E098DFAE,2024-01-02,2024-01-02 11:06:23,QUANTUM_CLEARING_046,DELTA_BANCORP_112,19764.38,SGD,PA,MT,normal,140.0,0
4B73638253072984,2024-06-13,2024-06-13 01:39:41,OBSIDIAN_PARTNERS_088,ECLIPSE_HOLDINGS_109,9893.87,EUR,JP,LI,structuring,4517.0,0
4B805B0E84E8A3FC,2024-03-28,2024-03-28 09:16:43,NOVA_TRUST_061,QUANTUM_CLEARING_166,255918.42,SGD,JP,LI,layering,61.0,0
4B8D60D379FDF7E0,2024-02-26,2024-02-26 07:10:26,NEXUS_TRUST_031,ZENITH_FUND_087,13577.86,GBP,DE,LI,normal,1663.0,0
4B9538F341FEB73F,2024-05-05,2024-05-05 21:01:27,PRIME_HOLDINGS_199,SOLARIS_FIN_163,9433.25,CHF,CY,DE,normal,1089.0,0
4B99AA80EC61168A,2024-01-22,2024-01-22 10:22:32,DELTA_BANCORP_152,DELTA_BANCORP_072,4478.77,CHF,AU,FR,normal,433.0,0
4BA4D0D49C5DE6ED,2024-06-26,2024-06-26 19:07:51,DELTA_BANCORP_192,NEXUS_TRUST_191,12760.18,SGD,PA,AU,normal,2205.0,0
4BB73F07EFE50DF0,2024-02-07,2024-02-07 16:45:47,ZENITH_FUND_087,CIPHER_CAPITAL_010,11627.72,USD,VG,KY,normal,5803.0,0
4BBE462D68AAF5DC,2024-05-20,2024-05-20 20:48:36,NEXUS_TRUST_111,OMEGA_FIN_133,9819.07,USD,AE,CY,structuring,503.0,1
4BCA2D56C86BE7FF,2024-02-13,2024-02-13 00:18:45,SOLARIS_FIN_043,AXIOM_PARTNERS_138,41598.05,USD,MT,DE,normal,10707.0,0
4BD6EC5877EF0701,2024-04-11,2024-04-11 05:14:18,CORONA_CLEARING_196,SOLARIS_FIN_043,8875.86,HKD,AU,PA,structuring,200.0,0
4BE3561140E98A79,2024-04-04,2024-04-04 02:24:06,SOLARIS_FIN_043,MERIDIAN_CAPITAL_100,110792.84,CHF,MT,JP,normal,3826.0,0
4BE3C77EBF151216,2024-04-18,2024-04-18 08:38:16,OBSIDIAN_PARTNERS_148,ZENITH_FUND_127,6068.68,SGD,DE,SG,normal,252.0,0
4BE66E65F4C65037,2024-04-27,2024-04-27 02:38:47,VERTEX_PAYMENTS_035,STRATUS_FUND_097,101886.92,GBP,JP,PA,normal,415.0,0
4C0699BE919B8B14,2024-06-09,2024-06-09 14:50:20,OMEGA_FIN_193,STRATUS_FUND_037,1972.52,CHF,KY,SG,normal,6207.0,0
4C1777EB1D19EBDC,2024-05-29,2024-05-29 04:56:24,PRIME_HOLDINGS_139,OMEGA_FIN_113,30901.17,HKD,AU,US,normal,3587.0,0
4C3B32529D3F4BF1,2024-04-19,2024-04-19 14:48:01,HELIX_PAYMENTS_025,QUANTUM_CLEARING_046,11092.48,GBP,AU,MT,normal,1506.0,0
4C418A168BAD072C,2024-05-31,2024-05-31 01:38:43,ZENITH_FUND_007,QUANTUM_CLEARING_146,2186.58,HKD,PA,AU,velocity_burst,33.0,1
4C67CB96FB355002,2024-03-30,2024-03-30 13:50:03,DELTA_BANCORP_112,NEXUS_TRUST_171,4164.22,SGD,VG,CY,velocity_burst,7.0,1
4C6C6F8E5F962C2D,2024-06-14,2024-06-14 21:00:03,STRATUS_FUND_037,CIPHER_CAPITAL_030,39813.93,GBP,KY,MT,circular_flow,1007.0,0
4C8DD2AFECF211BE,2024-01-26,2024-01-26 03:46:37,CORONA_CLEARING_156,AXIOM_PARTNERS_118,4808.32,EUR,LI,LI,velocity_burst,3056.0,0
4CA83856FFEBF433,2024-05-20,2024-05-20 08:15:30,NEXUS_TRUST_091,CIPHER_CAPITAL_090,110708.74,USD,FR,PA,normal,6236.0,0
4CA85A543A861049,2024-04-08,2024-04-08 16:58:16,MERIDIAN_CAPITAL_020,MERIDIAN_CAPITAL_120,9710.52,CHF,FR,PA,structuring,109.0,0
4CAC677C58FC0D73,2024-04-01,2024-04-01 12:55:07,ZENITH_FUND_007,CORONA_CLEARING_176,11119.63,HKD,US,US,velocity_burst,18.0,1
4CB3DD114AA52927,2024-06-22,2024-06-22 16:25:34,AXIOM_PARTNERS_098,DELTA_BANCORP_092,397465.79,SGD,LI,AE,layering,90.0,0
4CC80D455657A05F,2024-05-16,2024-05-16 07:29:40,QUANTUM_CLEARING_126,NEXUS_TRUST_111,404886.8,AED,LI,VG,layering,593.0,0
4CCA99A16FB97DD9,2024-02-21,2024-02-21 04:34:55,ZENITH_FUND_147,OMEGA_FIN_173,112.7,EUR,LI,CY,normal,2187.0,0
4CDA048F2C2FB262,2024-02-21,2024-02-21 18:15:14,DELTA_BANCORP_192,CIPHER_CAPITAL_030,22218.82,AED,LI,US,circular_flow,5388.0,0
4CDA51CA867A3A94,2024-04-27,2024-04-27 13:25:34,VORTEX_CREDIT_004,CIPHER_CAPITAL_170,479.6,GBP,MT,FR,normal,1468.0,0
4CF1992E606F02EF,2024-04-22,2024-04-22 12:59:55,VORTEX_CREDIT_044,SOLARIS_FIN_183,8434.38,GBP,MT,LI,normal,6504.0,0
4D0C0D443BF75C2C,2024-05-15,2024-05-15 05:13:37,OBSIDIAN_PARTNERS_128,MERIDIAN_CAPITAL_040,950.71,GBP,CY,US,normal,319.0,0
4D0F6E69A7797A81,2024-04-26,2024-04-26 20:07:03,CORONA_CLEARING_196,CORONA_CLEARING_156,612.31,HKD,VG,FR,normal,13850.0,0
4D215E4C24F8F99A,2024-04-13,2024-04-13 11:38:30,AXIOM_PARTNERS_138,CIPHER_CAPITAL_070,18050.92,USD,CY,AE,normal,1741.0,0
4D21CA25CC4D4606,2024-07-05,2024-07-05 15:02:24,STRATUS_FUND_137,ATLAS_BANCORP_102,10587.39,HKD,UK,AE,normal,1126.0,0
4D24857193C990F8,2024-04-27,2024-04-27 14:36:33,MERIDIAN_CAPITAL_080,AXIOM_PARTNERS_178,3729.53,SGD,VG,US,normal,4259.0,0
4D28286BAD2DA5F5,2024-04-28,2024-04-28 07:19:41,DELTA_BANCORP_132,QUANTUM_CLEARING_066,30535.75,USD,DE,PA,normal,4563.0,0
4D2D95977BB7F5,2024-04-25,2024-04-25 17:07:30,AXIOM_PARTNERS_058,SOLARIS_FIN_123,11502.15,EUR,CY,VG,velocity_burst,3.0,1
4D366B6236A8E18,2024-07-06,2024-07-06 16:35:32,VORTEX_CREDIT_044,MERIDIAN_CAPITAL_080,11489.49,AED,US,KY,normal,453.0,0
4D373076C10E55F0,2024-02-09,2024-02-09 09:34:09,DELTA_BANCORP_172,CORONA_CLEARING_036,228617.44,GBP,SG,MT,layering,203.0,0
4D45FA95B38C41BE,2024-02-20,2024-02-20 05:18:16,VERTEX_PAYMENTS_075,AXIOM_PARTNERS_078,113929.99,SGD,LI,PA,layering,409.0,0
4D4B9D1178FCF8C3,2024-04-16,2024-04-16 08:02:45,CORONA_CLEARING_016,VORTEX_CREDIT_184,101554.06,EUR,AE,FR,normal,8802.0,0
4D5E264585E40F94,2024-02-27,2024-02-27 20:42:50,VORTEX_CREDIT_104,CIPHER_CAPITAL_170,187647.34,USD,KY,VG,layering,99.0,0
4D7B57EF2E0CA9BA,2024-01-05,2024-01-05 13:11:57,NEXUS_TRUST_191,NEXUS_TRUST_151,193.55,GBP,LI,DE,normal,2159.0,0
4D826F63D4407929,2024-05-26,2024-05-26 11:04:51,AXIOM_PARTNERS_158,HELIX_PAYMENTS_065,4612.56,AED,CY,LI,normal,25661.0,0
4D8AA0C7E5602BB4,2024-01-13,2024-01-13 10:31:06,VORTEX_CREDIT_004,ATLAS_BANCORP_022,385931.18,SGD,PA,JP,layering,284.0,0
4DA464FFA7D7B715,2024-07-05,2024-07-05 19:33:50,VERTEX_PAYMENTS_035,CIPHER_CAPITAL_130,59896.28,CHF,AU,SG,normal,9185.0,0
4DA50F839BB9F485,2024-02-27,2024-02-27 00:57:36,OMEGA_FIN_173,SOLARIS_FIN_163,577833.63,HKD,AU,AU,normal,1033.0,0
4DA61682FE307B6E,2024-06-29,2024-06-29 19:52:15,AXIOM_PARTNERS_038,QUANTUM_CLEARING_106,9415.87,CHF,KY,KY,structuring,180.0,0
4DB795433FDD87FC,2024-02-01,2024-02-01 05:29:05,VERTEX_PAYMENTS_155,SOLARIS_FIN_043,6275.63,AED,JP,AU,normal,18382.0,0
4DC271A93B5104A9,2024-05-23,2024-05-23 16:12:10,STRATUS_FUND_197,ATLAS_BANCORP_022,50078.97,GBP,CY,UK,normal,5468.0,0
4DC32CA9BB82B470,2024-04-23,2024-04-23 16:18:34,CORONA_CLEARING_156,QUANTUM_CLEARING_046,14899.66,GBP,MT,SG,velocity_burst,30.0,0
4DC5CE325D6F7474,2024-03-11,2024-03-11 17:37:23,OMEGA_FIN_093,ZENITH_FUND_007,8654.22,GBP,FR,LI,normal,12843.0,0
4DD773FB8A8A4202,2024-06-12,2024-06-12 07:09:37,OBSIDIAN_PARTNERS_008,PRIME_HOLDINGS_059,29381.49,AED,UK,AU,normal,273.0,0
4DE253648539E52E,2024-02-19,2024-02-19 09:33:31,CORONA_CLEARING_196,ZENITH_FUND_187,2532.79,EUR,LI,KY,velocity_burst,24.0,1
4DE2728A391CBF0B,2024-03-05,2024-03-05 04:03:53,PRIME_HOLDINGS_139,ZENITH_FUND_047,4364.67,GBP,DE,LI,velocity_burst,114.0,1
4DF43FF4423FC6B5,2024-04-24,2024-04-24 02:06:45,CIPHER_CAPITAL_110,OMEGA_FIN_013,3943.79,SGD,AE,LI,normal,5743.0,0
4DFA6F1DBD5A6D64,2024-05-10,2024-05-10 13:35:50,PRIME_HOLDINGS_019,AXIOM_PARTNERS_178,4183.33,USD,SG,VG,velocity_burst,1071.0,0
4DFC0F7D91422925,2024-02-14,2024-02-14 15:15:22,VERTEX_PAYMENTS_115,QUANTUM_CLEARING_006,1144.61,HKD,UK,VG,normal,7893.0,0
4E0F619FCA0B3E60,2024-04-10,2024-04-10 08:24:05,MERIDIAN_CAPITAL_020,QUANTUM_CLEARING_006,26087.58,CHF,DE,AU,normal,1722.0,0
4E1FCD9796B74516,2024-02-09,2024-02-09 15:11:11,QUANTUM_CLEARING_126,AXIOM_PARTNERS_158,428142.59,GBP,AE,LI,layering,227.0,0
4E25525F5F653FB3,2024-02-18,2024-02-18 06:22:45,DELTA_BANCORP_072,STRATUS_FUND_197,4223.66,USD,FR,DE,velocity_burst,36.0,1
4E3E57296186C831,2024-03-07,2024-03-07 14:10:51,CIPHER_CAPITAL_110,HELIX_PAYMENTS_025,8569.67,AED,MT,AE,structuring,95.0,1
4E3FE7EBC5FD9E19,2024-02-13,2024-02-13 01:43:54,VORTEX_CREDIT_124,NEXUS_TRUST_051,73753.67,EUR,US,FR,normal,5109.0,0
4E4FB79E4E49B1D1,2024-04-02,2024-04-02 01:43:00,AXIOM_PARTNERS_178,NEXUS_TRUST_171,5313.21,HKD,CY,KY,normal,10152.0,0
4E5E18A3ADDDFE7D,2024-03-30,2024-03-30 19:32:36,CORONA_CLEARING_176,SOLARIS_FIN_123,13846.07,HKD,AU,DE,normal,2699.0,0
4E6CB4FDBAD449DE,2024-01-09,2024-01-09 12:01:46,ECLIPSE_HOLDINGS_169,SOLARIS_FIN_183,140276.51,GBP,AU,MT,normal,965.0,0
4E77920FF94CDC12,2024-07-06,2024-07-06 22:52:19,DELTA_BANCORP_092,VORTEX_CREDIT_164,6236.77,USD,VG,US,normal,5975.0,0
4E8CA99B4278E98A,2024-01-02,2024-01-02 15:25:15,AXIOM_PARTNERS_138,VORTEX_CREDIT_124,7339.52,CHF,MT,AE,normal,3128.0,0
4E9B6252361AEA35,2024-05-10,2024-05-10 07:32:57,VORTEX_CREDIT_184,CIPHER_CAPITAL_110,2743.01,CHF,UK,AU,velocity_burst,35.0,1
4ECCFD4D71956A50,2024-03-06,2024-03-06 08:23:03,QUANTUM_CLEARING_166,QUANTUM_CLEARING_046,7068.98,HKD,UK,AU,velocity_burst,5.0,0
4EDF406897B7707B,2024-06-02,2024-06-02 16:26:27,APEX_CREDIT_014,VERTEX_PAYMENTS_195,13825.66,HKD,US,JP,normal,3539.0,0
4EEA63D4BF21003B,2024-04-22,2024-04-22 02:17:55,OBSIDIAN_PARTNERS_108,OMEGA_FIN_133,8815.04,EUR,PA,FR,structuring,248.0,1
4F05A07CBFF6067E,2024-03-10,2024-03-10 16:09:13,APEX_CREDIT_114,MERIDIAN_CAPITAL_060,48829.51,AED,VG,FR,normal,4982.0,0
4F2C7208CFD8C170,2024-03-30,2024-03-30 13:47:31,DELTA_BANCORP_112,CIPHER_CAPITAL_030,11130.25,AED,US,JP,velocity_burst,10.0,1
4F3FD5F12A82F1E3,2024-01-11,2024-01-11 01:49:46,PRIME_HOLDINGS_199,OBSIDIAN_PARTNERS_108,7848.76,SGD,PA,US,velocity_burst,3.0,0
4F40AFDEE4CC668E,2024-05-19,2024-05-19 08:38:59,CORONA_CLEARING_036,ECLIPSE_HOLDINGS_129,388445.72,USD,VG,KY,layering,12587.0,0
4F42C9FD2B1AA72A,2024-04-04,2024-04-04 19:49:57,ECLIPSE_HOLDINGS_169,OMEGA_FIN_173,247.04,SGD,AE,LI,normal,1766.0,0
4F7540E69890D7C8,2024-06-11,2024-06-11 09:11:00,ATLAS_BANCORP_082,STRATUS_FUND_197,457526.94,CHF,PA,MT,layering,465.0,0
4F77589B41A4ECFD,2024-02-26,2024-02-26 02:59:21,AXIOM_PARTNERS_038,DELTA_BANCORP_032,3687.62,EUR,JP,AU,velocity_burst,7.0,0
4F9ED2B698A2E967,2024-05-18,2024-05-18 16:30:09,STRATUS_FUND_017,ATLAS_BANCORP_102,9818.83,HKD,VG,PA,structuring,7781.0,0
4FA009FB733243DE,2024-04-26,2024-04-26 22:40:46,DELTA_BANCORP_112,QUANTUM_CLEARING_066,12410.18,HKD,SG,FR,normal,7450.0,0
4FB4F398152AD144,2024-04-08,2024-04-08 17:28:25,MERIDIAN_CAPITAL_020,CORONA_CLEARING_156,9042.26,GBP,AU,UK,structuring,561.0,1
4FB716489D325CC,2024-01-26,2024-01-26 14:12:08,SOLARIS_FIN_123,NEXUS_TRUST_171,12342.88,SGD,JP,MT,normal,5765.0,0
4FBC8051FBE818FA,2024-05-15,2024-05-15 09:16:45,AXIOM_PARTNERS_078,SOLARIS_FIN_163,62644.38,AED,US,VG,normal,315.0,0
4FBDB00B902C10FE,2024-05-25,2024-05-25 11:19:11,DELTA_BANCORP_192,AXIOM_PARTNERS_078,95038.74,USD,FR,LI,normal,1447.0,0
4FC2462F7E99E2FA,2024-01-14,2024-01-14 13:31:38,CORONA_CLEARING_056,VERTEX_PAYMENTS_195,37852.1,AED,VG,LI,normal,5990.0,0
4FC4F4A678296BFA,2024-01-19,2024-01-19 06:56:04,STRATUS_FUND_097,ECLIPSE_HOLDINGS_169,809057.7,CHF,AU,CY,normal,18031.0,0
4FE21317AF8D5AD2,2024-04-12,2024-04-12 06:48:56,OBSIDIAN_PARTNERS_168,MERIDIAN_CAPITAL_000,10010.77,GBP,KY,AU,normal,921.0,0
4FEB08825FBD9353,2024-01-07,2024-01-07 15:05:10,ATLAS_BANCORP_082,ATLAS_BANCORP_122,122601.58,SGD,UK,US,normal,9447.0,0
4FF777AF85BB615F,2024-03-13,2024-03-13 08:16:08,CIPHER_CAPITAL_090,STRATUS_FUND_057,235575.36,EUR,SG,UK,normal,2727.0,0
5008DEDD56DCBD72,2024-02-19,2024-02-19 03:54:07,OMEGA_FIN_053,NOVA_TRUST_021,39788.27,GBP,UK,LI,normal,1701.0,0
500A3EDE57EFDE80,2024-02-10,2024-02-10 05:23:57,ZENITH_FUND_187,STRATUS_FUND_177,1594.88,HKD,SG,FR,velocity_burst,24.0,1
50107D9580E8753E,2024-04-17,2024-04-17 21:47:47,APEX_CREDIT_054,CIPHER_CAPITAL_150,9154.5,GBP,MT,FR,structuring,486.0,1
502491B743692385,2024-06-11,2024-06-11 22:22:19,OBSIDIAN_PARTNERS_108,MERIDIAN_CAPITAL_040,25922.13,CHF,CY,SG,normal,3246.0,0
5038253F1C745CAF,2024-04-14,2024-04-14 16:14:23,QUANTUM_CLEARING_106,VERTEX_PAYMENTS_115,8861.2,SGD,PA,CY,structuring,75.0,0
5051C1815F662C5C,2024-05-26,2024-05-26 14:33:21,AXIOM_PARTNERS_078,NEXUS_TRUST_171,13343.55,AED,FR,FR,normal,9653.0,0
50652FBDCCD8C98B,2024-06-04,2024-06-04 15:21:10,APEX_CREDIT_094,QUANTUM_CLEARING_126,1112.45,SGD,JP,AU,velocity_burst,5233.0,0
507DCC331A2439DB,2024-06-06,2024-06-06 10:42:36,NEXUS_TRUST_191,DELTA_BANCORP_172,12666.46,HKD,DE,KY,normal,1028.0,0
50C6B173927538F1,2024-05-01,2024-05-01 22:48:52,AXIOM_PARTNERS_078,VORTEX_CREDIT_064,16203.51,SGD,UK,UK,normal,549.0,0
50EA23F486E077E1,2024-02-14,2024-02-14 13:00:24,SOLARIS_FIN_163,PRIME_HOLDINGS_099,9221.03,AED,PA,AE,velocity_burst,25.0,1
50EB739AFEC2898B,2024-06-12,2024-06-12 04:21:15,DELTA_BANCORP_052,VERTEX_PAYMENTS_015,8560.54,SGD,CY,CY,structuring,112.0,0
5102AE5189792901,2024-02-09,2024-02-09 09:08:12,STRATUS_FUND_137,VERTEX_PAYMENTS_075,266648.13,EUR,PA,PA,layering,145.0,0
510D5C5056EE008,2024-06-18,2024-06-18 01:36:46,OBSIDIAN_PARTNERS_148,AXIOM_PARTNERS_198,13597.48,CHF,SG,US,velocity_burst,30.0,0
511F328129A3EA2C,2024-03-20,2024-03-20 15:11:44,AXIOM_PARTNERS_138,CORONA_CLEARING_056,257703.2,AED,MT,UK,layering,201.0,0
512DEF448A323714,2024-02-09,2024-02-09 09:30:46,VERTEX_PAYMENTS_135,DELTA_BANCORP_172,240649.94,GBP,VG,LI,layering,741.0,0
513177AFECA8410D,2024-02-02,2024-02-02 05:52:24,ATLAS_BANCORP_062,STRATUS_FUND_037,79378.82,CHF,LI,PA,layering,1962.0,0
5135E9D4DCA134B1,2024-05-17,2024-05-17 23:10:50,NEXUS_TRUST_111,AXIOM_PARTNERS_118,11882.18,SGD,UK,PA,normal,4763.0,0
51427C5DF3622CF0,2024-01-07,2024-01-07 02:55:42,MERIDIAN_CAPITAL_100,OMEGA_FIN_113,16255.2,AED,SG,JP,circular_flow,308.0,0
515DF6E6F2B3E2E8,2024-01-17,2024-01-17 18:38:17,OMEGA_FIN_013,CORONA_CLEARING_196,8837.87,CHF,US,UK,normal,9492.0,0
51735AE855C2FA,2024-07-05,2024-07-05 14:43:38,ATLAS_BANCORP_142,AXIOM_PARTNERS_138,17840.61,EUR,PA,AE,normal,3068.0,0
517422BF2BDEA9F1,2024-06-23,2024-06-23 15:36:09,HELIX_PAYMENTS_185,SOLARIS_FIN_163,44077.01,USD,DE,JP,normal,2792.0,0
5181C2D65857E141,2024-02-10,2024-02-10 21:44:11,MERIDIAN_CAPITAL_160,CIPHER_CAPITAL_110,9148.63,SGD,JP,LI,normal,254.0,0
518CD16159AFF04B,2024-04-16,2024-04-16 12:46:02,QUANTUM_CLEARING_186,CIPHER_CAPITAL_070,56856.68,HKD,US,SG,circular_flow,1400.0,0
51934AF4558A5E63,2024-06-01,2024-06-01 23:26:29,SOLARIS_FIN_123,CIPHER_CAPITAL_170,49034.11,SGD,AE,FR,normal,14451.0,0
51A1B90614066F92,2024-03-12,2024-03-12 00:56:35,VERTEX_PAYMENTS_055,CORONA_CLEARING_036,343.83,CHF,US,US,normal,5664.0,0
51BD015DC84E3AB6,2024-02-03,2024-02-03 06:18:41,HELIX_PAYMENTS_005,QUANTUM_CLEARING_146,37727.38,HKD,LI,SG,normal,13551.0,0
51BF4302C8DDEACD,2024-05-31,2024-05-31 01:37:49,ZENITH_FUND_007,NOVA_TRUST_061,5253.0,GBP,UK,CY,velocity_burst,5.0,1
51C519125B24639A,2024-02-05,2024-02-05 08:03:24,CIPHER_CAPITAL_090,STRATUS_FUND_077,49093.35,EUR,DE,SG,normal,332.0,0
51D9E4D1939A0525,2024-04-15,2024-04-15 04:53:56,CIPHER_CAPITAL_010,MERIDIAN_CAPITAL_020,9269.47,SGD,LI,DE,structuring,71.0,0
51E405A674710A58,2024-02-08,2024-02-08 14:22:16,OBSIDIAN_PARTNERS_188,OBSIDIAN_PARTNERS_168,168.58,USD,VG,UK,normal,14887.0,0
51EE9E938CE0B78B,2024-06-13,2024-06-13 15:10:02,PRIME_HOLDINGS_119,OMEGA_FIN_033,9037.39,USD,FR,KY,normal,3840.0,0
51F5837479376726,2024-01-13,2024-01-13 07:01:06,SOLARIS_FIN_143,HELIX_PAYMENTS_105,52872.95,GBP,UK,DE,circular_flow,2143.0,0
51FD6C3E419B5BB3,2024-01-10,2024-01-10 21:29:36,CIPHER_CAPITAL_150,PRIME_HOLDINGS_099,8323.65,USD,AU,AE,structuring,86.0,0
5227DFAB8BF19A9E,2024-01-26,2024-01-26 03:47:01,CORONA_CLEARING_156,ATLAS_BANCORP_122,6984.55,USD,US,KY,velocity_burst,7.0,0
5228489CE5C161AC,2024-03-08,2024-03-08 17:11:30,AXIOM_PARTNERS_178,ATLAS_BANCORP_182,21278.16,SGD,KY,AU,normal,1182.0,0
5243562BFF6FE51D,2024-04-09,2024-04-09 01:21:36,OBSIDIAN_PARTNERS_188,OBSIDIAN_PARTNERS_128,548122.84,EUR,DE,UK,normal,3597.0,0
5248AD83A27CCBC4,2024-02-22,2024-02-22 07:44:47,SOLARIS_FIN_063,AXIOM_PARTNERS_038,11186.38,SGD,UK,FR,normal,247.0,0
5249C467EA65483F,2024-02-04,2024-02-04 12:48:41,MERIDIAN_CAPITAL_100,HELIX_PAYMENTS_005,3234.85,GBP,LI,PA,velocity_burst,8.0,1
524F3ADECC99F96F,2024-02-18,2024-02-18 20:01:26,NEXUS_TRUST_071,QUANTUM_CLEARING_086,53277.4,HKD,AE,JP,layering,198.0,0
5250145F25BE73F5,2024-03-20,2024-03-20 15:04:51,CORONA_CLEARING_056,SOLARIS_FIN_163,244818.04,USD,PA,AE,layering,17.0,0
525B05CF72B57399,2024-01-26,2024-01-26 09:31:00,PRIME_HOLDINGS_179,APEX_CREDIT_014,50653.81,CHF,VG,VG,layering,860.0,0
52860A356C56BC46,2024-06-11,2024-06-11 20:08:43,CIPHER_CAPITAL_090,OMEGA_FIN_093,278256.05,CHF,LI,PA,high_risk_jx,1969.0,0
528C4BD0CA45E2DF,2024-07-08,2024-07-08 04:20:43,AXIOM_PARTNERS_058,SOLARIS_FIN_083,237819.45,EUR,AU,FR,normal,13425.0,0
529AE338CF6F6741,2024-03-31,2024-03-31 08:10:19,HELIX_PAYMENTS_065,VORTEX_CREDIT_144,10241.95,EUR,PA,UK,velocity_burst,14.0,0
52B98648A4956CDA,2024-02-15,2024-02-15 21:25:24,QUANTUM_CLEARING_086,ECLIPSE_HOLDINGS_109,7515.13,EUR,UK,VG,velocity_burst,49.0,1
52C2A5C2140E7B96,2024-05-23,2024-05-23 08:08:24,NEXUS_TRUST_091,NOVA_TRUST_021,348378.15,GBP,CY,DE,normal,4331.0,0
52C35A449BCE0676,2024-03-28,2024-03-28 09:15:42,NEXUS_TRUST_071,NOVA_TRUST_061,269387.81,AED,UK,PA,layering,14908.0,0
52E311397DD17D71,2024-04-17,2024-04-17 19:04:10,APEX_CREDIT_114,SOLARIS_FIN_103,24688.82,GBP,VG,CY,normal,8435.0,0
52FDB39EA6964931,2024-02-14,2024-02-14 15:51:45,NEXUS_TRUST_091,DELTA_BANCORP_172,13855.5,USD,LI,SG,velocity_burst,12.0,0
53043D3CB47F085,2024-06-22,2024-06-22 04:29:48,DELTA_BANCORP_152,HELIX_PAYMENTS_145,9136.55,GBP,AU,MT,structuring,2204.0,0
5306337F87B18410,2024-01-02,2024-01-02 12:16:30,MERIDIAN_CAPITAL_000,QUANTUM_CLEARING_086,11670.63,EUR,JP,US,velocity_burst,14.0,0
530CA2C2475DBFC,2024-01-01,2024-01-01 22:49:20,HELIX_PAYMENTS_085,PRIME_HOLDINGS_139,1246.69,EUR,AE,US,velocity_burst,5.0,0
5322F4674EF55E42,2024-01-03,2024-01-03 05:04:08,MERIDIAN_CAPITAL_000,CIPHER_CAPITAL_070,704.52,CHF,UK,SG,normal,18449.0,0
5323C5C9FFD69B20,2024-04-17,2024-04-17 19:20:42,QUANTUM_CLEARING_126,ZENITH_FUND_027,36277.94,GBP,DE,UK,normal,992.0,0
5324330E4F8F5CAA,2024-07-02,2024-07-02 15:40:17,AXIOM_PARTNERS_118,QUANTUM_CLEARING_086,3539.47,USD,VG,JP,normal,3565.0,0
532E9CFB903C9F78,2024-02-02,2024-02-02 20:52:55,AXIOM_PARTNERS_198,DELTA_BANCORP_052,3969.92,SGD,SG,AE,normal,226.0,0
533C0677658D495F,2024-04-06,2024-04-06 15:42:39,STRATUS_FUND_157,DELTA_BANCORP_012,8841.88,SGD,UK,VG,normal,2214.0,0
534A01F13B9A1F3E,2024-04-18,2024-04-18 03:19:48,DELTA_BANCORP_072,DELTA_BANCORP_012,12205.6,GBP,FR,JP,velocity_burst,0.0,1
53524CC2FCBE78A2,2024-05-01,2024-05-01 22:39:43,VORTEX_CREDIT_144,ECLIPSE_HOLDINGS_069,18452.57,CHF,PA,SG,normal,14383.0,0
535B4E31ECC72C24,2024-04-30,2024-04-30 00:09:42,PRIME_HOLDINGS_059,CORONA_CLEARING_196,9031.28,EUR,SG,MT,normal,179.0,0
5367130E7C325505,2024-01-31,2024-01-31 22:37:36,CORONA_CLEARING_076,CIPHER_CAPITAL_030,8934.97,GBP,LI,LI,normal,8878.0,0
5371E59F8EB4CBDF,2024-04-19,2024-04-19 23:00:15,ATLAS_BANCORP_022,NOVA_TRUST_021,9374.31,CHF,UK,FR,normal,9698.0,0
5374A5741F76D8A,2024-01-22,2024-01-22 20:01:51,QUANTUM_CLEARING_166,SOLARIS_FIN_143,13389.21,CHF,FR,PA,velocity_burst,4.0,1
537C2AEB18F3CD8E,2024-06-12,2024-06-12 14:37:53,VORTEX_CREDIT_104,HELIX_PAYMENTS_025,760463.52,USD,SG,PA,normal,157.0,0
53AB6FEF64B1F7FD,2024-03-10,2024-03-10 06:22:07,HELIX_PAYMENTS_045,CIPHER_CAPITAL_050,2950.22,CHF,SG,JP,normal,3839.0,0
53AE40FBD0132C02,2024-05-09,2024-05-09 16:15:58,NEXUS_TRUST_031,OBSIDIAN_PARTNERS_108,55981.5,AED,CY,MT,normal,2009.0,0
53BA30E948E9567B,2024-05-29,2024-05-29 07:08:51,VORTEX_CREDIT_164,OBSIDIAN_PARTNERS_188,85565.69,GBP,LI,LI,normal,7947.0,0
53C0D3E66CB618C0,2024-03-27,2024-03-27 09:09:44,APEX_CREDIT_174,VORTEX_CREDIT_024,1605.5,GBP,CY,UK,normal,9109.0,0
53CF7A543AA6CB50,2024-04-15,2024-04-15 12:22:19,ATLAS_BANCORP_102,DELTA_BANCORP_192,2065.4,EUR,LI,JP,normal,16732.0,0
53F0010720D07003,2024-01-05,2024-01-05 11:00:26,NEXUS_TRUST_051,ECLIPSE_HOLDINGS_009,462.38,HKD,UK,AU,normal,139.0,0
53F5701B340BCC7A,2024-02-16,2024-02-16 19:50:56,CORONA_CLEARING_156,OBSIDIAN_PARTNERS_188,83327.74,EUR,JP,UK,normal,3507.0,0
53FCEF2B386BCAC0,2024-01-28,2024-01-28 08:59:12,QUANTUM_CLEARING_046,AXIOM_PARTNERS_158,264766.38,USD,SG,FR,normal,2422.0,0
54079745F889709B,2024-01-28,2024-01-28 17:18:27,ZENITH_FUND_187,HELIX_PAYMENTS_005,66351.02,USD,LI,US,normal,13187.0,0
5425D00675FAB58F,2024-05-29,2024-05-29 08:39:15,HELIX_PAYMENTS_085,VERTEX_PAYMENTS_175,5995.86,CHF,FR,US,velocity_burst,23.0,1
5432327E12833028,2024-06-04,2024-06-04 15:21:34,APEX_CREDIT_094,ZENITH_FUND_007,8116.73,GBP,LI,CY,velocity_burst,6.0,0
544DD130E8DCBFC,2024-06-12,2024-06-12 02:18:29,PRIME_HOLDINGS_199,MERIDIAN_CAPITAL_060,453818.87,USD,UK,AU,normal,1340.0,0
54543326ABEAB778,2024-06-19,2024-06-19 08:28:33,NOVA_TRUST_161,NEXUS_TRUST_031,123276.01,EUR,AE,UK,normal,6677.0,0
54574E68C74DA9C4,2024-03-05,2024-03-05 04:00:22,PRIME_HOLDINGS_139,SOLARIS_FIN_103,4717.98,GBP,SG,JP,velocity_burst,64.0,1
54577207605C1D79,2024-02-07,2024-02-07 11:32:41,NOVA_TRUST_101,NEXUS_TRUST_191,329281.0,AED,AE,PA,layering,348.0,0
546876B4FE2233A1,2024-05-17,2024-05-17 17:45:44,PRIME_HOLDINGS_099,SOLARIS_FIN_103,337976.95,CHF,KY,AE,high_risk_jx,2784.0,0
549713481A1168,2024-03-05,2024-03-05 04:04:15,PRIME_HOLDINGS_139,ZENITH_FUND_047,5970.59,USD,US,JP,velocity_burst,22.0,1
549CA70FFC8C2E6F,2024-05-30,2024-05-30 02:08:23,HELIX_PAYMENTS_165,VERTEX_PAYMENTS_155,14148.96,SGD,AU,DE,normal,24021.0,0
54ADDFCC59A06BF,2024-03-14,2024-03-14 23:46:10,ZENITH_FUND_147,OMEGA_FIN_153,6752.96,HKD,JP,US,velocity_burst,8.0,0
54C9351F6B214EA4,2024-02-11,2024-02-11 21:02:31,NOVA_TRUST_121,HELIX_PAYMENTS_085,9566.73,HKD,KY,US,structuring,6331.0,0
54DA8FFE8A6F8227,2024-07-08,2024-07-08 06:45:57,MERIDIAN_CAPITAL_020,DELTA_BANCORP_172,1622.64,GBP,MT,PA,normal,8714.0,0
54E479BECCFD19F3,2024-03-17,2024-03-17 14:31:33,CORONA_CLEARING_096,NOVA_TRUST_021,8843.05,CHF,AE,JP,structuring,3681.0,0
54EB102CB6F19919,2024-04-11,2024-04-11 16:35:20,HELIX_PAYMENTS_065,NOVA_TRUST_001,7706.58,AED,AU,US,normal,12264.0,0
5505A75777FCFBF8,2024-01-14,2024-01-14 07:07:42,STRATUS_FUND_197,APEX_CREDIT_134,924.35,AED,UK,UK,normal,3927.0,0
5507178CB6B3885D,2024-03-12,2024-03-12 06:18:59,NEXUS_TRUST_131,NEXUS_TRUST_071,450.56,SGD,SG,JP,normal,1769.0,0
550B1E48569B4474,2024-05-08,2024-05-08 18:02:42,AXIOM_PARTNERS_098,OBSIDIAN_PARTNERS_188,484.67,HKD,JP,SG,normal,870.0,0
551928804EDBAD64,2024-01-16,2024-01-16 20:50:29,SOLARIS_FIN_183,MERIDIAN_CAPITAL_080,3020985.13,CHF,MT,FR,normal,9456.0,0
551EA5253A6A90E9,2024-04-11,2024-04-11 11:55:42,OBSIDIAN_PARTNERS_008,STRATUS_FUND_177,15357.8,GBP,UK,MT,normal,1637.0,0
5529082338198000,2024-06-04,2024-06-04 15:22:26,APEX_CREDIT_094,HELIX_PAYMENTS_165,752.63,EUR,CY,AE,velocity_burst,52.0,0
553EBB09D7D25A65,2024-05-03,2024-05-03 14:56:04,OBSIDIAN_PARTNERS_128,CIPHER_CAPITAL_190,48461.88,CHF,PA,PA,layering,170.0,0
55515EC174A9003E,2024-02-13,2024-02-13 03:59:54,MERIDIAN_CAPITAL_060,VORTEX_CREDIT_124,9547.75,HKD,DE,LI,velocity_burst,88.0,1
55573C6F55DC0BBC,2024-02-15,2024-02-15 10:10:18,VORTEX_CREDIT_044,CORONA_CLEARING_116,6603.77,AED,JP,JP,normal,1212.0,0
555863D4971D5EE7,2024-05-01,2024-05-01 06:11:02,CORONA_CLEARING_016,CORONA_CLEARING_076,86290.62,HKD,SG,AU,normal,1569.0,0
556818406151D72D,2024-02-29,2024-02-29 18:27:41,HELIX_PAYMENTS_065,VERTEX_PAYMENTS_175,1705.5,USD,LI,MT,normal,5501.0,0
55691B159D3A119E,2024-02-07,2024-02-07 03:38:42,ECLIPSE_HOLDINGS_009,AXIOM_PARTNERS_138,207231.77,CHF,SG,MT,normal,552.0,0
556CC3FB13293802,2024-04-09,2024-04-09 01:23:56,AXIOM_PARTNERS_018,SOLARIS_FIN_083,14555.05,GBP,AE,LI,velocity_burst,0.0,1
557B5BD13B26E0CF,2024-02-19,2024-02-19 19:28:55,NEXUS_TRUST_171,VORTEX_CREDIT_184,71218.8,EUR,US,MT,normal,10301.0,0
55808AB1A8CD7FA7,2024-05-13,2024-05-13 19:29:22,PRIME_HOLDINGS_079,NOVA_TRUST_081,35203.71,SGD,VG,JP,normal,862.0,0
558123A56C805156,2024-03-01,2024-03-01 22:21:01,NEXUS_TRUST_051,HELIX_PAYMENTS_085,321637.09,USD,LI,CY,layering,909.0,0
558B708F8958673,2024-04-03,2024-04-03 01:57:10,HELIX_PAYMENTS_165,OMEGA_FIN_013,88892.15,SGD,AE,AE,normal,7727.0,0
5596613455195F40,2024-02-18,2024-02-18 22:40:07,NOVA_TRUST_061,NEXUS_TRUST_151,876.45,GBP,JP,AE,normal,3702.0,0
559F27DD73E0D22C,2024-05-15,2024-05-15 10:33:04,QUANTUM_CLEARING_166,NEXUS_TRUST_051,4351.86,USD,CY,CY,velocity_burst,12.0,0
55A22B638000DAB3,2024-01-19,2024-01-19 21:48:46,OMEGA_FIN_193,NOVA_TRUST_041,10168.53,AED,CY,CY,normal,1747.0,0
55A9E490A9DC8C23,2024-04-03,2024-04-03 23:16:44,MERIDIAN_CAPITAL_040,PRIME_HOLDINGS_119,5650.11,EUR,JP,LI,normal,933.0,0
55B0C13BAE900B24,2024-04-30,2024-04-30 13:27:42,ZENITH_FUND_107,PRIME_HOLDINGS_199,9197.65,SGD,JP,US,structuring,114.0,0
55B99B7B7DB8CC62,2024-03-11,2024-03-11 11:02:36,ZENITH_FUND_127,ZENITH_FUND_067,37246.49,GBP,KY,JP,normal,514.0,0
55C59F6149ED0DA3,2024-02-16,2024-02-16 17:44:27,ATLAS_BANCORP_142,PRIME_HOLDINGS_079,17971.98,HKD,VG,AU,normal,5369.0,0
55CE40714D2298D8,2024-02-05,2024-02-05 18:25:50,ATLAS_BANCORP_002,SOLARIS_FIN_103,11738.08,USD,VG,US,velocity_burst,7.0,0
55DB8C0AF15FF16D,2024-03-24,2024-03-24 04:59:51,PRIME_HOLDINGS_099,DELTA_BANCORP_152,9848.25,USD,FR,MT,normal,3153.0,0
55DF201DC8642DE3,2024-02-01,2024-02-01 15:35:33,VERTEX_PAYMENTS_095,ATLAS_BANCORP_122,776.49,USD,MT,SG,normal,8328.0,0
55E5B7F22CCCAD6F,2024-02-19,2024-02-19 09:36:07,CORONA_CLEARING_196,CIPHER_CAPITAL_170,9199.67,GBP,CY,AE,velocity_burst,10.0,1
55E5C3B2C712776A,2024-03-11,2024-03-11 04:33:14,ECLIPSE_HOLDINGS_089,OMEGA_FIN_013,1428294.89,CHF,AE,DE,normal,11969.0,0
55F9E58DC4491CA4,2024-02-24,2024-02-24 02:23:43,ATLAS_BANCORP_002,MERIDIAN_CAPITAL_080,12035.26,HKD,AE,AU,velocity_burst,24.0,1
561AAEBFBBCF176A,2024-05-12,2024-05-12 22:19:19,DELTA_BANCORP_172,ECLIPSE_HOLDINGS_149,171954.39,SGD,UK,SG,normal,2638.0,0
5622BA83762B2579,2024-02-27,2024-02-27 07:25:09,VERTEX_PAYMENTS_015,HELIX_PAYMENTS_125,30945.83,GBP,UK,CY,normal,22706.0,0
563F0D552B250A7F,2024-05-15,2024-05-15 10:37:29,QUANTUM_CLEARING_166,AXIOM_PARTNERS_198,6170.22,GBP,MT,DE,velocity_burst,69.0,1
5640463E20AFEA13,2024-03-02,2024-03-02 05:02:52,SOLARIS_FIN_083,STRATUS_FUND_177,30975.88,USD,UK,PA,normal,1945.0,0
5646EF2AE2E39F31,2024-04-03,2024-04-03 16:28:50,OMEGA_FIN_093,OBSIDIAN_PARTNERS_028,8752.76,GBP,KY,FR,normal,4271.0,0
56578581984E7C01,2024-01-31,2024-01-31 16:51:01,NOVA_TRUST_101,VERTEX_PAYMENTS_195,156453.94,USD,DE,AE,normal,17449.0,0
5667F42B76291DEB,2024-02-19,2024-02-19 09:32:37,CORONA_CLEARING_196,VORTEX_CREDIT_044,6335.36,CHF,CY,US,velocity_burst,6.0,1
56696E4A41760FE7,2024-02-11,2024-02-11 13:49:39,MERIDIAN_CAPITAL_120,QUANTUM_CLEARING_066,10094.34,AED,SG,PA,normal,13319.0,0
5671398EC25E5D27,2024-03-02,2024-03-02 13:46:01,MERIDIAN_CAPITAL_100,ECLIPSE_HOLDINGS_129,11396.11,EUR,CY,JP,velocity_burst,41.0,0
568B2A35DC9535F5,2024-04-03,2024-04-03 16:33:28,PRIME_HOLDINGS_199,SOLARIS_FIN_083,9500.12,HKD,FR,KY,structuring,40.0,0
568CC6D3BA1F4266,2024-01-27,2024-01-27 10:42:20,STRATUS_FUND_057,HELIX_PAYMENTS_125,4079.33,CHF,JP,DE,normal,12483.0,0
5699E5C9AB6E84A2,2024-07-07,2024-07-07 06:55:43,VERTEX_PAYMENTS_015,APEX_CREDIT_154,30711.04,AED,AU,KY,normal,3272.0,0
56BD52509D07AFDF,2024-03-26,2024-03-26 15:43:44,CORONA_CLEARING_116,ECLIPSE_HOLDINGS_129,11776.04,CHF,KY,MT,normal,773.0,0
56CEA1357182609C,2024-01-25,2024-01-25 05:17:24,AXIOM_PARTNERS_058,APEX_CREDIT_034,332038.75,CHF,CY,CY,high_risk_jx,142.0,0
56E115C96B04138A,2024-05-11,2024-05-11 20:58:42,MERIDIAN_CAPITAL_020,NEXUS_TRUST_071,993.64,HKD,AU,JP,normal,12492.0,0
56ED883CFD3404FE,2024-02-14,2024-02-14 00:58:52,VERTEX_PAYMENTS_135,HELIX_PAYMENTS_145,330111.02,AED,VG,LI,high_risk_jx,146.0,0
5712EC28BA56DEB5,2024-03-02,2024-03-02 23:31:46,OBSIDIAN_PARTNERS_088,APEX_CREDIT_134,1814.05,AED,UK,DE,velocity_burst,48.0,1
571F8C94F2B9E5D7,2024-03-07,2024-03-07 13:59:54,CIPHER_CAPITAL_110,CIPHER_CAPITAL_030,8121.62,EUR,LI,KY,structuring,185.0,0
5729CADC433E8FE4,2024-06-29,2024-06-29 20:53:05,VORTEX_CREDIT_044,VERTEX_PAYMENTS_155,2619.43,CHF,SG,VG,normal,891.0,0
572AAC0134BC7936,2024-04-01,2024-04-01 22:53:48,MERIDIAN_CAPITAL_060,QUANTUM_CLEARING_006,9357.69,CHF,JP,PA,structuring,63.0,1
575B6D22B1E3CC63,2024-01-22,2024-01-22 00:35:06,AXIOM_PARTNERS_138,ATLAS_BANCORP_122,4332.07,SGD,JP,PA,normal,5375.0,0
5761BB9F1FF5F9C7,2024-07-03,2024-07-03 10:13:33,HELIX_PAYMENTS_165,SOLARIS_FIN_063,36614.04,EUR,PA,CY,normal,3896.0,0
5777E2B826B62849,2024-06-30,2024-06-30 18:11:44,AXIOM_PARTNERS_058,DELTA_BANCORP_092,2708.73,EUR,AU,JP,normal,1126.0,0
578B78501E497F57,2024-05-13,2024-05-13 02:34:54,ZENITH_FUND_107,HELIX_PAYMENTS_165,6171.29,SGD,PA,SG,normal,473.0,0
579CD6FC83014E83,2024-01-23,2024-01-23 02:22:56,CORONA_CLEARING_076,ATLAS_BANCORP_062,8302.55,CHF,UK,DE,structuring,71.0,0
57A5A81F611D4310,2024-06-14,2024-06-14 03:58:10,PRIME_HOLDINGS_099,PRIME_HOLDINGS_199,28721.45,HKD,DE,AU,normal,1820.0,0
57B52ACF84B9CF0E,2024-05-05,2024-05-05 13:45:56,OMEGA_FIN_153,VERTEX_PAYMENTS_155,532.44,EUR,US,US,normal,6976.0,0
57D43382DAB2A014,2024-02-22,2024-02-22 04:52:17,ZENITH_FUND_127,VERTEX_PAYMENTS_135,31151.23,GBP,KY,CY,normal,456.0,0
57D6BF3C2928E386,2024-04-19,2024-04-19 11:20:31,AXIOM_PARTNERS_138,CIPHER_CAPITAL_170,1893.31,GBP,FR,CY,normal,2668.0,0
57E6ADF82EE36229,2024-01-05,2024-01-05 10:44:24,VORTEX_CREDIT_004,OMEGA_FIN_093,18336.36,CHF,CY,CY,circular_flow,505.0,0
57E728C1F84FC845,2024-04-30,2024-04-30 16:43:49,VORTEX_CREDIT_164,ZENITH_FUND_087,43.78,SGD,DE,US,normal,2410.0,0
57F92DECF13AA996,2024-01-01,2024-01-01 21:42:24,AXIOM_PARTNERS_058,VERTEX_PAYMENTS_075,2541.13,CHF,KY,LI,normal,5335.0,0
580022F0FB83E843,2024-06-06,2024-06-06 09:46:04,OMEGA_FIN_053,CIPHER_CAPITAL_190,10005.75,HKD,AU,US,velocity_burst,17.0,0
58031BA52D8199D7,2024-01-20,2024-01-20 06:55:40,NEXUS_TRUST_151,STRATUS_FUND_037,13101.29,EUR,AU,US,velocity_burst,28.0,1
58049477269FDACD,2024-02-22,2024-02-22 12:19:05,SOLARIS_FIN_023,ATLAS_BANCORP_082,743865.49,EUR,VG,AU,normal,4834.0,0
581AA0DACD9C5A63,2024-03-19,2024-03-19 01:09:28,OMEGA_FIN_173,VERTEX_PAYMENTS_155,42149.32,SGD,KY,PA,normal,7258.0,0
5824AD77577B18E1,2024-06-11,2024-06-11 09:03:15,OBSIDIAN_PARTNERS_068,ATLAS_BANCORP_082,481607.31,EUR,DE,JP,layering,1055.0,0
582CCBD4894DF9E,2024-04-05,2024-04-05 07:14:08,MERIDIAN_CAPITAL_080,APEX_CREDIT_014,108978.63,HKD,CY,VG,high_risk_jx,12494.0,0
583E613172B26FFA,2024-05-29,2024-05-29 08:39:15,HELIX_PAYMENTS_085,OMEGA_FIN_033,6222.67,HKD,JP,VG,velocity_burst,0.0,1
583ED8B597B7DFBD,2024-04-09,2024-04-09 16:51:04,SOLARIS_FIN_043,VERTEX_PAYMENTS_095,19648.52,EUR,JP,KY,normal,736.0,0
58449849222D85F3,2024-01-26,2024-01-26 03:46:54,CORONA_CLEARING_156,QUANTUM_CLEARING_166,4662.93,CHF,FR,PA,velocity_burst,5.0,0
58612E6E645333EA,2024-06-21,2024-06-21 02:21:06,APEX_CREDIT_154,AXIOM_PARTNERS_098,6533.23,GBP,VG,FR,velocity_burst,23.0,0
58715B2EF0E08894,2024-04-03,2024-04-03 16:52:57,AXIOM_PARTNERS_178,STRATUS_FUND_157,1326.95,SGD,US,MT,normal,1083.0,0
589A39D27806C8BE,2024-01-19,2024-01-19 15:37:17,SOLARIS_FIN_183,AXIOM_PARTNERS_178,468042.82,HKD,VG,KY,layering,456.0,0
58ACE2F3664C23B8,2024-03-15,2024-03-15 23:13:08,ECLIPSE_HOLDINGS_169,VERTEX_PAYMENTS_015,17504.8,HKD,DE,JP,normal,4114.0,0
58C3F5544F8AD0C1,2024-06-26,2024-06-26 11:49:05,ATLAS_BANCORP_082,OBSIDIAN_PARTNERS_128,47430.79,CHF,FR,SG,normal,2792.0,0
58C4C58F605D6002,2024-01-09,2024-01-09 16:06:25,ATLAS_BANCORP_162,SOLARIS_FIN_103,946.86,AED,AU,SG,normal,6157.0,0
58C9D31D9F4CEF8,2024-05-23,2024-05-23 14:41:02,NOVA_TRUST_101,CORONA_CLEARING_036,24331.7,HKD,DE,KY,normal,4239.0,0
58D5EEE26365E386,2024-02-27,2024-02-27 20:33:18,CORONA_CLEARING_176,HELIX_PAYMENTS_085,207919.49,EUR,LI,MT,layering,10817.0,0
58D641913D893A3C,2024-03-02,2024-03-02 22:32:42,HELIX_PAYMENTS_085,NOVA_TRUST_101,329.02,SGD,DE,SG,normal,17730.0,0
58D7055C81C24049,2024-01-15,2024-01-15 13:55:51,OMEGA_FIN_153,CIPHER_CAPITAL_130,78182.35,CHF,MT,US,normal,143.0,0
58EBF440E2A63FA7,2024-02-14,2024-02-14 13:02:35,SOLARIS_FIN_163,SOLARIS_FIN_183,9278.88,EUR,AE,AU,velocity_burst,14.0,1
58F1B7D572A79E5E,2024-06-08,2024-06-08 06:08:02,ECLIPSE_HOLDINGS_089,OMEGA_FIN_073,59380.97,EUR,FR,MT,normal,2212.0,0
58F8BC5942B7DEB1,2024-01-24,2024-01-24 16:16:39,OMEGA_FIN_033,MERIDIAN_CAPITAL_080,48462.53,HKD,MT,PA,layering,260.0,0
590A78B3392424D6,2024-06-22,2024-06-22 01:43:05,PRIME_HOLDINGS_119,CORONA_CLEARING_156,29073.93,SGD,VG,LI,normal,1137.0,0
590EBE08546AA863,2024-03-04,2024-03-04 04:35:59,ECLIPSE_HOLDINGS_049,CIPHER_CAPITAL_050,34155.6,EUR,KY,MT,normal,3277.0,0
5922B7F296E451FD,2024-04-28,2024-04-28 06:03:38,VORTEX_CREDIT_164,ZENITH_FUND_087,102547.22,AED,DE,AU,normal,1352.0,0
59236329EB822D4F,2024-01-20,2024-01-20 23:49:16,QUANTUM_CLEARING_166,APEX_CREDIT_094,17860.26,CHF,AU,UK,normal,8635.0,0
59246C41FF7D30D7,2024-01-28,2024-01-28 02:37:15,VERTEX_PAYMENTS_075,CIPHER_CAPITAL_010,16545.55,HKD,PA,JP,circular_flow,219.0,0
592B8F506BF4C115,2024-06-06,2024-06-06 17:06:43,VORTEX_CREDIT_124,VERTEX_PAYMENTS_195,61798.54,CHF,MT,FR,normal,3922.0,0
593174CC1E54DA61,2024-03-03,2024-03-03 05:00:55,OBSIDIAN_PARTNERS_048,DELTA_BANCORP_052,250537.49,HKD,PA,VG,high_risk_jx,1389.0,0
593DAB786E496979,2024-05-19,2024-05-19 05:09:12,MERIDIAN_CAPITAL_160,MERIDIAN_CAPITAL_100,2473.82,SGD,DE,AE,normal,1934.0,0
596C7995F14473,2024-01-06,2024-01-06 15:52:19,ATLAS_BANCORP_002,CIPHER_CAPITAL_130,40644.18,EUR,KY,DE,circular_flow,1898.0,0
59720B4BDB9C3D6B,2024-01-20,2024-01-20 04:33:56,ECLIPSE_HOLDINGS_169,OBSIDIAN_PARTNERS_088,482.16,EUR,SG,MT,normal,5564.0,0
59766A5EA43BA231,2024-03-23,2024-03-23 17:14:52,QUANTUM_CLEARING_006,OBSIDIAN_PARTNERS_148,181166.6,EUR,US,PA,layering,438.0,0
597AB3009F4976AD,2024-05-19,2024-05-19 19:48:44,ECLIPSE_HOLDINGS_169,APEX_CREDIT_174,13373.42,GBP,KY,AU,velocity_burst,16.0,0
597BD9E65A18A8E0,2024-03-09,2024-03-09 01:48:52,ZENITH_FUND_047,PRIME_HOLDINGS_179,8136.24,EUR,SG,DE,structuring,120.0,1
5988117B8C20F955,2024-05-18,2024-05-18 04:28:22,QUANTUM_CLEARING_066,AXIOM_PARTNERS_198,13635.32,SGD,JP,AU,normal,8666.0,0
59A1CA0D31559C72,2024-02-28,2024-02-28 23:25:43,ECLIPSE_HOLDINGS_069,HELIX_PAYMENTS_025,11562.9,HKD,PA,AU,normal,880.0,0
59A55506780BA833,2024-02-23,2024-02-23 12:25:07,ZENITH_FUND_007,MERIDIAN_CAPITAL_120,1403.05,USD,JP,MT,normal,2407.0,0
59A59096E77156DB,2024-02-19,2024-02-19 09:31:27,CORONA_CLEARING_196,NOVA_TRUST_041,1231.97,HKD,LI,PA,velocity_burst,9.0,1
59BDC9FAF16C9CC5,2024-04-03,2024-04-03 09:51:21,PRIME_HOLDINGS_099,QUANTUM_CLEARING_146,138354.45,AED,KY,KY,high_risk_jx,4383.0,0
59C0E967D5AA8482,2024-02-26,2024-02-26 01:39:12,VORTEX_CREDIT_164,VERTEX_PAYMENTS_075,1301465.16,EUR,US,UK,normal,16.0,0
59DB25F4E8BB2C85,2024-04-24,2024-04-24 17:41:16,STRATUS_FUND_057,HELIX_PAYMENTS_165,788.87,CHF,SG,PA,normal,6088.0,0
59EEC643710ACDFA,2024-01-28,2024-01-28 23:34:19,ECLIPSE_HOLDINGS_149,PRIME_HOLDINGS_199,9499.46,GBP,PA,MT,structuring,119.0,1
59F1EF6E4A366939,2024-03-13,2024-03-13 23:11:45,OBSIDIAN_PARTNERS_068,CIPHER_CAPITAL_030,715960.01,CHF,UK,MT,normal,3573.0,0
59F824A7BF9ED504,2024-02-10,2024-02-10 08:45:16,CIPHER_CAPITAL_090,OMEGA_FIN_113,33062.67,EUR,VG,FR,normal,11844.0,0
59F95F8494DA9B06,2024-05-13,2024-05-13 01:22:40,SOLARIS_FIN_023,PRIME_HOLDINGS_059,111801.9,SGD,PA,CY,layering,5654.0,0
59FA18B0D5780EEE,2024-04-07,2024-04-07 10:42:24,VORTEX_CREDIT_144,VERTEX_PAYMENTS_115,2452.85,EUR,CY,FR,normal,1325.0,0
59FC63AA2F4D65AC,2024-06-27,2024-06-27 17:53:28,CIPHER_CAPITAL_190,PRIME_HOLDINGS_099,181775.93,SGD,VG,PA,layering,437.0,0
59FE703FE8B51C59,2024-05-03,2024-05-03 14:03:39,OMEGA_FIN_173,ZENITH_FUND_067,83294.81,GBP,SG,KY,normal,4256.0,0
5A0629D4E08706AE,2024-05-31,2024-05-31 02:31:45,MERIDIAN_CAPITAL_060,ECLIPSE_HOLDINGS_029,48928.91,SGD,SG,LI,normal,1799.0,0
5A122A86FCBC80EC,2024-04-16,2024-04-16 14:26:23,ECLIPSE_HOLDINGS_009,VORTEX_CREDIT_084,184937.47,CHF,US,VG,normal,2754.0,0
5A1D67A65FF91DDC,2024-05-31,2024-05-31 00:53:10,NOVA_TRUST_121,PRIME_HOLDINGS_019,26132.24,SGD,PA,US,normal,1813.0,0
5A404A91B44EDF78,2024-01-13,2024-01-13 10:20:07,OMEGA_FIN_153,STRATUS_FUND_157,427624.58,SGD,PA,AE,layering,86.0,0
5A67E103697ECC3F,2024-01-09,2024-01-09 00:15:49,VORTEX_CREDIT_044,OBSIDIAN_PARTNERS_028,9664.71,HKD,FR,JP,structuring,134.0,0
5A6E32794426C173,2024-05-05,2024-05-05 16:36:05,VERTEX_PAYMENTS_035,OMEGA_FIN_053,9709.62,HKD,AE,DE,structuring,1.0,1
5A731B1CD926AECC,2024-05-29,2024-05-29 08:03:58,ZENITH_FUND_007,APEX_CREDIT_134,542961.75,EUR,UK,FR,normal,3307.0,0
5A7B921BB16DDC01,2024-03-09,2024-03-09 21:42:11,VERTEX_PAYMENTS_035,VORTEX_CREDIT_104,340601.89,USD,LI,VG,normal,2103.0,0
5A7F4264E1FE8A2F,2024-06-05,2024-06-05 15:58:49,PRIME_HOLDINGS_119,AXIOM_PARTNERS_018,9300.08,CHF,US,JP,structuring,364.0,1
5AC8CC65DE5C71CE,2024-04-26,2024-04-26 02:14:30,CORONA_CLEARING_116,VORTEX_CREDIT_164,9490.6,CHF,US,DE,normal,2303.0,0
5ACAB534C17F3952,2024-01-07,2024-01-07 17:30:54,AXIOM_PARTNERS_078,HELIX_PAYMENTS_145,28731.3,EUR,AE,MT,normal,1055.0,0
5AD3226DABA63495,2024-06-08,2024-06-08 21:33:24,NOVA_TRUST_181,VORTEX_CREDIT_124,9723.96,HKD,SG,KY,velocity_burst,1592.0,0
5B0DCC7F6B733D3A,2024-05-04,2024-05-04 23:24:34,APEX_CREDIT_014,NOVA_TRUST_081,11936.61,CHF,UK,MT,velocity_burst,6.0,1
5B1C609DDAD9B265,2024-06-16,2024-06-16 08:52:52,ZENITH_FUND_027,NOVA_TRUST_121,3356.39,HKD,US,FR,normal,5418.0,0
5B1F662D58323EA,2024-03-11,2024-03-11 12:30:17,OBSIDIAN_PARTNERS_028,STRATUS_FUND_097,84882.27,GBP,PA,DE,normal,5261.0,0
5B405E65B8CB578E,2024-03-26,2024-03-26 10:58:25,VERTEX_PAYMENTS_075,QUANTUM_CLEARING_166,7632.67,AED,FR,PA,circular_flow,593.0,0
5B40ABACAC29E21B,2024-03-02,2024-03-02 23:29:42,OBSIDIAN_PARTNERS_088,MERIDIAN_CAPITAL_040,616.74,SGD,UK,MT,velocity_burst,1.0,1
5B4BE40B424F414F,2024-04-13,2024-04-13 13:55:31,AXIOM_PARTNERS_138,OMEGA_FIN_133,28671.84,CHF,LI,FR,circular_flow,230.0,0
5B8DF46C7FBD3170,2024-05-30,2024-05-30 11:50:31,AXIOM_PARTNERS_098,ECLIPSE_HOLDINGS_069,76600.04,SGD,DE,AE,normal,1644.0,0
5BB22DA7BDDF8BEB,2024-03-05,2024-03-05 03:56:33,PRIME_HOLDINGS_139,ECLIPSE_HOLDINGS_109,10574.73,HKD,DE,MT,velocity_burst,12.0,0
5BBBF3A5DA74A4D4,2024-01-03,2024-01-03 05:53:12,AXIOM_PARTNERS_118,ECLIPSE_HOLDINGS_009,1470.88,HKD,FR,LI,velocity_burst,3.0,0
5BC3CD61AC96FE67,2024-06-24,2024-06-24 17:06:42,HELIX_PAYMENTS_045,PRIME_HOLDINGS_079,12641.61,EUR,UK,LI,velocity_burst,948.0,0
5BC679A67E2C45BB,2024-03-14,2024-03-14 16:21:25,NEXUS_TRUST_051,STRATUS_FUND_197,10306.71,GBP,CY,US,normal,2685.0,0
5BCEBE1FD67D4C8,2024-05-29,2024-05-29 18:35:25,APEX_CREDIT_034,NOVA_TRUST_141,3888.78,HKD,VG,PA,normal,9227.0,0
5BE5A114CBE5F4ED,2024-02-12,2024-02-12 07:16:26,NOVA_TRUST_061,NEXUS_TRUST_171,105116.67,HKD,JP,VG,normal,1329.0,0
5BE843D43C121C88,2024-01-21,2024-01-21 01:13:49,OBSIDIAN_PARTNERS_188,OMEGA_FIN_173,2839.25,EUR,JP,AE,normal,5073.0,0
5BECB3EF421E0D1D,2024-02-11,2024-02-11 01:52:41,ATLAS_BANCORP_142,OMEGA_FIN_153,14744.6,SGD,JP,MT,velocity_burst,2.0,1
5BF1387DC3864A57,2024-03-26,2024-03-26 15:44:58,VERTEX_PAYMENTS_195,VERTEX_PAYMENTS_095,111245.26,GBP,MT,CY,layering,74.0,0
5BF38316FE3B5225,2024-01-18,2024-01-18 18:19:36,VORTEX_CREDIT_104,NOVA_TRUST_141,237966.76,CHF,US,US,normal,3095.0,0
5BF44F4D7A4C2F01,2024-06-22,2024-06-22 15:10:30,NOVA_TRUST_161,APEX_CREDIT_074,47223.2,AED,CY,CY,normal,4533.0,0
5BF4AD733648EBD8,2024-04-08,2024-04-08 18:44:15,PRIME_HOLDINGS_199,DELTA_BANCORP_172,1692.12,CHF,VG,AU,normal,677.0,0
5C012EB8D710543A,2024-02-06,2024-02-06 05:33:33,AXIOM_PARTNERS_178,ECLIPSE_HOLDINGS_029,14917.8,AED,JP,CY,velocity_burst,40.0,1
5C0790E770059FDD,2024-03-13,2024-03-13 06:18:40,DELTA_BANCORP_172,STRATUS_FUND_097,215.14,GBP,MT,SG,normal,5389.0,0
5C1620F45CE28284,2024-02-12,2024-02-12 03:41:34,STRATUS_FUND_017,NEXUS_TRUST_011,3957.24,EUR,FR,VG,normal,5160.0,0
5C2A93F25E68C416,2024-01-26,2024-01-26 11:18:37,PRIME_HOLDINGS_119,MERIDIAN_CAPITAL_180,21576.83,AED,CY,UK,circular_flow,4530.0,0
5C4299C378FEF26F,2024-03-09,2024-03-09 17:42:01,NOVA_TRUST_081,PRIME_HOLDINGS_139,19535.47,USD,AE,UK,normal,6867.0,0
5C5661D39589F4DD,2024-04-29,2024-04-29 03:24:11,OBSIDIAN_PARTNERS_168,CORONA_CLEARING_056,1395.53,SGD,AE,SG,velocity_burst,12.0,0
5C59AB6226D80299,2024-05-17,2024-05-17 13:02:20,DELTA_BANCORP_132,ZENITH_FUND_067,9402.83,HKD,PA,US,structuring,3017.0,0
5C639EE7781D4A65,2024-04-27,2024-04-27 23:17:45,OMEGA_FIN_093,CORONA_CLEARING_036,2721.62,USD,US,AU,normal,2494.0,0
5C725B4AE678D222,2024-03-14,2024-03-14 20:13:24,DELTA_BANCORP_012,QUANTUM_CLEARING_086,11773.9,AED,JP,SG,normal,6128.0,0
5C75DAA49025D2B0,2024-02-04,2024-02-04 12:18:17,STRATUS_FUND_177,CORONA_CLEARING_016,73201.74,GBP,LI,CY,normal,2797.0,0
5C776EECDC25C333,2024-04-26,2024-04-26 11:57:50,PRIME_HOLDINGS_179,OMEGA_FIN_133,39099.34,EUR,AE,SG,normal,551.0,0
5C7C9AB23BF0046A,2024-01-22,2024-01-22 06:42:22,ECLIPSE_HOLDINGS_069,MERIDIAN_CAPITAL_120,13272.27,USD,CY,MT,velocity_burst,9.0,1
5C8980AA4A9A7C2F,2024-04-29,2024-04-29 06:40:30,CORONA_CLEARING_036,CIPHER_CAPITAL_190,344111.5,USD,UK,JP,layering,7649.0,0
5C97BFF8DB17B74D,2024-05-27,2024-05-27 21:05:23,VERTEX_PAYMENTS_135,VORTEX_CREDIT_064,65961.03,HKD,JP,AE,layering,4831.0,0
5CBB5D1DB39D232,2024-07-06,2024-07-06 17:26:14,NEXUS_TRUST_091,ZENITH_FUND_027,55057.37,CHF,FR,MT,normal,3042.0,0
5CBDE9216084D846,2024-04-09,2024-04-09 11:00:00,PRIME_HOLDINGS_099,NEXUS_TRUST_171,15404.13,AED,AE,US,normal,7791.0,0
5CCC448CFF31F558,2024-04-13,2024-04-13 09:45:32,SOLARIS_FIN_003,MERIDIAN_CAPITAL_020,22317.74,EUR,DE,KY,normal,1857.0,0
5CE4C23DA2129D6,2024-01-11,2024-01-11 01:53:03,PRIME_HOLDINGS_199,VORTEX_CREDIT_064,3828.33,USD,KY,AU,velocity_burst,13.0,0
5CE86E4F19DEA497,2024-01-30,2024-01-30 23:52:14,DELTA_BANCORP_112,CIPHER_CAPITAL_070,8922.83,USD,LI,UK,structuring,8109.0,0
5CF27E3ABA744EDF,2024-06-11,2024-06-11 13:53:46,ZENITH_FUND_087,CORONA_CLEARING_156,9840.21,EUR,VG,US,structuring,11.0,1
5CFD2D615587F5E,2024-02-23,2024-02-23 22:34:56,NOVA_TRUST_021,HELIX_PAYMENTS_025,297194.72,CHF,KY,JP,normal,11272.0,0
5D02C658AB5C20C2,2024-05-31,2024-05-31 22:27:31,MERIDIAN_CAPITAL_160,HELIX_PAYMENTS_105,12317.01,EUR,MT,LI,normal,3177.0,0
5D156DC577A456B1,2024-04-10,2024-04-10 07:52:09,OMEGA_FIN_193,OBSIDIAN_PARTNERS_188,2551.78,GBP,UK,CY,velocity_burst,25.0,1
5D457EF0FBE443B6,2024-06-30,2024-06-30 18:27:54,VERTEX_PAYMENTS_155,ZENITH_FUND_067,9917.52,EUR,US,US,normal,970.0,0
5D4E3CCD2BA025D8,2024-03-01,2024-03-01 08:07:37,VERTEX_PAYMENTS_095,APEX_CREDIT_094,454394.77,AED,FR,FR,normal,7339.0,0
5D62A9F6CAB917A4,2024-02-28,2024-02-28 13:04:33,CORONA_CLEARING_196,VERTEX_PAYMENTS_135,630.56,CHF,US,AU,normal,236.0,0
5D66DCABC17329A3,2024-05-10,2024-05-10 13:37:14,PRIME_HOLDINGS_019,QUANTUM_CLEARING_006,3546.65,SGD,PA,CY,velocity_burst,18.0,1
5D680109B86A1A7D,2024-03-04,2024-03-04 19:24:50,STRATUS_FUND_157,CORONA_CLEARING_016,3159.61,CHF,CY,PA,normal,365.0,0
5D814D6EDA99D285,2024-03-14,2024-03-14 23:50:20,ZENITH_FUND_147,VORTEX_CREDIT_184,3197.18,CHF,MT,FR,velocity_burst,87.0,1
5DA6C84A53FD0DCC,2024-06-06,2024-06-06 09:45:23,OMEGA_FIN_053,MERIDIAN_CAPITAL_060,12023.52,EUR,MT,UK,velocity_burst,62.0,0
5DA990C4C7DDA182,2024-05-09,2024-05-09 03:48:06,ZENITH_FUND_167,CIPHER_CAPITAL_170,5046.85,SGD,US,MT,normal,16429.0,0
5DAC3C94B77C5BDF,2024-01-10,2024-01-10 21:47:48,CIPHER_CAPITAL_150,PRIME_HOLDINGS_079,9169.25,USD,AE,UK,structuring,149.0,0
5DBEB956674EF17E,2024-01-15,2024-01-15 18:46:14,VORTEX_CREDIT_124,OMEGA_FIN_133,41748.37,GBP,AE,LI,normal,2113.0,0
5DCA90C73FD4D229,2024-01-03,2024-01-03 10:49:48,NOVA_TRUST_061,QUANTUM_CLEARING_146,207892.18,USD,CY,SG,normal,12334.0,0
5DD97268792D0157,2024-05-25,2024-05-25 21:09:46,OBSIDIAN_PARTNERS_148,NOVA_TRUST_021,15381.85,EUR,FR,DE,normal,11918.0,0
5DE134E01B1944C9,2024-05-31,2024-05-31 08:14:29,VERTEX_PAYMENTS_095,APEX_CREDIT_054,44077.19,CHF,CY,PA,circular_flow,396.0,0
5DE524ACD51B2A93,2024-06-24,2024-06-24 17:46:13,NEXUS_TRUST_131,OMEGA_FIN_173,8585.52,HKD,JP,LI,structuring,7.0,0
5DE9CC4E3C532CB1,2024-02-09,2024-02-09 17:28:59,AXIOM_PARTNERS_098,ZENITH_FUND_147,13328.32,SGD,CY,JP,velocity_burst,51.0,1
5DF1B677921AF8BF,2024-02-07,2024-02-07 18:44:59,ATLAS_BANCORP_142,SOLARIS_FIN_003,13758.38,EUR,CY,MT,normal,3384.0,0
5DF424BA3FDFC41A,2024-01-22,2024-01-22 20:00:38,QUANTUM_CLEARING_166,OMEGA_FIN_013,4054.36,EUR,AE,CY,velocity_burst,8.0,1
5DFC6DE16DCFDFD4,2024-01-20,2024-01-20 03:00:42,APEX_CREDIT_054,HELIX_PAYMENTS_025,10217.66,SGD,MT,AU,velocity_burst,84.0,0
5E13F340FB39F1F7,2024-05-19,2024-05-19 21:54:28,ECLIPSE_HOLDINGS_049,ATLAS_BANCORP_042,154382.43,AED,LI,PA,layering,61.0,0
5E1DFFA680EAA1F8,2024-06-04,2024-06-04 18:43:46,NOVA_TRUST_041,NOVA_TRUST_121,1759.8,CHF,LI,CY,normal,12080.0,0
5E260E0D96693EE4,2024-05-31,2024-05-31 01:34:12,ZENITH_FUND_007,SOLARIS_FIN_063,6331.53,GBP,DE,PA,velocity_burst,2.0,0
5E5135A12E2BE3D5,2024-05-17,2024-05-17 13:18:50,DELTA_BANCORP_132,STRATUS_FUND_037,8182.67,HKD,CY,PA,structuring,580.0,1
5E6468918220281F,2024-02-20,2024-02-20 06:05:55,NOVA_TRUST_021,CORONA_CLEARING_096,8394.3,USD,US,UK,structuring,396.0,0
5E68FB949E612F37,2024-03-24,2024-03-24 23:42:13,SOLARIS_FIN_143,ZENITH_FUND_027,3389.18,EUR,JP,AE,normal,4893.0,0
5E6EC57018241D3A,2024-02-19,2024-02-19 09:31:35,CORONA_CLEARING_196,ATLAS_BANCORP_102,3453.62,CHF,LI,PA,velocity_burst,8.0,1
5E802283A2F12C2,2024-01-31,2024-01-31 22:56:58,HELIX_PAYMENTS_065,VORTEX_CREDIT_044,5050.06,USD,UK,JP,normal,1162.0,0
5E905B911799FD84,2024-01-09,2024-01-09 17:58:49,NOVA_TRUST_121,SOLARIS_FIN_043,14207.21,HKD,VG,AE,normal,6744.0,0
5EA84EF4ABC4FE2E,2024-03-27,2024-03-27 03:20:09,ECLIPSE_HOLDINGS_089,DELTA_BANCORP_132,15431.86,USD,US,JP,normal,10700.0,0
5EACB7D54A26C741,2024-06-26,2024-06-26 22:17:10,VORTEX_CREDIT_004,ECLIPSE_HOLDINGS_089,413695.07,AED,PA,KY,high_risk_jx,11359.0,0
5EB43CDF672AEFC2,2024-06-03,2024-06-03 14:39:17,SOLARIS_FIN_143,ZENITH_FUND_047,48552.69,USD,US,JP,circular_flow,170.0,0
5EB516E4CC8C49C6,2024-03-08,2024-03-08 00:38:06,VORTEX_CREDIT_144,HELIX_PAYMENTS_185,7484.22,USD,SG,DE,circular_flow,3183.0,0
5EC9E1724F0E4B5D,2024-04-09,2024-04-09 07:51:27,APEX_CREDIT_194,AXIOM_PARTNERS_158,9238.3,EUR,DE,FR,structuring,208.0,0
5EE27CCB243B07BF,2024-07-07,2024-07-07 15:11:43,CIPHER_CAPITAL_090,ATLAS_BANCORP_122,6071.56,HKD,DE,LI,velocity_burst,8.0,0
5EE99587599F817B,2024-06-16,2024-06-16 17:37:58,SOLARIS_FIN_183,CIPHER_CAPITAL_130,5692.16,GBP,LI,AU,normal,11070.0,0
5F02372EEC23F5FD,2024-02-08,2024-02-08 00:22:01,ZENITH_FUND_087,VORTEX_CREDIT_064,7737.28,AED,US,MT,normal,530.0,0
5F25457640F60FF9,2024-05-14,2024-05-14 16:20:23,ECLIPSE_HOLDINGS_149,PRIME_HOLDINGS_139,242710.26,EUR,CY,VG,normal,3475.0,0
5F45417EC54700A5,2024-02-26,2024-02-26 07:31:12,VERTEX_PAYMENTS_135,APEX_CREDIT_094,223253.12,SGD,AE,US,normal,1246.0,0
5F59F888F655C2EC,2024-02-22,2024-02-22 00:59:31,NOVA_TRUST_001,HELIX_PAYMENTS_045,8796.64,USD,UK,SG,structuring,166.0,0
5F660EBE179D4D0B,2024-02-06,2024-02-06 05:34:40,AXIOM_PARTNERS_178,CIPHER_CAPITAL_110,11209.17,EUR,KY,KY,velocity_burst,67.0,1
5F6CA2762176BA38,2024-06-17,2024-06-17 01:03:55,HELIX_PAYMENTS_125,DELTA_BANCORP_032,157505.73,SGD,PA,JP,normal,11293.0,0
5F75D6B5E5427CEA,2024-02-18,2024-02-18 21:38:25,CORONA_CLEARING_096,PRIME_HOLDINGS_099,54873.5,HKD,CY,UK,normal,1942.0,0
5F78E5AB82FC3EC2,2024-05-20,2024-05-20 18:00:31,VERTEX_PAYMENTS_155,NOVA_TRUST_181,150638.86,HKD,CY,PA,high_risk_jx,6408.0,0
5F7A3BB6FA725B9,2024-06-19,2024-06-19 13:18:52,OBSIDIAN_PARTNERS_048,DELTA_BANCORP_092,42444.23,AED,CY,PA,normal,7285.0,0
5F8C001FABD6B063,2024-04-29,2024-04-29 12:12:22,HELIX_PAYMENTS_185,STRATUS_FUND_137,8029.06,CHF,VG,AE,structuring,350.0,0
5F9BA72FC18C306B,2024-05-22,2024-05-22 12:38:54,QUANTUM_CLEARING_046,AXIOM_PARTNERS_018,65280.78,SGD,VG,VG,normal,48.0,0
5FA076DD100FA37B,2024-01-27,2024-01-27 18:41:43,VERTEX_PAYMENTS_195,VERTEX_PAYMENTS_155,59025.42,GBP,VG,AU,layering,3818.0,0
5FA7A8628675C700,2024-04-01,2024-04-01 12:58:31,ZENITH_FUND_007,NOVA_TRUST_121,5196.7,AED,AU,JP,velocity_burst,70.0,1
5FC838742D6D887C,2024-06-10,2024-06-10 00:52:55,VERTEX_PAYMENTS_175,PRIME_HOLDINGS_119,86379.99,HKD,US,US,circular_flow,3758.0,0
5FE8B27EEC89F67A,2024-03-27,2024-03-27 09:53:06,OBSIDIAN_PARTNERS_188,VERTEX_PAYMENTS_135,49595.94,AED,SG,US,normal,1352.0,0
5FEFEB177C67053B,2024-05-31,2024-05-31 04:11:42,APEX_CREDIT_174,PRIME_HOLDINGS_199,3883.37,EUR,FR,AE,normal,4729.0,0
6007417520B38639,2024-06-21,2024-06-21 19:38:40,QUANTUM_CLEARING_066,AXIOM_PARTNERS_178,458568.01,GBP,MT,AE,normal,18550.0,0
600772C856005B18,2024-01-04,2024-01-04 09:06:56,ECLIPSE_HOLDINGS_089,APEX_CREDIT_114,36993.44,GBP,US,UK,normal,658.0,0
601AF898AD574308,2024-04-15,2024-04-15 15:24:15,NEXUS_TRUST_111,OMEGA_FIN_113,2411.91,GBP,AE,LI,normal,3456.0,0
6024AD3ED2F57F2E,2024-01-11,2024-01-11 08:17:29,CORONA_CLEARING_156,HELIX_PAYMENTS_125,612.69,USD,LI,AU,normal,1623.0,0
6024EC74AD13EF48,2024-03-09,2024-03-09 03:09:36,ZENITH_FUND_087,ATLAS_BANCORP_042,1086.27,HKD,KY,FR,normal,4725.0,0
603DD31A8B7556AF,2024-06-24,2024-06-24 14:38:18,HELIX_PAYMENTS_025,OMEGA_FIN_053,4208.96,EUR,SG,MT,normal,6707.0,0
6053EF53EFB292E6,2024-01-15,2024-01-15 22:41:43,APEX_CREDIT_114,APEX_CREDIT_194,129798.34,AED,US,CY,normal,2428.0,0
605B728A776EB020,2024-02-06,2024-02-06 05:36:25,AXIOM_PARTNERS_178,OMEGA_FIN_033,5441.68,AED,MT,JP,velocity_burst,4.0,1
605EB0A1F455B856,2024-04-30,2024-04-30 04:20:20,AXIOM_PARTNERS_158,APEX_CREDIT_054,4640.07,AED,JP,JP,normal,5915.0,0
606781296B311086,2024-06-25,2024-06-25 13:28:38,CORONA_CLEARING_076,MERIDIAN_CAPITAL_060,8455.42,USD,JP,JP,structuring,5686.0,0
606832F5C83E1A3D,2024-01-23,2024-01-23 02:21:45,CORONA_CLEARING_076,APEX_CREDIT_094,9185.05,GBP,MT,LI,structuring,94.0,0
606A1A35C1419E6A,2024-03-09,2024-03-09 01:43:05,ZENITH_FUND_047,SOLARIS_FIN_163,9960.39,CHF,JP,JP,structuring,210.0,0
607B51581A4E57B7,2024-03-25,2024-03-25 05:20:15,VORTEX_CREDIT_124,SOLARIS_FIN_123,56337.95,SGD,FR,LI,normal,2119.0,0
6082AABB9CD47A67,2024-01-14,2024-01-14 03:34:41,PRIME_HOLDINGS_039,VERTEX_PAYMENTS_015,1826.45,EUR,VG,AE,normal,3974.0,0
608561AD5BBD22A3,2024-07-07,2024-07-07 22:42:53,MERIDIAN_CAPITAL_120,SOLARIS_FIN_143,3489.95,EUR,FR,VG,normal,4928.0,0
6085E6E23FBE57C8,2024-06-15,2024-06-15 10:15:37,ATLAS_BANCORP_182,APEX_CREDIT_194,7434.01,EUR,UK,SG,velocity_burst,6.0,0
608DB77C90BFC1B0,2024-04-05,2024-04-05 03:45:54,PRIME_HOLDINGS_099,NEXUS_TRUST_171,602.97,USD,FR,MT,normal,11203.0,0
609C7F86B9121DF9,2024-03-24,2024-03-24 07:29:42,ECLIPSE_HOLDINGS_169,CIPHER_CAPITAL_150,3029.22,GBP,US,FR,normal,5470.0,0
609CBF4399AE6086,2024-02-08,2024-02-08 00:13:11,NOVA_TRUST_081,CIPHER_CAPITAL_110,19308.37,HKD,PA,KY,normal,19692.0,0
60A06F9B314AFF4D,2024-01-07,2024-01-07 02:38:02,OMEGA_FIN_173,MERIDIAN_CAPITAL_100,17357.07,SGD,LI,JP,circular_flow,996.0,0
60B4D47B7B7DEC5A,2024-05-06,2024-05-06 11:09:10,OMEGA_FIN_113,SOLARIS_FIN_083,21979.95,GBP,FR,MT,normal,2267.0,0
60E1666960137E85,2024-03-02,2024-03-02 11:05:35,QUANTUM_CLEARING_086,ECLIPSE_HOLDINGS_009,2583.52,SGD,DE,MT,normal,12261.0,0
60F23330D5F4B46,2024-05-14,2024-05-14 03:24:12,VORTEX_CREDIT_164,QUANTUM_CLEARING_126,178568.51,GBP,UK,US,normal,3597.0,0
61093A948FBDDBF3,2024-01-20,2024-01-20 11:21:16,OBSIDIAN_PARTNERS_168,ECLIPSE_HOLDINGS_149,72500.64,GBP,AU,DE,normal,515.0,0
612842D43BE6194E,2024-04-23,2024-04-23 03:37:16,MERIDIAN_CAPITAL_160,OMEGA_FIN_033,10883.32,GBP,JP,MT,normal,11050.0,0
6147440071E3A528,2024-01-02,2024-01-02 13:36:36,NOVA_TRUST_181,ATLAS_BANCORP_042,3912.83,CHF,MT,CY,velocity_burst,10.0,0
6151A236358DC5F8,2024-04-27,2024-04-27 08:44:24,STRATUS_FUND_097,ZENITH_FUND_027,1283.58,USD,CY,UK,normal,400.0,0
616FAAF1357FC1B3,2024-04-16,2024-04-16 04:05:47,ECLIPSE_HOLDINGS_009,SOLARIS_FIN_103,224057.47,CHF,PA,MT,high_risk_jx,17955.0,0
6172FFE7BFA0EC36,2024-04-03,2024-04-03 03:37:47,PRIME_HOLDINGS_179,APEX_CREDIT_054,3581.09,SGD,PA,UK,normal,706.0,0
61868B281CAF78FE,2024-03-30,2024-03-30 23:38:13,SOLARIS_FIN_143,ZENITH_FUND_047,143123.21,HKD,LI,AE,layering,224.0,0
61878EFC81A6A97F,2024-06-28,2024-06-28 04:24:47,NEXUS_TRUST_031,CORONA_CLEARING_096,12256.79,AED,AE,SG,velocity_burst,3.0,0
618B8BAC4D9E7F4F,2024-03-18,2024-03-18 02:03:25,CIPHER_CAPITAL_010,MERIDIAN_CAPITAL_060,2229.29,SGD,LI,AE,normal,8179.0,0
61BB9C8CE844F0DE,2024-02-27,2024-02-27 23:34:44,VERTEX_PAYMENTS_075,QUANTUM_CLEARING_086,9754.95,HKD,AE,DE,structuring,298.0,1
61CA0090E7254E94,2024-01-18,2024-01-18 23:27:57,ECLIPSE_HOLDINGS_149,STRATUS_FUND_097,36244.58,EUR,FR,DE,normal,4303.0,0
61F0DC9248678FC6,2024-04-11,2024-04-11 12:33:55,OMEGA_FIN_113,STRATUS_FUND_017,213.96,EUR,AE,DE,normal,1053.0,0
620A0784B33288FE,2024-04-01,2024-04-01 12:55:10,NEXUS_TRUST_091,HELIX_PAYMENTS_165,86279.24,CHF,MT,VG,layering,3.0,0
6213D9077F843F5A,2024-06-24,2024-06-24 17:48:45,NEXUS_TRUST_131,VORTEX_CREDIT_084,8402.27,SGD,AU,UK,structuring,76.0,1
62160B64C53AB4A4,2024-03-13,2024-03-13 11:35:34,VORTEX_CREDIT_024,DELTA_BANCORP_132,12300.63,USD,AU,AU,normal,6329.0,0
6216DB975ED69405,2024-04-09,2024-04-09 01:23:18,AXIOM_PARTNERS_018,HELIX_PAYMENTS_105,13339.93,AED,FR,JP,velocity_burst,0.0,0
621AB2DD82B96680,2024-04-08,2024-04-08 01:56:40,PRIME_HOLDINGS_139,NEXUS_TRUST_051,955.06,USD,VG,JP,normal,6354.0,0
6244549C93A5B2DF,2024-03-26,2024-03-26 15:16:08,NEXUS_TRUST_191,CORONA_CLEARING_156,129751.0,SGD,MT,MT,layering,722.0,0
62469BE95111420D,2024-03-18,2024-03-18 07:07:26,DELTA_BANCORP_172,MERIDIAN_CAPITAL_100,6935.44,CHF,VG,FR,normal,979.0,0
627668367A206590,2024-06-21,2024-06-21 02:21:21,APEX_CREDIT_154,VERTEX_PAYMENTS_155,4335.78,USD,US,SG,velocity_burst,15.0,0
6279220E63649742,2024-06-27,2024-06-27 18:05:49,OBSIDIAN_PARTNERS_008,DELTA_BANCORP_172,155850.14,CHF,AE,VG,layering,493.0,0
62899F443E96C1EF,2024-01-03,2024-01-03 16:04:28,OBSIDIAN_PARTNERS_088,NEXUS_TRUST_131,14311.45,SGD,SG,US,normal,7225.0,0
629ABBBE80DFB0E6,2024-06-26,2024-06-26 12:58:44,AXIOM_PARTNERS_078,DELTA_BANCORP_152,7060.94,SGD,DE,SG,circular_flow,422.0,0
62AC572692A8F3D6,2024-06-20,2024-06-20 04:29:04,QUANTUM_CLEARING_146,CORONA_CLEARING_016,22999.92,USD,DE,AE,normal,7751.0,0
62AECD0D6E9C83AC,2024-04-21,2024-04-21 10:02:39,CORONA_CLEARING_096,APEX_CREDIT_014,11856.11,AED,US,CY,velocity_burst,1.0,1
62B3CE73BCD1970F,2024-01-15,2024-01-15 16:37:21,PRIME_HOLDINGS_159,MERIDIAN_CAPITAL_120,2637.03,CHF,AU,LI,normal,2275.0,0
62B855DCEB3A2744,2024-04-23,2024-04-23 06:26:07,OBSIDIAN_PARTNERS_108,OMEGA_FIN_133,2940.03,AED,SG,AU,normal,10131.0,0
62C369DD49810D2F,2024-04-25,2024-04-25 17:04:57,AXIOM_PARTNERS_058,ZENITH_FUND_107,3094.91,AED,US,UK,velocity_burst,17610.0,0
62D2C9BA4D361D32,2024-01-03,2024-01-03 05:53:44,AXIOM_PARTNERS_118,ECLIPSE_HOLDINGS_189,2113.15,EUR,VG,MT,velocity_burst,32.0,0
62E5529DEA46653A,2024-05-13,2024-05-13 04:41:36,QUANTUM_CLEARING_086,STRATUS_FUND_117,23190.07,GBP,KY,US,normal,4731.0,0
62E5870E93161C95,2024-03-31,2024-03-31 08:10:59,HELIX_PAYMENTS_065,APEX_CREDIT_154,11572.93,HKD,JP,DE,velocity_burst,30.0,0
62EFE6B06D647150,2024-06-03,2024-06-03 18:23:23,NEXUS_TRUST_091,ATLAS_BANCORP_102,26254.53,USD,AU,MT,normal,11416.0,0
62F087C9F7A8F52E,2024-06-16,2024-06-16 07:22:34,SOLARIS_FIN_023,SOLARIS_FIN_163,10168.39,GBP,DE,FR,normal,3603.0,0
62FE69341CEFA26C,2024-04-30,2024-04-30 08:55:11,OBSIDIAN_PARTNERS_028,MERIDIAN_CAPITAL_020,153184.89,GBP,US,US,normal,16491.0,0
631FD36C85CA86D8,2024-06-25,2024-06-25 13:29:08,CORONA_CLEARING_076,APEX_CREDIT_094,9559.79,USD,SG,VG,structuring,30.0,0
63268693A425936,2024-02-06,2024-02-06 11:34:41,DELTA_BANCORP_092,ATLAS_BANCORP_162,29063.85,CHF,AU,FR,normal,632.0,0
632B42F3111E0D01,2024-07-03,2024-07-03 03:41:29,SOLARIS_FIN_083,ATLAS_BANCORP_182,39156.99,SGD,PA,PA,normal,150.0,0
633144ACAE06AFFB,2024-06-22,2024-06-22 23:53:25,VERTEX_PAYMENTS_115,NOVA_TRUST_161,19819.16,HKD,US,CY,circular_flow,480.0,0
633EDAFF18111F4,2024-01-07,2024-01-07 12:27:43,DELTA_BANCORP_112,ATLAS_BANCORP_042,655.74,CHF,UK,AU,normal,763.0,0
634DD95DD3C77593,2024-02-04,2024-02-04 12:49:07,MERIDIAN_CAPITAL_100,CIPHER_CAPITAL_070,6671.6,HKD,VG,PA,velocity_burst,24.0,1
6356B208800F98FB,2024-04-13,2024-04-13 03:21:16,ZENITH_FUND_187,OBSIDIAN_PARTNERS_128,9536.11,EUR,FR,CY,structuring,122.0,0
6356F501371698DA,2024-06-12,2024-06-12 04:22:36,DELTA_BANCORP_052,VERTEX_PAYMENTS_055,8452.26,CHF,PA,KY,structuring,28.0,0
636B8D21CF52158,2024-03-08,2024-03-08 00:54:49,VORTEX_CREDIT_044,ATLAS_BANCORP_002,1758.47,USD,DE,VG,velocity_burst,3.0,0
6371A6A5A89EA430,2024-06-24,2024-06-24 17:07:32,HELIX_PAYMENTS_045,CORONA_CLEARING_036,3145.52,CHF,MT,JP,velocity_burst,8.0,0
6375B8BACEA1E067,2024-05-04,2024-05-04 23:27:22,CIPHER_CAPITAL_150,STRATUS_FUND_057,525327.94,GBP,AU,AE,normal,168.0,0
63771084DE720C73,2024-01-22,2024-01-22 05:01:49,SOLARIS_FIN_103,PRIME_HOLDINGS_119,10527.54,GBP,CY,MT,normal,5145.0,0
637D65A0E665067,2024-04-09,2024-04-09 23:25:04,DELTA_BANCORP_152,NOVA_TRUST_181,14907.5,USD,US,PA,normal,1822.0,0
63884403AAB8AC40,2024-05-08,2024-05-08 17:31:20,QUANTUM_CLEARING_186,PRIME_HOLDINGS_179,9129.56,USD,FR,MT,structuring,14907.0,0
638C97C58BB1E354,2024-04-22,2024-04-22 11:11:31,ZENITH_FUND_087,OBSIDIAN_PARTNERS_168,12072.05,EUR,MT,AE,normal,14553.0,0
63C4A7C1C92E6F09,2024-03-09,2024-03-09 01:37:26,ZENITH_FUND_047,ECLIPSE_HOLDINGS_109,8438.19,SGD,KY,AE,structuring,109.0,0
63CB387137A408E,2024-03-09,2024-03-09 15:47:34,QUANTUM_CLEARING_166,VERTEX_PAYMENTS_195,14898.66,USD,PA,FR,normal,6327.0,0
63DE3AE891203631,2024-02-25,2024-02-25 09:46:59,OMEGA_FIN_113,PRIME_HOLDINGS_199,219903.68,SGD,FR,PA,normal,4353.0,0
63E8480FF28B2D07,2024-06-17,2024-06-17 06:11:31,PRIME_HOLDINGS_099,MERIDIAN_CAPITAL_020,1508.55,SGD,SG,LI,normal,1559.0,0
63F13E8B7FEE21D7,2024-06-04,2024-06-04 03:53:56,HELIX_PAYMENTS_025,STRATUS_FUND_037,66169.76,USD,UK,PA,normal,658.0,0
640C776994782756,2024-04-15,2024-04-15 05:45:15,NEXUS_TRUST_091,DELTA_BANCORP_012,2523.7,EUR,CY,PA,normal,301.0,0
64147072B64A3B53,2024-02-29,2024-02-29 01:04:02,CORONA_CLEARING_076,NOVA_TRUST_121,419987.6,GBP,KY,PA,layering,1095.0,0
642765A2E7CAADCF,2024-04-27,2024-04-27 22:36:11,ZENITH_FUND_027,HELIX_PAYMENTS_005,603377.64,EUR,US,FR,normal,4107.0,0
642F210D7D350F34,2024-07-01,2024-07-01 01:44:28,VORTEX_CREDIT_044,PRIME_HOLDINGS_139,5658.56,AED,DE,UK,normal,377.0,0
6431D0C584AA29C9,2024-01-31,2024-01-31 02:04:09,DELTA_BANCORP_172,QUANTUM_CLEARING_146,139277.81,AED,JP,PA,normal,5016.0,0
6443BAB7CC860B00,2024-05-24,2024-05-24 00:57:28,ATLAS_BANCORP_142,NEXUS_TRUST_011,5443.67,GBP,SG,MT,normal,4679.0,0
645FD34334958C88,2024-04-10,2024-04-10 05:55:03,AXIOM_PARTNERS_058,MERIDIAN_CAPITAL_120,3830241.16,GBP,KY,JP,normal,2456.0,0
64678F6CC89B80C9,2024-01-18,2024-01-18 17:28:01,AXIOM_PARTNERS_078,VORTEX_CREDIT_084,3686.71,GBP,FR,LI,normal,20908.0,0
64704BE26BD2B38A,2024-06-18,2024-06-18 21:46:47,VERTEX_PAYMENTS_095,DELTA_BANCORP_192,1296.45,USD,KY,VG,normal,9067.0,0
6492AE68D8C87DDF,2024-07-07,2024-07-07 01:04:19,SOLARIS_FIN_083,ECLIPSE_HOLDINGS_089,281423.98,EUR,CY,LI,layering,519.0,0
6493EA1AD148BAB2,2024-02-04,2024-02-04 10:25:53,ZENITH_FUND_007,VORTEX_CREDIT_144,5543.65,AED,AE,SG,normal,1749.0,0
64A73A355F6B9580,2024-02-09,2024-02-09 20:06:05,AXIOM_PARTNERS_158,NEXUS_TRUST_171,987.68,EUR,CY,KY,normal,2829.0,0
64A98778F6C57174,2024-06-30,2024-06-30 21:45:39,HELIX_PAYMENTS_065,APEX_CREDIT_094,3844.68,EUR,VG,AE,normal,3008.0,0
64B12E5DEE3F99E3,2024-02-26,2024-02-26 10:21:34,ECLIPSE_HOLDINGS_089,SOLARIS_FIN_183,11460.7,GBP,KY,AU,velocity_burst,6.0,1
64B2311F943BE652,2024-02-17,2024-02-17 18:35:57,AXIOM_PARTNERS_118,DELTA_BANCORP_012,11715.96,USD,KY,DE,normal,4368.0,0
64C2ABF99140F70F,2024-02-26,2024-02-26 00:53:00,OBSIDIAN_PARTNERS_048,SOLARIS_FIN_043,972.21,EUR,AE,SG,normal,121.0,0
64CC418882FAA483,2024-06-16,2024-06-16 02:36:21,VERTEX_PAYMENTS_015,ZENITH_FUND_107,298947.23,EUR,KY,KY,layering,702.0,0
64CD261FC7FF46FE,2024-01-13,2024-01-13 23:36:53,DELTA_BANCORP_012,HELIX_PAYMENTS_125,1042.86,AED,VG,DE,velocity_burst,4.0,0
64D2D5F795A11770,2024-05-04,2024-05-04 23:22:33,APEX_CREDIT_014,ECLIPSE_HOLDINGS_169,5015.49,USD,FR,UK,velocity_burst,2.0,0
64D55572B6BDF1FE,2024-04-01,2024-04-01 13:58:06,QUANTUM_CLEARING_106,APEX_CREDIT_054,7292.63,CHF,LI,AU,normal,1790.0,0
64DC27AD7E23774D,2024-04-10,2024-04-10 07:53:12,OMEGA_FIN_193,ZENITH_FUND_107,2902.59,SGD,JP,KY,velocity_burst,8.0,1
64E09AB9EB251DD9,2024-03-19,2024-03-19 16:23:57,SOLARIS_FIN_183,VERTEX_PAYMENTS_115,127260.44,AED,DE,MT,normal,2383.0,0
651B66BFB557CE72,2024-04-01,2024-04-01 12:57:21,ZENITH_FUND_007,OBSIDIAN_PARTNERS_088,11470.22,HKD,SG,VG,velocity_burst,8.0,1
651E4A943DBF5D0A,2024-06-04,2024-06-04 02:49:09,CORONA_CLEARING_116,ATLAS_BANCORP_022,8699.14,SGD,US,AU,normal,4915.0,0
6538584FE37B8C37,2024-04-30,2024-04-30 17:14:42,OMEGA_FIN_133,OMEGA_FIN_193,92366.32,HKD,FR,AU,normal,621.0,0
658C6C7F583E28,2024-02-09,2024-02-09 21:18:46,APEX_CREDIT_014,VORTEX_CREDIT_164,60795.78,CHF,FR,UK,normal,351.0,0
65911A3798CE8FEF,2024-02-26,2024-02-26 10:23:14,ECLIPSE_HOLDINGS_089,QUANTUM_CLEARING_086,2861.63,GBP,AU,UK,velocity_burst,10.0,1
6594D2AED73A35B5,2024-02-27,2024-02-27 14:45:54,MERIDIAN_CAPITAL_000,SOLARIS_FIN_003,9927.4,HKD,VG,JP,structuring,112.0,0
65A3A6CEB77287CC,2024-02-13,2024-02-13 04:00:20,MERIDIAN_CAPITAL_060,SOLARIS_FIN_003,5826.06,CHF,JP,FR,velocity_burst,26.0,1
65ACA60D45595519,2024-04-28,2024-04-28 04:43:28,PRIME_HOLDINGS_019,CORONA_CLEARING_176,186.72,CHF,KY,JP,normal,7997.0,0
65D4906ABA5B07BC,2024-01-28,2024-01-28 20:55:45,CIPHER_CAPITAL_130,APEX_CREDIT_174,2795.72,HKD,PA,LI,normal,13038.0,0
65DD04E941948570,2024-01-13,2024-01-13 07:43:21,STRATUS_FUND_097,NOVA_TRUST_001,49552.06,CHF,PA,JP,circular_flow,1641.0,0
65DFAA6930F004B4,2024-05-05,2024-05-05 07:14:31,ATLAS_BANCORP_002,ATLAS_BANCORP_102,32207.13,SGD,SG,KY,normal,970.0,0
65EE7DAB9963E8C4,2024-04-17,2024-04-17 21:34:29,APEX_CREDIT_054,HELIX_PAYMENTS_025,9150.35,HKD,DE,MT,structuring,210.0,0
65F7F05133BE8F36,2024-04-28,2024-04-28 09:47:37,MERIDIAN_CAPITAL_020,NOVA_TRUST_041,17899.6,GBP,US,LI,normal,8876.0,0
6600F2182F11B736,2024-04-29,2024-04-29 12:04:28,HELIX_PAYMENTS_185,VERTEX_PAYMENTS_095,8145.56,CHF,SG,AE,structuring,7408.0,0
66070D9D1BDAEAED,2024-02-24,2024-02-24 12:31:03,CIPHER_CAPITAL_030,OMEGA_FIN_133,4980.22,AED,CY,LI,normal,4618.0,0
660A677BF465256A,2024-05-14,2024-05-14 10:41:41,VERTEX_PAYMENTS_095,VORTEX_CREDIT_024,103009.4,GBP,PA,VG,normal,3525.0,0
66109E67F5C2F112,2024-01-22,2024-01-22 06:10:28,PRIME_HOLDINGS_099,SOLARIS_FIN_183,8847.99,GBP,LI,US,velocity_burst,12.0,0
66374251E4F0AF9D,2024-01-11,2024-01-11 01:50:32,PRIME_HOLDINGS_199,AXIOM_PARTNERS_138,12032.44,EUR,FR,PA,velocity_burst,1.0,0
666C2D926E361A89,2024-03-25,2024-03-25 22:44:00,OMEGA_FIN_153,ATLAS_BANCORP_182,2087.77,EUR,VG,AU,normal,2882.0,0
6683CEE1CB630418,2024-05-04,2024-05-04 23:24:23,APEX_CREDIT_014,ZENITH_FUND_187,8352.35,CHF,AU,SG,velocity_burst,68.0,1
66A31C853A455FE2,2024-02-29,2024-02-29 09:41:15,VORTEX_CREDIT_124,PRIME_HOLDINGS_019,933.12,AED,UK,LI,normal,197.0,0
66ABA2EC1B389D5B,2024-07-02,2024-07-02 19:49:27,OBSIDIAN_PARTNERS_028,ATLAS_BANCORP_142,4890.83,EUR,PA,DE,normal,14329.0,0
66BE1C13A290CFD1,2024-04-29,2024-04-29 07:48:51,SOLARIS_FIN_103,VORTEX_CREDIT_164,692194.37,CHF,SG,FR,normal,665.0,0
66C35A2083C7853,2024-06-30,2024-06-30 10:30:51,NEXUS_TRUST_091,NOVA_TRUST_001,1966.62,AED,AU,DE,normal,2044.0,0
66D310ACC5BDBC4A,2024-05-31,2024-05-31 01:33:50,ZENITH_FUND_007,HELIX_PAYMENTS_165,844.02,GBP,JP,DE,velocity_burst,4.0,0
66D549DF9A265F70,2024-04-14,2024-04-14 22:15:49,NEXUS_TRUST_031,HELIX_PAYMENTS_045,2776.14,USD,UK,MT,normal,18310.0,0
66E2EC198714FE64,2024-02-09,2024-02-09 17:24:36,AXIOM_PARTNERS_098,NEXUS_TRUST_011,1097.71,EUR,MT,CY,velocity_burst,4.0,0
670AB4FE524B7785,2024-02-04,2024-02-04 09:27:13,CORONA_CLEARING_056,NEXUS_TRUST_111,2013629.9,GBP,KY,DE,normal,1657.0,0
6718EBF7D8062ECF,2024-04-29,2024-04-29 03:22:47,OBSIDIAN_PARTNERS_168,OBSIDIAN_PARTNERS_028,8368.98,HKD,MT,FR,velocity_burst,18.0,0
671DEE3D1E4659C2,2024-04-01,2024-04-01 15:06:04,STRATUS_FUND_177,CORONA_CLEARING_056,1373.64,SGD,JP,VG,velocity_burst,128.0,1
67212DAA787B4F3B,2024-06-18,2024-06-18 17:10:02,MERIDIAN_CAPITAL_060,QUANTUM_CLEARING_086,4225.83,SGD,CY,MT,normal,6663.0,0
672288C6EFABA8E0,2024-05-22,2024-05-22 21:28:11,ATLAS_BANCORP_122,ZENITH_FUND_027,4296.0,EUR,VG,PA,normal,16758.0,0
672CF0F22EE927C3,2024-01-03,2024-01-03 05:53:09,AXIOM_PARTNERS_118,CORONA_CLEARING_016,4078.11,HKD,CY,PA,velocity_burst,9.0,0
672E347C44AB4E07,2024-01-20,2024-01-20 11:12:41,VERTEX_PAYMENTS_115,OBSIDIAN_PARTNERS_148,2876.73,CHF,AU,AU,normal,302.0,0
6730CB904B2126C,2024-05-16,2024-05-16 06:04:50,STRATUS_FUND_137,CIPHER_CAPITAL_090,117177.23,USD,US,CY,circular_flow,7452.0,0
6733656196994D18,2024-05-15,2024-05-15 10:32:10,QUANTUM_CLEARING_166,ATLAS_BANCORP_122,10211.61,AED,UK,MT,velocity_burst,4525.0,0
6739647F829A49B1,2024-03-02,2024-03-02 13:48:46,MERIDIAN_CAPITAL_100,DELTA_BANCORP_052,5930.53,CHF,CY,UK,velocity_burst,10.0,1
67517B7E2373F0D2,2024-06-30,2024-06-30 06:07:57,NEXUS_TRUST_011,VORTEX_CREDIT_164,3395.69,EUR,SG,MT,normal,807.0,0
676AFD14512D3C20,2024-01-26,2024-01-26 03:50:05,CORONA_CLEARING_156,AXIOM_PARTNERS_018,1986.26,EUR,MT,PA,velocity_burst,1.0,1
67B2E0F3533CE64D,2024-04-08,2024-04-08 12:19:05,ATLAS_BANCORP_162,AXIOM_PARTNERS_178,748.1,HKD,DE,MT,normal,21808.0,0
67BFBD408AD5501D,2024-02-19,2024-02-19 01:03:14,APEX_CREDIT_054,NOVA_TRUST_041,10888.97,SGD,FR,PA,normal,8587.0,0
67CC969B1477C9D0,2024-06-03,2024-06-03 05:04:57,ECLIPSE_HOLDINGS_009,DELTA_BANCORP_172,8324.41,SGD,JP,LI,structuring,93.0,0
67E433BB7B8CB4E4,2024-01-05,2024-01-05 22:21:36,ZENITH_FUND_127,VERTEX_PAYMENTS_195,20196.3,EUR,KY,LI,circular_flow,824.0,0
67F0FA596EF79A1E,2024-07-01,2024-07-01 22:35:31,APEX_CREDIT_014,AXIOM_PARTNERS_038,7490.29,CHF,LI,PA,normal,5183.0,0
680E97BFA06FB9D3,2024-04-13,2024-04-13 13:37:35,NOVA_TRUST_021,AXIOM_PARTNERS_138,27644.49,AED,AE,MT,circular_flow,4610.0,0
68149EA969E63B60,2024-02-10,2024-02-10 21:39:57,VERTEX_PAYMENTS_195,DELTA_BANCORP_132,8133.1,USD,VG,LI,structuring,126.0,1
681B1FCE6433C8A1,2024-03-26,2024-03-26 22:03:13,CORONA_CLEARING_056,DELTA_BANCORP_132,8232.36,USD,DE,JP,structuring,228.0,0
6820181F2E56CC4E,2024-05-17,2024-05-17 15:47:14,NOVA_TRUST_121,ATLAS_BANCORP_142,29072.76,SGD,CY,AE,normal,8904.0,0
682AE3FFCABAF075,2024-02-26,2024-02-26 02:59:34,AXIOM_PARTNERS_038,CORONA_CLEARING_196,6939.09,EUR,CY,MT,velocity_burst,13.0,0
683142D662EF6B3,2024-07-03,2024-07-03 03:48:58,ATLAS_BANCORP_082,AXIOM_PARTNERS_038,1226.59,HKD,JP,FR,normal,449.0,0
683DDADAA7CF2A7E,2024-02-11,2024-02-11 01:47:21,ATLAS_BANCORP_142,ZENITH_FUND_187,2230.14,SGD,DE,FR,velocity_burst,23.0,1
6846DF8773552BF,2024-01-26,2024-01-26 03:48:01,CORONA_CLEARING_156,MERIDIAN_CAPITAL_040,10410.85,EUR,FR,VG,velocity_burst,60.0,0
684EAFC0C1396089,2024-03-30,2024-03-30 02:28:59,HELIX_PAYMENTS_025,SOLARIS_FIN_103,128805.87,USD,FR,KY,normal,1776.0,0
686ADAE930BCA162,2024-01-03,2024-01-03 22:37:58,STRATUS_FUND_137,NOVA_TRUST_001,252204.14,HKD,PA,VG,layering,142.0,0
6878B2DF9C6E3E14,2024-03-20,2024-03-20 16:00:20,STRATUS_FUND_157,ZENITH_FUND_087,209900.87,EUR,VG,KY,layering,2916.0,0
689956E1EF6A6798,2024-06-13,2024-06-13 21:30:43,CIPHER_CAPITAL_050,APEX_CREDIT_174,9107.42,SGD,AU,MT,structuring,45.0,0
689967F684A6583A,2024-02-10,2024-02-10 05:23:02,ZENITH_FUND_187,CIPHER_CAPITAL_110,7498.32,HKD,FR,DE,velocity_burst,1.0,1
68AA3657F3740717,2024-02-24,2024-02-24 23:14:27,ZENITH_FUND_027,HELIX_PAYMENTS_065,10067.4,EUR,PA,UK,normal,4550.0,0
68BD6BB8AA5246B0,2024-02-19,2024-02-19 02:40:38,ZENITH_FUND_167,AXIOM_PARTNERS_038,9036.52,CHF,UK,AE,normal,5844.0,0
68C1238312C46256,2024-06-09,2024-06-09 00:15:49,APEX_CREDIT_134,PRIME_HOLDINGS_039,294629.77,HKD,PA,FR,normal,2206.0,0
68CE7C62EBFB9C73,2024-04-06,2024-04-06 13:22:07,STRATUS_FUND_097,DELTA_BANCORP_152,4357.77,AED,AE,VG,normal,15961.0,0
68E446DC865FE523,2024-04-11,2024-04-11 05:14:43,CORONA_CLEARING_196,PRIME_HOLDINGS_059,9485.48,AED,SG,UK,structuring,25.0,0
691655E3C3106F92,2024-02-21,2024-02-21 20:49:49,HELIX_PAYMENTS_085,NEXUS_TRUST_131,6174.87,USD,DE,SG,normal,1007.0,0
69335706C2A47AFA,2024-05-13,2024-05-13 03:22:45,ATLAS_BANCORP_062,SOLARIS_FIN_123,18174.36,CHF,MT,DE,circular_flow,1976.0,0
69415500510EE7DB,2024-01-22,2024-01-22 03:36:04,VORTEX_CREDIT_184,ZENITH_FUND_027,28194.46,USD,KY,CY,normal,7968.0,0
694668D89E42C65D,2024-01-20,2024-01-20 09:55:45,CORONA_CLEARING_136,STRATUS_FUND_157,86026.97,SGD,MT,LI,layering,4917.0,0
694ED08711311D54,2024-01-17,2024-01-17 15:01:14,VERTEX_PAYMENTS_095,QUANTUM_CLEARING_066,9369.9,AED,SG,PA,structuring,387.0,0
6954400570B7D80B,2024-04-21,2024-04-21 10:02:55,CORONA_CLEARING_096,VERTEX_PAYMENTS_095,2106.57,CHF,US,CY,velocity_burst,16.0,1
6964ED77FF43002D,2024-05-05,2024-05-05 01:36:59,AXIOM_PARTNERS_018,ZENITH_FUND_187,2145.27,CHF,PA,JP,normal,1512.0,0
6975233823524CE9,2024-01-05,2024-01-05 11:54:59,OBSIDIAN_PARTNERS_108,STRATUS_FUND_097,16594.13,HKD,VG,CY,circular_flow,522.0,0
697AA239DCDA8517,2024-03-18,2024-03-18 06:20:30,APEX_CREDIT_014,SOLARIS_FIN_123,8138.6,GBP,US,MT,structuring,2531.0,0
698969B66B05580B,2024-04-01,2024-04-01 12:30:44,OMEGA_FIN_093,NEXUS_TRUST_091,90820.26,CHF,PA,LI,layering,172.0,0
69A233DC11FD9D72,2024-06-29,2024-06-29 07:59:49,CORONA_CLEARING_016,NOVA_TRUST_141,8071.08,HKD,FR,MT,normal,2295.0,0
69AA4D4AC668C024,2024-02-20,2024-02-20 01:58:14,VORTEX_CREDIT_064,NOVA_TRUST_001,253557.68,USD,UK,AU,normal,11967.0,0
69B6AACD43280022,2024-02-14,2024-02-14 21:13:26,HELIX_PAYMENTS_025,ZENITH_FUND_007,13172.77,HKD,US,JP,normal,6712.0,0
69C9A36E6A9B356E,2024-02-16,2024-02-16 10:56:22,OMEGA_FIN_193,APEX_CREDIT_074,797.38,AED,DE,VG,normal,1585.0,0
69CD8986D62217CC,2024-01-12,2024-01-12 23:24:56,SOLARIS_FIN_163,OMEGA_FIN_093,619289.91,SGD,VG,SG,normal,1664.0,0
69D71FF62F660A2A,2024-05-14,2024-05-14 08:29:49,DELTA_BANCORP_052,OBSIDIAN_PARTNERS_148,4154.11,HKD,PA,AE,normal,5958.0,0
69E71DA3767C39F9,2024-01-02,2024-01-02 14:26:08,DELTA_BANCORP_152,NEXUS_TRUST_151,13851.71,AED,KY,CY,velocity_burst,757.0,0
69E7E4EEDBA2A405,2024-05-11,2024-05-11 09:46:10,AXIOM_PARTNERS_018,ECLIPSE_HOLDINGS_109,216450.39,HKD,PA,CY,high_risk_jx,2734.0,0
69EC8A12F014439D,2024-02-27,2024-02-27 14:41:54,MERIDIAN_CAPITAL_000,VORTEX_CREDIT_124,8724.38,CHF,FR,JP,structuring,7274.0,0
69F03C13F979EDF6,2024-05-11,2024-05-11 09:00:36,MERIDIAN_CAPITAL_160,NEXUS_TRUST_091,3975.31,CHF,FR,KY,normal,8400.0,0
69F14AFE38ED26BF,2024-04-01,2024-04-01 22:30:00,MERIDIAN_CAPITAL_060,PRIME_HOLDINGS_139,9452.99,GBP,MT,LI,structuring,5454.0,0
69F3FD8C7296EA2E,2024-02-13,2024-02-13 05:10:33,QUANTUM_CLEARING_186,QUANTUM_CLEARING_146,38201.95,HKD,LI,VG,normal,4213.0,0
69F54727F303B644,2024-05-31,2024-05-31 02:01:46,ECLIPSE_HOLDINGS_049,PRIME_HOLDINGS_179,98540.05,SGD,UK,PA,normal,1187.0,0
69F76F5AAF594D49,2024-01-13,2024-01-13 13:57:57,OMEGA_FIN_113,PRIME_HOLDINGS_079,99117.77,AED,PA,AE,normal,9196.0,0
6A12CBCFBD7BBB4B,2024-06-12,2024-06-12 14:49:13,STRATUS_FUND_197,CIPHER_CAPITAL_190,54625.64,GBP,AU,LI,circular_flow,467.0,0
6A1FD1BE726D61D0,2024-01-12,2024-01-12 07:30:51,ZENITH_FUND_107,DELTA_BANCORP_132,6719.69,AED,PA,US,normal,3215.0,0
6A381C0492E1C2F2,2024-02-25,2024-02-25 19:28:02,CIPHER_CAPITAL_150,QUANTUM_CLEARING_086,9441.97,GBP,KY,LI,structuring,12.0,1
6A3F84FD9144543E,2024-03-30,2024-03-30 13:19:15,QUANTUM_CLEARING_126,ATLAS_BANCORP_082,292132.79,USD,UK,FR,normal,2852.0,0
6A433F871E7E0C2,2024-02-29,2024-02-29 00:45:47,VERTEX_PAYMENTS_115,SOLARIS_FIN_063,465360.23,GBP,KY,VG,layering,458.0,0
6A4F8E5FC52849A8,2024-03-19,2024-03-19 23:34:13,VORTEX_CREDIT_044,VERTEX_PAYMENTS_155,11327.23,CHF,DE,AU,normal,1060.0,0
6A500566FF8B196C,2024-04-24,2024-04-24 20:39:56,DELTA_BANCORP_132,HELIX_PAYMENTS_025,968.58,USD,LI,US,normal,3352.0,0
6A58418FD8295F2,2024-02-20,2024-02-20 23:06:11,OMEGA_FIN_193,QUANTUM_CLEARING_146,10025.82,AED,US,MT,normal,3936.0,0
6A5E5E8FAC87078C,2024-02-21,2024-02-21 05:22:29,APEX_CREDIT_034,ECLIPSE_HOLDINGS_049,2571.75,HKD,CY,AU,normal,2854.0,0
6A7F0B63941623A0,2024-04-29,2024-04-29 15:53:46,MERIDIAN_CAPITAL_020,STRATUS_FUND_117,1953.63,SGD,CY,MT,normal,1082.0,0
6A7FB1961F2AC5FC,2024-03-14,2024-03-14 14:23:33,ZENITH_FUND_167,APEX_CREDIT_094,35415.35,SGD,FR,VG,circular_flow,408.0,0
6A87C4603F8FB026,2024-01-02,2024-01-02 14:29:24,DELTA_BANCORP_152,ECLIPSE_HOLDINGS_109,2339.72,EUR,VG,VG,velocity_burst,104.0,0
6A91A64818A16988,2024-02-11,2024-02-11 01:50:50,ATLAS_BANCORP_142,ATLAS_BANCORP_102,5007.42,AED,DE,PA,velocity_burst,45.0,1
6A9987393C946593,2024-02-29,2024-02-29 15:18:40,DELTA_BANCORP_192,HELIX_PAYMENTS_125,500.9,AED,US,LI,normal,5834.0,0
6AA257036CD3801C,2024-01-22,2024-01-22 20:00:27,QUANTUM_CLEARING_166,HELIX_PAYMENTS_185,3823.39,CHF,AE,MT,velocity_burst,1.0,0
6AAD96FEDA9E681B,2024-06-12,2024-06-12 06:08:06,VERTEX_PAYMENTS_055,OBSIDIAN_PARTNERS_048,318.84,CHF,SG,AE,normal,2420.0,0
6ACF2A8768F7B3C7,2024-04-09,2024-04-09 08:00:41,APEX_CREDIT_194,VORTEX_CREDIT_164,8079.13,GBP,AU,AU,structuring,42.0,1
6AD0FD6DDD6A2E29,2024-04-04,2024-04-04 00:41:11,APEX_CREDIT_154,CORONA_CLEARING_176,20977.37,GBP,DE,PA,normal,5067.0,0
6AD14165B96717CE,2024-02-19,2024-02-19 09:34:48,CORONA_CLEARING_196,AXIOM_PARTNERS_178,2183.84,EUR,CY,AE,velocity_burst,32.0,1
6AE3EABA63CA34F4,2024-01-28,2024-01-28 07:05:10,VORTEX_CREDIT_044,PRIME_HOLDINGS_119,39981.63,HKD,SG,LI,normal,15936.0,0
6AF6D7A9C192E8F9,2024-03-27,2024-03-27 06:37:55,QUANTUM_CLEARING_086,STRATUS_FUND_177,10013.92,HKD,JP,UK,normal,413.0,0
6AFD89B9EF71DC26,2024-06-24,2024-06-24 17:41:05,NEXUS_TRUST_131,VERTEX_PAYMENTS_115,8763.22,GBP,UK,AU,structuring,1943.0,0
6B03097B5672FA24,2024-05-31,2024-05-31 16:49:15,MERIDIAN_CAPITAL_000,NOVA_TRUST_061,9587.97,SGD,KY,PA,structuring,10641.0,0
6B1BCF6052F41A8A,2024-01-26,2024-01-26 15:14:39,VERTEX_PAYMENTS_075,VORTEX_CREDIT_004,15198.28,GBP,US,JP,normal,2311.0,0
6B24D53F4A80D334,2024-01-11,2024-01-11 19:21:35,VERTEX_PAYMENTS_155,ECLIPSE_HOLDINGS_149,20618.08,CHF,UK,UK,normal,12677.0,0
6B3719B7EAF00745,2024-03-27,2024-03-27 05:42:14,APEX_CREDIT_174,HELIX_PAYMENTS_045,2086.59,AED,DE,FR,normal,8525.0,0
6B40819A6F192261,2024-06-12,2024-06-12 00:03:03,VORTEX_CREDIT_124,ZENITH_FUND_007,13200.61,GBP,US,FR,normal,6044.0,0
6B5E17F7D1E620D1,2024-06-15,2024-06-15 10:15:41,ATLAS_BANCORP_182,APEX_CREDIT_134,14295.89,HKD,LI,AE,velocity_burst,4.0,0
6B773BBCD4A655A1,2024-02-18,2024-02-18 19:46:28,MERIDIAN_CAPITAL_160,VORTEX_CREDIT_064,59033.13,EUR,LI,FR,layering,8464.0,0
6B8D47888CE4634D,2024-01-29,2024-01-29 13:32:56,DELTA_BANCORP_032,AXIOM_PARTNERS_158,10017.17,GBP,FR,DE,normal,3244.0,0
6B9081CD4DBC7B0,2024-06-22,2024-06-22 23:54:52,CORONA_CLEARING_076,VERTEX_PAYMENTS_115,20439.87,CHF,MT,UK,circular_flow,87.0,0
6B90B48EAC994C6E,2024-05-22,2024-05-22 16:48:53,MERIDIAN_CAPITAL_020,NOVA_TRUST_061,26490.22,EUR,AU,JP,normal,4485.0,0
6B9916BC8F820F67,2024-04-25,2024-04-25 22:39:35,ATLAS_BANCORP_082,NOVA_TRUST_161,9143.73,HKD,US,AE,normal,618.0,0
6B9AB6C13611DE9A,2024-05-03,2024-05-03 11:33:23,AXIOM_PARTNERS_038,APEX_CREDIT_154,411.13,CHF,LI,FR,normal,25728.0,0
6BA171DA2F31DAD,2024-02-10,2024-02-10 14:07:05,OBSIDIAN_PARTNERS_168,QUANTUM_CLEARING_086,9769.22,EUR,SG,SG,structuring,8.0,0
6BA2A14B183D5269,2024-01-06,2024-01-06 01:06:40,VERTEX_PAYMENTS_055,PRIME_HOLDINGS_039,9777.91,EUR,CY,SG,structuring,10.0,0
6BAF06A876468ACA,2024-06-05,2024-06-05 15:44:31,PRIME_HOLDINGS_119,CORONA_CLEARING_196,8360.97,HKD,AU,DE,structuring,3009.0,0
6BAF5FC552A1623C,2024-01-13,2024-01-13 02:20:56,NEXUS_TRUST_111,APEX_CREDIT_014,328541.49,USD,DE,JP,layering,1123.0,0
6BB11B2A19D152AF,2024-05-10,2024-05-10 13:36:16,PRIME_HOLDINGS_019,VORTEX_CREDIT_064,8928.64,CHF,MT,KY,velocity_burst,2.0,0
6BB2647D9DF2647D,2024-01-20,2024-01-20 06:51:53,NEXUS_TRUST_151,AXIOM_PARTNERS_118,870.43,HKD,LI,FR,velocity_burst,5.0,0
6BE1D2BAAFFBC9DB,2024-05-25,2024-05-25 16:40:43,ZENITH_FUND_087,CIPHER_CAPITAL_170,22112.48,HKD,MT,KY,high_risk_jx,16380.0,0
6BEDAFEB31A613B6,2024-06-30,2024-06-30 03:29:21,HELIX_PAYMENTS_185,CORONA_CLEARING_036,6413.14,HKD,VG,KY,normal,20018.0,0
6BF3C7F7C579FCA5,2024-01-01,2024-01-01 14:32:52,MERIDIAN_CAPITAL_160,HELIX_PAYMENTS_045,2158.95,USD,AE,MT,normal,942.0,0
6C11DAFC12170F5A,2024-05-05,2024-05-05 20:43:18,DELTA_BANCORP_112,NEXUS_TRUST_191,108761.55,EUR,FR,MT,normal,2052.0,0
6C1271D22A863238,2024-02-26,2024-02-26 10:24:11,ECLIPSE_HOLDINGS_089,VERTEX_PAYMENTS_035,11715.64,HKD,SG,JP,velocity_burst,49.0,1
6C12F9CAFD652ADF,2024-04-13,2024-04-13 22:54:52,CORONA_CLEARING_156,DELTA_BANCORP_012,29055.81,GBP,SG,AE,normal,2760.0,0
6C1C2AB1965CACAE,2024-03-10,2024-03-10 07:02:19,PRIME_HOLDINGS_159,CORONA_CLEARING_036,8726.68,AED,MT,US,structuring,412.0,0
6C1F4575DB46DA32,2024-04-16,2024-04-16 23:00:36,VERTEX_PAYMENTS_155,NEXUS_TRUST_191,6079.19,GBP,SG,PA,normal,3210.0,0
6C369E5FE790F8F1,2024-02-09,2024-02-09 03:10:01,QUANTUM_CLEARING_086,CIPHER_CAPITAL_110,154630.39,SGD,VG,LI,normal,24955.0,0
6C3B9608FD32C690,2024-01-22,2024-01-22 06:40:07,ECLIPSE_HOLDINGS_069,SOLARIS_FIN_183,3610.61,CHF,AU,KY,velocity_burst,16.0,0
6C3D69A9372FF3CC,2024-03-18,2024-03-18 06:39:12,APEX_CREDIT_014,DELTA_BANCORP_092,9957.22,USD,UK,AE,structuring,492.0,1
6C3D9ADEEBAD6E51,2024-06-24,2024-06-24 17:47:29,NEXUS_TRUST_131,MERIDIAN_CAPITAL_140,9343.84,USD,VG,SG,structuring,76.0,0
6C51D9A1ACDA74E1,2024-05-12,2024-05-12 15:58:41,SOLARIS_FIN_043,STRATUS_FUND_197,514603.66,USD,VG,DE,normal,52199.0,0
6C72AB834F7866FE,2024-06-08,2024-06-08 04:33:18,NEXUS_TRUST_111,ATLAS_BANCORP_142,64252.95,HKD,AU,PA,normal,6650.0,0
6C72DA10CC8F8174,2024-06-08,2024-06-08 05:31:10,ATLAS_BANCORP_102,OMEGA_FIN_153,12424.78,EUR,PA,KY,normal,3472.0,0
6C72E7EB6C348EE6,2024-01-22,2024-01-22 20:03:40,AXIOM_PARTNERS_158,MERIDIAN_CAPITAL_180,452166.06,GBP,VG,PA,normal,82.0,0
6C79979ACE4F84A7,2024-06-30,2024-06-30 23:44:10,OMEGA_FIN_173,NOVA_TRUST_181,6197.08,EUR,CY,MT,normal,7111.0,0
6C950AE8F1024F75,2024-01-03,2024-01-03 05:51:44,AXIOM_PARTNERS_118,VERTEX_PAYMENTS_075,2815.08,SGD,AE,US,velocity_burst,60.0,0
6CAAAA1366F5C920,2024-04-05,2024-04-05 14:12:44,VERTEX_PAYMENTS_115,OMEGA_FIN_013,394675.86,GBP,MT,JP,normal,7615.0,0
6CBCE1E950884F99,2024-03-07,2024-03-07 18:13:54,DELTA_BANCORP_092,OBSIDIAN_PARTNERS_168,7814.94,EUR,SG,US,normal,2977.0,0
6CBEBA8CB0CED59,2024-03-22,2024-03-22 09:47:47,SOLARIS_FIN_063,ZENITH_FUND_167,8049.15,GBP,FR,FR,normal,17467.0,0
6CD11DE922848612,2024-03-27,2024-03-27 17:53:14,APEX_CREDIT_134,NOVA_TRUST_021,16933.83,CHF,JP,DE,normal,3870.0,0
6CDDA802A6BD8704,2024-05-04,2024-05-04 15:52:30,NEXUS_TRUST_071,MERIDIAN_CAPITAL_040,23732.33,HKD,SG,AE,normal,4768.0,0
6CE4877F175A633C,2024-03-30,2024-03-30 17:52:12,CIPHER_CAPITAL_030,NEXUS_TRUST_011,153589.47,USD,KY,JP,normal,5545.0,0
6CEDB7A944978C3E,2024-06-06,2024-06-06 15:50:38,HELIX_PAYMENTS_045,NOVA_TRUST_121,9547.09,AED,DE,VG,normal,8344.0,0
6CF63F70B51B09BC,2024-03-07,2024-03-07 04:22:33,SOLARIS_FIN_163,ZENITH_FUND_087,2790.66,HKD,AE,JP,normal,9827.0,0
6CF7883961218872,2024-02-22,2024-02-22 12:32:31,ZENITH_FUND_007,DELTA_BANCORP_112,7657.8,EUR,CY,LI,normal,806.0,0
6CF937B6CD2103CE,2024-03-03,2024-03-03 02:41:05,ZENITH_FUND_007,QUANTUM_CLEARING_106,8794.1,EUR,UK,PA,structuring,6023.0,0
6D0162FAD1F89516,2024-06-11,2024-06-11 04:38:51,CIPHER_CAPITAL_110,HELIX_PAYMENTS_085,10685.2,HKD,FR,FR,normal,13349.0,0
6D2DE81AA140E2D9,2024-06-14,2024-06-14 23:34:53,STRATUS_FUND_197,PRIME_HOLDINGS_119,9241.07,GBP,FR,SG,structuring,40.0,0
6D41B3EF34E32E52,2024-05-15,2024-05-15 10:32:23,QUANTUM_CLEARING_166,CIPHER_CAPITAL_170,9083.18,USD,FR,VG,velocity_burst,1.0,0
6D7796586D7122BD,2024-02-10,2024-02-10 09:56:40,NOVA_TRUST_061,CORONA_CLEARING_136,1248.69,HKD,VG,DE,normal,1015.0,0
6D7E2846E5C733FC,2024-05-29,2024-05-29 08:36:55,HELIX_PAYMENTS_085,OBSIDIAN_PARTNERS_068,10561.51,AED,AE,LI,velocity_burst,559.0,0
6D87A418B311E5F,2024-01-07,2024-01-07 00:27:48,CIPHER_CAPITAL_190,HELIX_PAYMENTS_085,64680.97,AED,US,SG,normal,286.0,0
6D8C188EADC21EC9,2024-06-06,2024-06-06 08:13:44,VERTEX_PAYMENTS_075,NOVA_TRUST_041,253087.59,SGD,CY,FR,normal,6038.0,0
6D8DCFF5861EAD1D,2024-03-31,2024-03-31 05:58:03,NEXUS_TRUST_151,MERIDIAN_CAPITAL_140,956.39,SGD,CY,MT,normal,5960.0,0
6D8E1617E23C58A9,2024-04-19,2024-04-19 20:18:37,CIPHER_CAPITAL_110,DELTA_BANCORP_112,5259.54,CHF,AE,UK,normal,19836.0,0
6DA1DA4F33582773,2024-03-03,2024-03-03 02:43:31,ZENITH_FUND_007,HELIX_PAYMENTS_025,8461.62,USD,MT,US,structuring,146.0,0
6DAE65B53FDFFCFD,2024-01-17,2024-01-17 14:54:47,VERTEX_PAYMENTS_095,AXIOM_PARTNERS_078,9078.55,SGD,AU,US,structuring,122.0,0
6DBB9B8118371125,2024-03-27,2024-03-27 16:48:44,ZENITH_FUND_047,CIPHER_CAPITAL_090,1614011.78,GBP,PA,AE,normal,14935.0,0
6DBBCF5D3CB689B5,2024-03-07,2024-03-07 00:55:02,DELTA_BANCORP_152,PRIME_HOLDINGS_099,13127.98,EUR,US,AU,normal,1331.0,0
6DBD96362E53715F,2024-02-15,2024-02-15 21:24:35,QUANTUM_CLEARING_086,DELTA_BANCORP_112,2837.31,AED,AE,MT,velocity_burst,68.0,1
6DC313F4A2751479,2024-02-04,2024-02-04 11:31:40,OMEGA_FIN_193,OMEGA_FIN_033,5492.35,GBP,KY,DE,normal,3947.0,0
6DCAD521C4756093,2024-06-29,2024-06-29 19:55:25,AXIOM_PARTNERS_038,AXIOM_PARTNERS_078,8742.54,AED,VG,US,structuring,160.0,1
6DDCE4469ACE5EDD,2024-01-10,2024-01-10 15:57:24,APEX_CREDIT_094,PRIME_HOLDINGS_119,47610.98,USD,AU,VG,normal,8506.0,0
6DEA81C367D01859,2024-01-03,2024-01-03 22:27:31,OMEGA_FIN_173,STRATUS_FUND_137,265478.05,GBP,FR,PA,layering,150.0,0
6DEBF281147F3A0C,2024-02-19,2024-02-19 06:56:01,ATLAS_BANCORP_062,CORONA_CLEARING_116,50088.38,SGD,UK,AU,normal,10914.0,0
6DECA7D34B86C836,2024-01-19,2024-01-19 13:42:54,MERIDIAN_CAPITAL_040,CORONA_CLEARING_036,435664.48,HKD,KY,CY,normal,1490.0,0
6E094A8FD702924E,2024-04-18,2024-04-18 03:18:42,DELTA_BANCORP_072,MERIDIAN_CAPITAL_120,6210.36,AED,VG,UK,velocity_burst,12.0,0
6E16FE8933232E18,2024-03-23,2024-03-23 09:49:08,VERTEX_PAYMENTS_035,CORONA_CLEARING_036,6329.35,SGD,KY,VG,normal,102.0,0
6E231292DAEE2BFD,2024-03-02,2024-03-02 04:28:14,HELIX_PAYMENTS_025,STRATUS_FUND_157,17933.0,HKD,CY,LI,circular_flow,2087.0,0
6E36F7792276DD77,2024-06-01,2024-06-01 18:48:52,OBSIDIAN_PARTNERS_048,OMEGA_FIN_013,9465.39,USD,AU,JP,normal,358.0,0
6E3C0CB420521ED2,2024-04-21,2024-04-21 10:05:43,CORONA_CLEARING_096,ZENITH_FUND_147,8571.72,CHF,SG,FR,velocity_burst,84.0,1
6E69F5ECB46992C0,2024-02-26,2024-02-26 01:21:31,OBSIDIAN_PARTNERS_148,NOVA_TRUST_081,8672.95,CHF,LI,FR,normal,60.0,0
6E7CE0E2E55FDCED,2024-05-04,2024-05-04 23:21:43,APEX_CREDIT_014,CORONA_CLEARING_016,3963.89,SGD,KY,PA,velocity_burst,962.0,0
6E90C24B1EA1587C,2024-04-14,2024-04-14 16:08:31,OBSIDIAN_PARTNERS_128,VORTEX_CREDIT_064,325.91,CHF,MT,DE,normal,7.0,0
6E94C414CAA8523F,2024-05-23,2024-05-23 20:04:13,APEX_CREDIT_054,CIPHER_CAPITAL_190,61611.28,EUR,DE,SG,normal,7481.0,0
6EC55D629C702B93,2024-03-02,2024-03-02 05:39:28,CORONA_CLEARING_196,APEX_CREDIT_174,474954.0,CHF,PA,AU,high_risk_jx,2196.0,0
6ECB8A8699158345,2024-06-11,2024-06-11 20:19:44,OBSIDIAN_PARTNERS_008,OMEGA_FIN_073,5237.9,HKD,DE,JP,normal,661.0,0
6EDE83F564F965A1,2024-02-19,2024-02-19 09:31:09,CORONA_CLEARING_196,VERTEX_PAYMENTS_195,8740.73,SGD,AE,VG,velocity_burst,2.0,0
6EF922F72958962F,2024-06-09,2024-06-09 23:50:17,PRIME_HOLDINGS_039,VORTEX_CREDIT_164,55001.71,HKD,JP,CY,normal,1121.0,0
6F20F4DC4B5064CF,2024-03-30,2024-03-30 05:36:30,STRATUS_FUND_157,QUANTUM_CLEARING_186,224449.68,AED,FR,JP,normal,8542.0,0
6F26AB4EF3876BA3,2024-03-02,2024-03-02 13:46:25,MERIDIAN_CAPITAL_100,CORONA_CLEARING_016,7250.44,HKD,VG,SG,velocity_burst,19.0,0
6F295A667963EFA4,2024-01-13,2024-01-13 23:39:08,DELTA_BANCORP_012,OMEGA_FIN_013,4860.4,AED,DE,DE,velocity_burst,67.0,0
6F3B0F72FABBE9B2,2024-04-29,2024-04-29 03:22:29,OBSIDIAN_PARTNERS_168,QUANTUM_CLEARING_146,7895.94,EUR,JP,JP,velocity_burst,10.0,0
6F4F1FB6FCA5A10C,2024-01-24,2024-01-24 19:49:42,AXIOM_PARTNERS_138,OBSIDIAN_PARTNERS_148,1383.84,HKD,PA,SG,normal,1941.0,0
6F5079FABA797B5B,2024-02-09,2024-02-09 15:50:10,OMEGA_FIN_133,ZENITH_FUND_067,34579.1,GBP,FR,FR,normal,2225.0,0
6F549164BAFFE15E,2024-01-01,2024-01-01 08:40:20,VORTEX_CREDIT_064,NOVA_TRUST_121,64223.33,SGD,AE,US,normal,2015.0,0
6F5C0CB67F3F45CC,2024-02-10,2024-02-10 05:20:31,ZENITH_FUND_187,ECLIPSE_HOLDINGS_089,10257.7,CHF,AU,AE,velocity_burst,10.0,0
6F8F864437AB3209,2024-06-29,2024-06-29 11:20:37,OMEGA_FIN_173,VERTEX_PAYMENTS_055,8635.31,GBP,US,AE,structuring,156.0,1
6FD1B24E69215783,2024-02-17,2024-02-17 10:13:30,ECLIPSE_HOLDINGS_169,NEXUS_TRUST_151,9037.64,SGD,LI,UK,structuring,41.0,1
6FF5DC6694B2377A,2024-01-26,2024-01-26 05:38:44,ECLIPSE_HOLDINGS_089,VORTEX_CREDIT_064,8774.69,CHF,LI,JP,structuring,228.0,0
6FFF59CED80F73C6,2024-04-15,2024-04-15 04:52:45,OBSIDIAN_PARTNERS_168,CORONA_CLEARING_036,15846.51,EUR,AU,US,normal,543.0,0
7010D9B7FB5A87F6,2024-01-13,2024-01-13 23:36:53,DELTA_BANCORP_012,QUANTUM_CLEARING_026,3501.6,SGD,AU,LI,velocity_burst,0.0,0
70129A0424200D42,2024-03-06,2024-03-06 15:48:19,CIPHER_CAPITAL_010,STRATUS_FUND_057,12899.87,SGD,CY,PA,normal,12438.0,0
70166E975577EAC4,2024-04-22,2024-04-22 22:44:01,OMEGA_FIN_053,ECLIPSE_HOLDINGS_069,8136.42,AED,PA,SG,structuring,178.0,0
701A72FD245F7B56,2024-01-28,2024-01-28 11:53:47,OMEGA_FIN_113,VERTEX_PAYMENTS_075,338020.07,EUR,JP,AE,normal,6031.0,0
701DB6DAF361D3DC,2024-04-24,2024-04-24 13:42:21,SOLARIS_FIN_183,AXIOM_PARTNERS_198,56602.34,EUR,PA,KY,normal,212.0,0
702FE8812339039F,2024-02-29,2024-02-29 06:02:38,ECLIPSE_HOLDINGS_149,DELTA_BANCORP_132,395202.25,HKD,KY,KY,layering,1811.0,0
703290313618D732,2024-06-25,2024-06-25 18:36:16,NEXUS_TRUST_131,QUANTUM_CLEARING_106,363470.04,AED,JP,US,normal,3219.0,0
70590BCBC34A3BA9,2024-04-09,2024-04-09 22:54:42,STRATUS_FUND_017,ATLAS_BANCORP_042,4228.35,CHF,DE,JP,normal,4666.0,0
705F3F88E9BEA8E9,2024-06-19,2024-06-19 11:17:27,PRIME_HOLDINGS_039,HELIX_PAYMENTS_065,10400.42,CHF,VG,PA,normal,757.0,0
706F4C5B740573F2,2024-05-08,2024-05-08 11:57:50,OMEGA_FIN_193,OBSIDIAN_PARTNERS_168,1413276.58,EUR,UK,JP,normal,3808.0,0
7074F6A9E4644E3A,2024-07-05,2024-07-05 01:16:32,NOVA_TRUST_161,CIPHER_CAPITAL_030,1157.2,EUR,MT,LI,normal,13698.0,0
7081E086C7DED059,2024-01-02,2024-01-02 16:27:38,CORONA_CLEARING_116,OBSIDIAN_PARTNERS_008,491.25,HKD,AE,LI,normal,3743.0,0
70983C6C99AE454E,2024-03-08,2024-03-08 01:11:30,CIPHER_CAPITAL_170,VORTEX_CREDIT_144,6539.95,EUR,CY,PA,circular_flow,855.0,0
70B79377406CB071,2024-02-26,2024-02-26 01:38:56,APEX_CREDIT_014,OBSIDIAN_PARTNERS_068,4144.65,AED,PA,LI,normal,349.0,0
70DB4DBAE5A1BE25,2024-05-21,2024-05-21 09:33:43,PRIME_HOLDINGS_019,CORONA_CLEARING_016,8799.09,GBP,PA,AE,normal,11852.0,0
70F8C48A9B39D772,2024-01-30,2024-01-30 23:53:56,DELTA_BANCORP_112,MERIDIAN_CAPITAL_080,9418.02,GBP,LI,UK,structuring,102.0,0
7104535973600C79,2024-02-11,2024-02-11 01:47:32,ATLAS_BANCORP_142,QUANTUM_CLEARING_166,10478.96,CHF,KY,AU,velocity_burst,11.0,1
7109165F52A3F410,2024-05-25,2024-05-25 00:38:41,SOLARIS_FIN_143,VORTEX_CREDIT_184,5514.56,EUR,UK,AE,normal,3172.0,0
7111F53A6EE09A57,2024-05-13,2024-05-13 02:07:10,SOLARIS_FIN_103,ECLIPSE_HOLDINGS_109,95856.15,EUR,LI,CY,layering,1502.0,0
71224244B5406903,2024-03-02,2024-03-02 13:47:40,MERIDIAN_CAPITAL_100,MERIDIAN_CAPITAL_000,14171.57,HKD,DE,LI,velocity_burst,32.0,1
712EFFFAF1752C3B,2024-02-22,2024-02-22 00:56:45,NOVA_TRUST_001,OBSIDIAN_PARTNERS_068,9361.6,CHF,UK,US,structuring,78.0,0
712F7E5FB93F6C48,2024-04-01,2024-04-01 15:03:28,STRATUS_FUND_177,CORONA_CLEARING_116,5594.71,USD,CY,SG,velocity_burst,35.0,1
7132E8D4810D8C7E,2024-05-27,2024-05-27 21:22:19,OMEGA_FIN_193,NOVA_TRUST_061,59529.83,AED,MT,KY,layering,329.0,0
713DD3F1DAFA68D9,2024-06-07,2024-06-07 09:29:28,NEXUS_TRUST_191,APEX_CREDIT_014,9865.19,EUR,VG,AU,structuring,5713.0,0
71499CB8FF166186,2024-01-18,2024-01-18 07:04:47,AXIOM_PARTNERS_178,QUANTUM_CLEARING_146,372100.33,HKD,KY,AE,layering,300.0,0
7162D0E8511E9719,2024-01-08,2024-01-08 05:09:14,NEXUS_TRUST_071,VORTEX_CREDIT_004,17487.45,GBP,JP,PA,normal,10837.0,0
7165EFB1A3017413,2024-03-27,2024-03-27 18:22:40,DELTA_BANCORP_072,ECLIPSE_HOLDINGS_189,20138.71,HKD,UK,AE,normal,1766.0,0
716BDB17BF9E9677,2024-01-03,2024-01-03 17:33:03,NOVA_TRUST_021,APEX_CREDIT_194,159165.49,AED,DE,AE,normal,3807.0,0
7171C1B44DD9C774,2024-04-01,2024-04-01 12:55:13,ZENITH_FUND_007,MERIDIAN_CAPITAL_040,8936.45,HKD,SG,JP,velocity_burst,3.0,1
717A56B35EDE7C80,2024-06-13,2024-06-13 22:04:42,NEXUS_TRUST_031,HELIX_PAYMENTS_045,217588.46,CHF,CY,KY,layering,286.0,0
71A84C2E3AF05D37,2024-04-24,2024-04-24 07:15:07,HELIX_PAYMENTS_145,CORONA_CLEARING_136,6356.22,CHF,AU,UK,velocity_burst,1.0,0
71BFB3BB4E295D9F,2024-06-22,2024-06-22 04:49:48,DELTA_BANCORP_152,ZENITH_FUND_027,8291.08,AED,PA,CY,structuring,354.0,1
71CDFB17372ECAB4,2024-01-23,2024-01-23 00:19:24,CIPHER_CAPITAL_090,ZENITH_FUND_067,8530.82,GBP,SG,US,structuring,3646.0,0
71D2225E2BD1A7AC,2024-05-31,2024-05-31 09:15:01,OMEGA_FIN_053,STRATUS_FUND_117,51295.93,USD,CY,KY,circular_flow,12.0,0
71F20632640D9CF9,2024-03-02,2024-03-02 13:45:16,MERIDIAN_CAPITAL_100,AXIOM_PARTNERS_138,13529.16,EUR,DE,AU,velocity_burst,1532.0,0
720479F114C6A6A2,2024-01-05,2024-01-05 11:18:43,STRATUS_FUND_097,OBSIDIAN_PARTNERS_128,16881.3,GBP,VG,FR,circular_flow,1097.0,0
72155EA33B0D2300,2024-06-15,2024-06-15 10:16:07,ATLAS_BANCORP_182,ZENITH_FUND_067,4809.44,CHF,VG,FR,velocity_burst,26.0,0
7235770DEAE127F3,2024-05-09,2024-05-09 09:38:50,APEX_CREDIT_054,NEXUS_TRUST_111,2123.85,USD,LI,JP,normal,21044.0,0
72504BD693F945E2,2024-01-11,2024-01-11 01:51:52,PRIME_HOLDINGS_199,CORONA_CLEARING_196,9923.35,SGD,PA,DE,velocity_burst,34.0,0
726AF1516E071B4,2024-02-29,2024-02-29 13:41:26,OBSIDIAN_PARTNERS_108,DELTA_BANCORP_192,58.35,USD,PA,MT,normal,900.0,0
728D29BDE9EC9ED8,2024-06-07,2024-06-07 04:21:19,CORONA_CLEARING_056,ECLIPSE_HOLDINGS_149,5614.52,GBP,PA,FR,normal,11848.0,0
72B0AE05BB52DDED,2024-05-06,2024-05-06 10:31:23,AXIOM_PARTNERS_178,OMEGA_FIN_033,58640.35,HKD,VG,MT,normal,6064.0,0
72C792F064C67EC8,2024-01-05,2024-01-05 17:49:18,ZENITH_FUND_147,QUANTUM_CLEARING_066,1159584.48,SGD,LI,PA,normal,16508.0,0
72DDE694C1932F5E,2024-03-01,2024-03-01 22:48:13,VORTEX_CREDIT_104,NEXUS_TRUST_051,338565.36,GBP,PA,KY,layering,435.0,0
72DF873523AB678C,2024-04-13,2024-04-13 03:00:04,STRATUS_FUND_197,VERTEX_PAYMENTS_175,21359.25,GBP,LI,SG,normal,36282.0,0
72E0B7611308E78C,2024-02-26,2024-02-26 22:37:59,CIPHER_CAPITAL_130,QUANTUM_CLEARING_006,68328.61,HKD,US,SG,normal,7906.0,0
7318F704FEF6B446,2024-07-08,2024-07-08 07:49:37,DELTA_BANCORP_092,OBSIDIAN_PARTNERS_028,1309.4,USD,MT,CY,normal,3820.0,0
731E40A02F337DB6,2024-05-25,2024-05-25 10:55:04,ECLIPSE_HOLDINGS_009,ECLIPSE_HOLDINGS_129,3926.52,USD,DE,LI,normal,29279.0,0
732CB1B460D5693B,2024-02-03,2024-02-03 10:00:31,OBSIDIAN_PARTNERS_148,SOLARIS_FIN_003,51653.51,EUR,CY,CY,circular_flow,1406.0,0
73356CE2A81E396F,2024-03-18,2024-03-18 18:32:11,APEX_CREDIT_194,CIPHER_CAPITAL_050,51202.03,CHF,MT,CY,normal,1537.0,0
734E020FA9707545,2024-06-26,2024-06-26 15:58:55,PRIME_HOLDINGS_039,CIPHER_CAPITAL_150,371636.34,GBP,PA,MT,layering,580.0,0
7363B29F234193C8,2024-02-11,2024-02-11 01:45:35,SOLARIS_FIN_023,AXIOM_PARTNERS_038,9271.02,AED,MT,US,structuring,36.0,0
736C6E4A78B06C36,2024-02-09,2024-02-09 03:50:04,APEX_CREDIT_094,ECLIPSE_HOLDINGS_029,4239.16,GBP,JP,KY,normal,2403.0,0
73800BDF1241602F,2024-05-10,2024-05-10 13:37:56,PRIME_HOLDINGS_019,HELIX_PAYMENTS_185,12085.67,SGD,US,CY,velocity_burst,36.0,1
73871E7344A3C079,2024-01-18,2024-01-18 06:59:47,NOVA_TRUST_041,PRIME_HOLDINGS_019,61492.94,USD,SG,LI,normal,48.0,0
7390FE48E3D7154A,2024-02-09,2024-02-09 08:59:22,STRATUS_FUND_057,OMEGA_FIN_173,377953.66,EUR,PA,US,layering,506.0,0
739BA30DB788B054,2024-03-13,2024-03-13 23:59:54,OMEGA_FIN_073,APEX_CREDIT_174,8458.0,AED,KY,US,structuring,76.0,0
739D247B2FE4E19F,2024-01-28,2024-01-28 13:36:28,OBSIDIAN_PARTNERS_008,SOLARIS_FIN_103,14594.12,AED,FR,FR,velocity_burst,3.0,0
73AAA00ADD31CB8F,2024-04-04,2024-04-04 03:09:05,QUANTUM_CLEARING_186,MERIDIAN_CAPITAL_080,2323.9,HKD,UK,MT,normal,2699.0,0
73AC92393F7FD271,2024-01-20,2024-01-20 06:52:53,NEXUS_TRUST_151,ATLAS_BANCORP_182,2730.67,SGD,JP,MT,velocity_burst,29.0,0
73B41DD34018A16B,2024-01-20,2024-01-20 02:57:44,APEX_CREDIT_054,ECLIPSE_HOLDINGS_089,7363.67,AED,LI,DE,velocity_burst,28.0,0
73BB60C7E7EA31D1,2024-06-18,2024-06-18 05:47:57,ECLIPSE_HOLDINGS_029,AXIOM_PARTNERS_098,66680.83,EUR,MT,PA,normal,1576.0,0
73F7B30BE2BE4ADA,2024-04-23,2024-04-23 06:46:34,NOVA_TRUST_121,PRIME_HOLDINGS_079,344165.31,HKD,SG,FR,normal,880.0,0
7420501379BC977F,2024-04-05,2024-04-05 00:39:11,ECLIPSE_HOLDINGS_149,CIPHER_CAPITAL_010,42573.54,SGD,UK,DE,normal,5168.0,0
7436D8C12B22E6DB,2024-02-20,2024-02-20 17:58:47,VORTEX_CREDIT_044,OMEGA_FIN_133,6389.53,CHF,LI,US,velocity_burst,2.0,0
7444C69014793979,2024-04-09,2024-04-09 01:23:51,AXIOM_PARTNERS_018,SOLARIS_FIN_183,11561.05,CHF,PA,VG,velocity_burst,17.0,0
744EAE30A939C116,2024-02-25,2024-02-25 19:24:41,CIPHER_CAPITAL_150,DELTA_BANCORP_172,8823.42,EUR,CY,UK,structuring,87.0,0
7454A244A1CC3905,2024-06-21,2024-06-21 04:50:34,QUANTUM_CLEARING_146,APEX_CREDIT_154,4847.91,USD,KY,US,normal,4589.0,0
74555CDCC6009BAD,2024-06-24,2024-06-24 17:45:11,NEXUS_TRUST_131,VERTEX_PAYMENTS_035,8184.17,CHF,UK,VG,structuring,152.0,0
7461D56E497FC927,2024-03-25,2024-03-25 10:01:03,OMEGA_FIN_193,APEX_CREDIT_094,1192.08,HKD,VG,LI,normal,16848.0,0
74648A49AACFC506,2024-01-30,2024-01-30 01:32:14,NEXUS_TRUST_111,ZENITH_FUND_187,212808.9,HKD,MT,JP,high_risk_jx,3847.0,0
746A306DA98C5C96,2024-03-14,2024-03-14 00:15:45,OMEGA_FIN_073,STRATUS_FUND_077,8458.63,AED,AE,PA,structuring,143.0,1
746AF56F862B2394,2024-03-26,2024-03-26 22:04:56,CORONA_CLEARING_056,AXIOM_PARTNERS_158,8630.16,USD,FR,AE,structuring,103.0,0
746F91909BBB530F,2024-06-08,2024-06-08 23:39:03,SOLARIS_FIN_143,AXIOM_PARTNERS_078,4622.32,HKD,MT,SG,normal,2459.0,0
74779267ED22EB49,2024-05-28,2024-05-28 16:29:40,STRATUS_FUND_057,DELTA_BANCORP_012,1185.36,AED,FR,KY,normal,15975.0,0
74781B99D3C7A90,2024-03-08,2024-03-08 00:54:20,VORTEX_CREDIT_044,ECLIPSE_HOLDINGS_089,10269.62,USD,US,UK,velocity_burst,11.0,0
748400ED329A915E,2024-03-05,2024-03-05 14:19:10,ZENITH_FUND_147,NEXUS_TRUST_191,8120.24,EUR,FR,VG,structuring,67.0,0
748D8E53A478FCCF,2024-06-09,2024-06-09 04:51:51,MERIDIAN_CAPITAL_120,STRATUS_FUND_097,2205.91,EUR,UK,CY,normal,1041.0,0
749A1995828B6D55,2024-01-15,2024-01-15 23:51:10,NEXUS_TRUST_071,SOLARIS_FIN_163,35075.95,USD,DE,AU,normal,4167.0,0
74BAC0002903E879,2024-04-02,2024-04-02 23:25:13,STRATUS_FUND_137,QUANTUM_CLEARING_086,128701.96,CHF,PA,KY,normal,1611.0,0
74BC97B99BCE4FDD,2024-03-21,2024-03-21 03:31:02,QUANTUM_CLEARING_026,NEXUS_TRUST_151,145335.86,USD,SG,VG,normal,9709.0,0
74CA84F74FD73277,2024-01-13,2024-01-13 23:37:11,DELTA_BANCORP_012,PRIME_HOLDINGS_099,13494.78,USD,AE,KY,velocity_burst,18.0,0
74EB4C39FEB3C4B0,2024-07-06,2024-07-06 16:27:59,CIPHER_CAPITAL_150,DELTA_BANCORP_052,10590.13,SGD,SG,MT,velocity_burst,20.0,0
74F6012732704897,2024-02-09,2024-02-09 17:24:32,AXIOM_PARTNERS_098,CIPHER_CAPITAL_170,8279.68,GBP,JP,FR,velocity_burst,34.0,0
74FD7B9C41046C34,2024-04-30,2024-04-30 23:37:24,PRIME_HOLDINGS_019,AXIOM_PARTNERS_178,8514.24,AED,FR,LI,normal,5900.0,0
74FE549688602AE6,2024-03-16,2024-03-16 05:12:42,ZENITH_FUND_087,APEX_CREDIT_194,8839.69,HKD,SG,VG,structuring,3.0,1
74FED552BD64A97F,2024-04-26,2024-04-26 03:52:29,AXIOM_PARTNERS_018,QUANTUM_CLEARING_146,110689.33,SGD,AU,VG,normal,5879.0,0
752A2B717143B03E,2024-05-23,2024-05-23 02:17:31,DELTA_BANCORP_152,NOVA_TRUST_161,29411.52,GBP,DE,DE,normal,2078.0,0
7538736DE98E42D4,2024-03-17,2024-03-17 03:27:34,PRIME_HOLDINGS_079,NEXUS_TRUST_111,7863.02,AED,UK,JP,velocity_burst,6.0,0
753D32B13023CE41,2024-06-04,2024-06-04 01:02:45,SOLARIS_FIN_023,PRIME_HOLDINGS_159,83449.61,USD,FR,LI,normal,13892.0,0
753D351D56026F39,2024-03-07,2024-03-07 14:20:37,CIPHER_CAPITAL_110,OMEGA_FIN_033,9899.87,CHF,VG,LI,structuring,575.0,1
754652807E68D5EE,2024-05-01,2024-05-01 05:44:53,APEX_CREDIT_174,PRIME_HOLDINGS_019,3581.82,EUR,US,DE,normal,13047.0,0
75503DAC31AC70EA,2024-03-31,2024-03-31 08:12:56,HELIX_PAYMENTS_065,HELIX_PAYMENTS_085,5933.97,EUR,US,PA,velocity_burst,3.0,1
755FA733937C51E2,2024-02-09,2024-02-09 17:23:37,AXIOM_PARTNERS_098,DELTA_BANCORP_012,5433.75,EUR,JP,DE,velocity_burst,29.0,0
75624C9B696D0F0E,2024-05-16,2024-05-16 07:19:47,OMEGA_FIN_133,QUANTUM_CLEARING_126,426196.63,AED,FR,UK,layering,599.0,0
7576D0066F531ACF,2024-02-02,2024-02-02 00:34:58,APEX_CREDIT_174,SOLARIS_FIN_063,541288.27,GBP,LI,AU,normal,907.0,0
7589201873B913EA,2024-02-17,2024-02-17 20:03:57,ECLIPSE_HOLDINGS_189,OBSIDIAN_PARTNERS_188,16306.91,SGD,MT,JP,normal,4303.0,0
75A31C98536B90F6,2024-03-05,2024-03-05 03:56:39,PRIME_HOLDINGS_139,PRIME_HOLDINGS_099,2286.3,USD,US,JP,velocity_burst,6.0,0
75CB5B74B82F072C,2024-06-07,2024-06-07 00:50:20,QUANTUM_CLEARING_186,DELTA_BANCORP_012,2483.01,HKD,SG,UK,normal,14409.0,0
75CBEF126204A16A,2024-03-09,2024-03-09 01:50:51,ZENITH_FUND_047,SOLARIS_FIN_083,8660.62,AED,FR,VG,structuring,109.0,1
75DF5E1CB91A01B8,2024-01-20,2024-01-20 06:56:42,NEXUS_TRUST_151,PRIME_HOLDINGS_019,4816.23,CHF,CY,CY,velocity_burst,9.0,1
75E1AB05B8AC9983,2024-04-09,2024-04-09 07:59:59,APEX_CREDIT_194,MERIDIAN_CAPITAL_080,8269.11,EUR,FR,PA,structuring,512.0,0
75E2CAC4CD3BA8D,2024-03-14,2024-03-14 23:46:42,ZENITH_FUND_147,STRATUS_FUND_177,3254.26,HKD,FR,VG,velocity_burst,18.0,1
75E4D2C74F0C63ED,2024-01-20,2024-01-20 06:53:40,NEXUS_TRUST_151,OMEGA_FIN_173,10182.21,GBP,KY,DE,velocity_burst,14.0,0
75E87CCF5225BCE2,2024-06-22,2024-06-22 04:33:24,DELTA_BANCORP_152,STRATUS_FUND_117,8071.23,CHF,AU,AU,structuring,157.0,0
75F054FA4F695253,2024-05-18,2024-05-18 06:52:59,ZENITH_FUND_107,AXIOM_PARTNERS_078,68738.19,USD,CY,KY,normal,801.0,0
760C669FD1B9C33,2024-05-29,2024-05-29 02:36:21,HELIX_PAYMENTS_085,STRATUS_FUND_017,6566.32,EUR,PA,KY,normal,6107.0,0
760CDE1F4C9C73CF,2024-03-18,2024-03-18 18:06:34,DELTA_BANCORP_112,VERTEX_PAYMENTS_035,305767.67,HKD,MT,SG,high_risk_jx,11085.0,0
760D42F2A252829D,2024-01-22,2024-01-22 06:39:44,ECLIPSE_HOLDINGS_069,VERTEX_PAYMENTS_195,3777.0,GBP,MT,PA,velocity_burst,7.0,0
7628A4884A355706,2024-02-29,2024-02-29 01:12:51,ECLIPSE_HOLDINGS_009,ATLAS_BANCORP_182,155.11,EUR,DE,JP,normal,480.0,0
762D03B333241D50,2024-02-28,2024-02-28 12:20:00,SOLARIS_FIN_163,PRIME_HOLDINGS_119,9699.6,CHF,FR,LI,normal,18088.0,0
7637CA82AE4B202E,2024-05-18,2024-05-18 14:20:28,DELTA_BANCORP_132,QUANTUM_CLEARING_166,25139.94,HKD,UK,VG,normal,8049.0,0
76603FC59A62505,2024-03-25,2024-03-25 17:01:29,SOLARIS_FIN_163,NOVA_TRUST_121,277764.9,GBP,LI,LI,normal,25226.0,0
7661F3869EAABF3A,2024-02-11,2024-02-11 01:45:57,ATLAS_BANCORP_142,NOVA_TRUST_081,9054.21,USD,UK,AE,velocity_burst,4.0,0
769B600BDBEA1FAB,2024-05-02,2024-05-02 04:01:07,CIPHER_CAPITAL_090,ECLIPSE_HOLDINGS_029,8919.53,AED,KY,PA,velocity_burst,14.0,0
769D6CA4644EF9B0,2024-06-09,2024-06-09 00:43:33,VORTEX_CREDIT_004,QUANTUM_CLEARING_026,3479.29,HKD,MT,VG,velocity_burst,9.0,0
76A00DFF58D9F1,2024-04-25,2024-04-25 17:17:02,VERTEX_PAYMENTS_195,NEXUS_TRUST_191,1969.76,EUR,VG,DE,normal,20.0,0
76BEA265C7DB2CA5,2024-03-24,2024-03-24 07:52:44,APEX_CREDIT_174,ZENITH_FUND_147,21946.67,HKD,SG,SG,normal,1382.0,0
76CA1725967E9F9E,2024-01-28,2024-01-28 23:30:38,ECLIPSE_HOLDINGS_149,PRIME_HOLDINGS_059,9280.09,GBP,FR,DE,structuring,124.0,0
76CF5071E8704560,2024-02-11,2024-02-11 21:57:06,AXIOM_PARTNERS_018,ECLIPSE_HOLDINGS_149,8867.21,EUR,MT,KY,normal,2331.0,0
76CF9C82C37A555C,2024-01-20,2024-01-20 06:51:48,NEXUS_TRUST_151,STRATUS_FUND_137,11310.5,EUR,JP,MT,velocity_burst,984.0,0
76D473676C90499E,2024-06-28,2024-06-28 04:26:12,NEXUS_TRUST_031,AXIOM_PARTNERS_198,8878.29,GBP,US,CY,velocity_burst,16.0,1
76DBF73ED17AC466,2024-05-19,2024-05-19 19:48:54,ECLIPSE_HOLDINGS_169,QUANTUM_CLEARING_166,4155.8,SGD,VG,JP,velocity_burst,10.0,0
76DF97B1D50EB984,2024-05-24,2024-05-24 21:19:23,DELTA_BANCORP_192,ZENITH_FUND_047,1276641.23,EUR,MT,JP,normal,462.0,0
76E86989D3DC8EE2,2024-03-05,2024-03-05 03:57:45,PRIME_HOLDINGS_139,NOVA_TRUST_121,7156.26,USD,PA,SG,velocity_burst,66.0,0
76F4782AF396CECC,2024-04-06,2024-04-06 15:04:49,HELIX_PAYMENTS_045,DELTA_BANCORP_012,8676.51,CHF,JP,KY,velocity_burst,741.0,0
76F5B066DC61142,2024-01-27,2024-01-27 03:06:17,STRATUS_FUND_017,CORONA_CLEARING_116,908.13,CHF,AE,JP,normal,719.0,0
7702AD36E71566EE,2024-05-09,2024-05-09 16:53:22,NOVA_TRUST_181,NOVA_TRUST_141,352762.12,SGD,LI,LI,layering,835.0,0
77198F4E36644873,2024-01-02,2024-01-02 12:16:16,MERIDIAN_CAPITAL_000,ZENITH_FUND_087,8950.07,SGD,US,AE,velocity_burst,12.0,0
771E4FA6A1672FD7,2024-06-29,2024-06-29 00:31:38,ATLAS_BANCORP_082,DELTA_BANCORP_152,10200.65,HKD,AE,VG,velocity_burst,50.0,0
772A4CF7F1078C5D,2024-06-01,2024-06-01 14:28:03,OBSIDIAN_PARTNERS_168,APEX_CREDIT_194,355022.44,SGD,VG,VG,layering,653.0,0
773B7B88239464A7,2024-01-15,2024-01-15 05:16:44,OBSIDIAN_PARTNERS_048,AXIOM_PARTNERS_058,11945.69,AED,MT,SG,normal,1513.0,0
773DE5E24419D256,2024-06-11,2024-06-11 13:36:58,ZENITH_FUND_087,CIPHER_CAPITAL_010,9649.05,AED,DE,PA,structuring,127.0,0
77459C1867C09FE8,2024-05-20,2024-05-20 20:28:33,NEXUS_TRUST_111,ATLAS_BANCORP_142,9181.43,USD,AE,LI,structuring,57.0,0
77482CBF6AC5AD5D,2024-05-29,2024-05-29 08:38:23,HELIX_PAYMENTS_085,SOLARIS_FIN_023,5603.5,HKD,KY,SG,velocity_burst,4.0,1
776B7FED1BAF1C63,2024-04-06,2024-04-06 13:52:30,ZENITH_FUND_107,DELTA_BANCORP_192,100606.29,HKD,US,AU,normal,736.0,0
776DA3717ABC26D2,2024-06-23,2024-06-23 19:19:30,PRIME_HOLDINGS_039,AXIOM_PARTNERS_138,795458.41,GBP,CY,SG,normal,12802.0,0
777A638CDA6CC9BD,2024-02-28,2024-02-28 01:28:06,HELIX_PAYMENTS_185,ZENITH_FUND_067,248956.8,USD,CY,DE,normal,6065.0,0
777EE150A1F76C5F,2024-04-01,2024-04-01 04:01:13,MERIDIAN_CAPITAL_160,SOLARIS_FIN_063,9858.96,EUR,DE,UK,structuring,60.0,0
779A74D238F8A6FA,2024-06-13,2024-06-13 05:59:21,SOLARIS_FIN_183,DELTA_BANCORP_092,113035.67,USD,DE,KY,layering,1652.0,0
77BF6EC0821864D6,2024-04-13,2024-04-13 09:14:35,QUANTUM_CLEARING_106,NEXUS_TRUST_151,207.03,CHF,JP,JP,normal,3013.0,0
77D524CD5911FBB5,2024-03-14,2024-03-14 14:47:30,NOVA_TRUST_021,VORTEX_CREDIT_024,33815.45,CHF,FR,VG,circular_flow,17.0,0
77DDA14D87CE3DCC,2024-05-18,2024-05-18 16:31:55,STRATUS_FUND_017,SOLARIS_FIN_183,9481.55,USD,US,UK,structuring,106.0,0
780866F5DC926B5E,2024-04-01,2024-04-01 15:00:46,STRATUS_FUND_177,ATLAS_BANCORP_142,1422.74,GBP,AU,UK,velocity_burst,8.0,0
780996119E2AE6CD,2024-05-09,2024-05-09 16:28:06,NEXUS_TRUST_051,ZENITH_FUND_087,433099.34,HKD,DE,AE,layering,728.0,0
780DA4038ED243D4,2024-06-03,2024-06-03 14:36:27,ZENITH_FUND_027,ZENITH_FUND_107,9596.41,EUR,AE,US,normal,18.0,0
7816DB3B85D0D049,2024-04-19,2024-04-19 23:45:41,SOLARIS_FIN_003,OBSIDIAN_PARTNERS_068,8535.34,USD,JP,PA,normal,703.0,0
783708E475B08B09,2024-04-01,2024-04-01 09:46:28,QUANTUM_CLEARING_166,OMEGA_FIN_073,8695.15,AED,CY,VG,structuring,422.0,1
784213E36CD8AF2B,2024-06-07,2024-06-07 09:37:02,NEXUS_TRUST_191,OBSIDIAN_PARTNERS_188,8311.13,HKD,PA,SG,structuring,200.0,0
78550678EECE4307,2024-04-06,2024-04-06 17:35:11,NOVA_TRUST_141,STRATUS_FUND_057,132645.85,EUR,KY,UK,normal,6752.0,0
7859CC334526F895,2024-03-28,2024-03-28 09:31:50,QUANTUM_CLEARING_166,PRIME_HOLDINGS_099,243122.5,SGD,AE,KY,layering,907.0,0
78633664CC178ED3,2024-04-16,2024-04-16 19:07:42,NEXUS_TRUST_011,ATLAS_BANCORP_082,15083.52,AED,US,KY,normal,4001.0,0
78682D95D84FC5CC,2024-04-20,2024-04-20 06:38:03,ZENITH_FUND_187,ECLIPSE_HOLDINGS_149,8532.71,AED,UK,VG,structuring,174.0,0
786ADC8E62C607C3,2024-03-02,2024-03-02 13:46:32,MERIDIAN_CAPITAL_100,APEX_CREDIT_134,11592.5,AED,LI,AE,velocity_burst,4.0,1
7876D9E6F4381B5D,2024-06-25,2024-06-25 01:36:49,VERTEX_PAYMENTS_055,PRIME_HOLDINGS_139,34014.85,AED,CY,AU,normal,2288.0,0
7885FF0D64FF37A2,2024-06-13,2024-06-13 21:31:28,CIPHER_CAPITAL_050,NEXUS_TRUST_091,8417.65,CHF,SG,CY,structuring,45.0,0
788DFFEBEC690164,2024-04-24,2024-04-24 07:15:11,HELIX_PAYMENTS_145,CORONA_CLEARING_196,858.84,CHF,DE,AE,velocity_burst,4.0,0
789686C882A63ECF,2024-03-09,2024-03-09 13:39:35,APEX_CREDIT_034,VERTEX_PAYMENTS_115,63646.93,HKD,AU,KY,normal,68.0,0
78AF1E5660AC57F8,2024-03-24,2024-03-24 13:37:49,APEX_CREDIT_054,OMEGA_FIN_173,362365.92,HKD,PA,KY,layering,545.0,0
78B3390AF2088572,2024-03-17,2024-03-17 10:37:53,MERIDIAN_CAPITAL_120,OMEGA_FIN_193,198.58,USD,SG,PA,normal,175.0,0
78D775273BE11BEE,2024-01-23,2024-01-23 03:07:31,OBSIDIAN_PARTNERS_088,CIPHER_CAPITAL_130,523.5,SGD,VG,CY,normal,2675.0,0
790E72023D797B00,2024-05-15,2024-05-15 12:25:01,STRATUS_FUND_037,OBSIDIAN_PARTNERS_048,23493.86,USD,AE,CY,normal,878.0,0
791F0CFA846B1498,2024-03-14,2024-03-14 23:50:33,VORTEX_CREDIT_084,STRATUS_FUND_157,44313.03,AED,KY,FR,normal,13.0,0
79332BB7ED80235F,2024-03-19,2024-03-19 13:32:06,HELIX_PAYMENTS_185,SOLARIS_FIN_103,2663.66,AED,VG,FR,normal,2064.0,0
7947F5C1E74D8E2B,2024-04-05,2024-04-05 22:45:10,HELIX_PAYMENTS_145,HELIX_PAYMENTS_085,28215.79,EUR,DE,LI,normal,4470.0,0
7949A1588E2CF00B,2024-03-09,2024-03-09 19:26:29,ATLAS_BANCORP_042,CORONA_CLEARING_176,323500.59,AED,AE,CY,high_risk_jx,1464.0,0
7961179C7449A192,2024-04-23,2024-04-23 00:33:06,QUANTUM_CLEARING_146,SOLARIS_FIN_043,58216.63,GBP,DE,DE,normal,2531.0,0
7962C7E9A7D5C094,2024-05-23,2024-05-23 13:19:28,MERIDIAN_CAPITAL_020,OBSIDIAN_PARTNERS_068,445151.39,HKD,US,DE,normal,1632.0,0
79711BE790FCC643,2024-06-13,2024-06-13 21:33:36,CIPHER_CAPITAL_050,VERTEX_PAYMENTS_175,8508.22,SGD,AE,AU,structuring,128.0,0
79747C4414018B2A,2024-04-24,2024-04-24 07:15:26,HELIX_PAYMENTS_145,NEXUS_TRUST_091,14746.6,SGD,CY,MT,velocity_burst,3.0,1
79A4F36DC5C462F3,2024-04-22,2024-04-22 07:08:58,OMEGA_FIN_053,ATLAS_BANCORP_102,6969.73,CHF,FR,FR,normal,1167.0,0
79BF0488ABC616C4,2024-01-22,2024-01-22 06:09:32,PRIME_HOLDINGS_099,ZENITH_FUND_147,5627.68,CHF,SG,DE,velocity_burst,6.0,0
79C4FC2F65D704E5,2024-05-31,2024-05-31 19:16:27,OBSIDIAN_PARTNERS_028,SOLARIS_FIN_143,7055.38,GBP,KY,US,velocity_burst,9.0,0
79C593ECA62FA0CA,2024-01-13,2024-01-13 23:36:47,DELTA_BANCORP_012,AXIOM_PARTNERS_038,11755.61,EUR,VG,DE,velocity_burst,5.0,0
79C70CA771580FD,2024-03-30,2024-03-30 13:48:37,DELTA_BANCORP_112,SOLARIS_FIN_183,6821.59,HKD,KY,KY,velocity_burst,10.0,1
79CFFFAF4496C1D6,2024-01-27,2024-01-27 02:54:18,QUANTUM_CLEARING_166,VORTEX_CREDIT_004,78174.85,GBP,US,SG,normal,8199.0,0
79EC62F27A84BD71,2024-01-23,2024-01-23 00:22:52,CIPHER_CAPITAL_090,OMEGA_FIN_193,8492.8,SGD,LI,MT,structuring,73.0,0
79F5800C31C567F7,2024-03-01,2024-03-01 13:20:38,AXIOM_PARTNERS_198,HELIX_PAYMENTS_045,69305.67,CHF,DE,UK,normal,1287.0,0
7A0B419351C361BC,2024-02-04,2024-02-04 17:02:19,SOLARIS_FIN_003,ZENITH_FUND_067,10058.95,USD,UK,US,normal,1468.0,0
7A13F5B584146838,2024-04-17,2024-04-17 14:03:19,ATLAS_BANCORP_022,NEXUS_TRUST_111,22097.6,HKD,KY,PA,normal,25062.0,0
7A1C7199E2F988B3,2024-01-25,2024-01-25 22:43:39,STRATUS_FUND_157,NOVA_TRUST_161,163116.34,AED,US,JP,normal,22955.0,0
7A1DB6A2383FAA85,2024-03-24,2024-03-24 09:06:12,MERIDIAN_CAPITAL_080,CORONA_CLEARING_136,128.77,USD,PA,VG,normal,3161.0,0
7A4AEADE5229CF82,2024-02-10,2024-02-10 21:29:09,VERTEX_PAYMENTS_195,CIPHER_CAPITAL_170,9349.96,CHF,DE,US,structuring,112.0,0
7A4D90A9E6350DDC,2024-03-04,2024-03-04 22:39:03,NEXUS_TRUST_151,SOLARIS_FIN_163,1563.7,CHF,LI,LI,velocity_burst,44.0,1
7A50813F709130AD,2024-01-14,2024-01-14 11:51:48,OMEGA_FIN_033,VERTEX_PAYMENTS_015,129193.29,EUR,US,VG,normal,16991.0,0
7A59ADAC9517F450,2024-02-23,2024-02-23 11:45:00,OBSIDIAN_PARTNERS_068,PRIME_HOLDINGS_139,66868.9,USD,AE,US,normal,3489.0,0
7A61667CFC4CBD92,2024-01-20,2024-01-20 06:55:42,NEXUS_TRUST_151,APEX_CREDIT_094,4901.4,AED,CY,UK,velocity_burst,2.0,1
7A826CC4806129EF,2024-01-13,2024-01-13 10:26:22,APEX_CREDIT_014,OMEGA_FIN_153,450131.13,GBP,CY,UK,layering,375.0,0
7A8C1F0BC4F5490A,2024-03-28,2024-03-28 05:04:26,ZENITH_FUND_087,SOLARIS_FIN_143,6384.76,HKD,DE,VG,velocity_burst,21.0,0
7A8EA5415C65E281,2024-02-29,2024-02-29 01:24:05,NOVA_TRUST_121,ATLAS_BANCORP_102,398988.22,CHF,CY,UK,layering,674.0,0
7A93A0A556F24A27,2024-06-13,2024-06-13 04:46:02,STRATUS_FUND_077,HELIX_PAYMENTS_165,3384.72,GBP,VG,MT,normal,7146.0,0
7AA1F9C2C56D44E8,2024-03-27,2024-03-27 23:50:43,NOVA_TRUST_181,ATLAS_BANCORP_102,5205.19,GBP,UK,SG,normal,13517.0,0
7AA898F0AA17B66B,2024-02-13,2024-02-13 14:22:05,ZENITH_FUND_027,OBSIDIAN_PARTNERS_068,872.79,HKD,LI,AE,normal,4607.0,0
7AAB11FD825201B9,2024-04-21,2024-04-21 10:01:59,CORONA_CLEARING_096,QUANTUM_CLEARING_006,3963.67,GBP,KY,AU,velocity_burst,2.0,0
7AAD589DCCB72BB8,2024-06-06,2024-06-06 09:46:19,OMEGA_FIN_053,OMEGA_FIN_173,11940.08,SGD,FR,AE,velocity_burst,15.0,0
7AADBBC0603EEABE,2024-05-08,2024-05-08 17:38:35,QUANTUM_CLEARING_186,NOVA_TRUST_121,9483.69,HKD,JP,DE,structuring,81.0,0
7AB56385AC1F557E,2024-06-12,2024-06-12 14:22:22,CIPHER_CAPITAL_130,QUANTUM_CLEARING_126,121774.05,CHF,VG,UK,normal,276.0,0
7AEAA39BC3FCC9A0,2024-01-06,2024-01-06 14:39:54,ZENITH_FUND_027,STRATUS_FUND_017,46952.66,SGD,DE,DE,circular_flow,459.0,0
7AFB469CB8D65CFD,2024-03-16,2024-03-16 05:12:53,ZENITH_FUND_087,ECLIPSE_HOLDINGS_049,8820.78,GBP,AU,SG,structuring,11.0,1
7B0109CBBBCE14AC,2024-03-21,2024-03-21 14:11:23,STRATUS_FUND_137,APEX_CREDIT_174,1016.92,HKD,KY,AE,normal,20184.0,0
7B1014C752DCC8C3,2024-06-09,2024-06-09 13:06:53,DELTA_BANCORP_032,CORONA_CLEARING_156,1705.17,CHF,UK,FR,normal,1396.0,0
7B12B0BAE2E062E4,2024-02-13,2024-02-13 03:54:38,MERIDIAN_CAPITAL_060,VORTEX_CREDIT_004,7291.2,GBP,JP,LI,velocity_burst,6.0,0
7B1CA1EC56487624,2024-03-29,2024-03-29 04:45:24,QUANTUM_CLEARING_166,VERTEX_PAYMENTS_015,318751.15,EUR,UK,SG,normal,4708.0,0
7B1CC59636C5F68F,2024-03-11,2024-03-11 14:03:20,APEX_CREDIT_074,DELTA_BANCORP_032,309.0,SGD,AE,DE,normal,5583.0,0
7B2BCD87BAAE4FC9,2024-05-10,2024-05-10 07:33:10,VORTEX_CREDIT_184,SOLARIS_FIN_083,9511.28,USD,MT,VG,velocity_burst,13.0,1
7B4F3F423B130F9F,2024-05-08,2024-05-08 17:48:12,QUANTUM_CLEARING_186,ZENITH_FUND_027,9259.98,EUR,DE,MT,structuring,577.0,1
7B4FA27EF6BAC3A7,2024-06-29,2024-06-29 21:30:01,STRATUS_FUND_117,ZENITH_FUND_087,20676.36,EUR,MT,VG,normal,2216.0,0
7B4FBF7E42A03C1E,2024-03-02,2024-03-02 13:45:20,MERIDIAN_CAPITAL_100,ATLAS_BANCORP_062,6038.79,SGD,VG,AU,velocity_burst,4.0,0
7B5A5727A405B38A,2024-06-07,2024-06-07 01:03:51,AXIOM_PARTNERS_078,PRIME_HOLDINGS_119,180394.15,HKD,LI,SG,normal,811.0,0
7B65A5BE4ED5E727,2024-03-08,2024-03-08 05:03:34,STRATUS_FUND_197,OBSIDIAN_PARTNERS_168,234.75,SGD,CY,MT,normal,10442.0,0
7B7F7519E33B8F9F,2024-04-01,2024-04-01 12:40:17,MERIDIAN_CAPITAL_120,DELTA_BANCORP_172,73973.67,USD,KY,AE,layering,573.0,0
7B8DE3D659552676,2024-06-14,2024-06-14 06:16:49,STRATUS_FUND_097,NOVA_TRUST_061,79592.34,CHF,AE,FR,normal,8319.0,0
7B91E80871A83F39,2024-05-12,2024-05-12 18:51:41,NOVA_TRUST_161,OBSIDIAN_PARTNERS_048,4273.61,USD,SG,KY,normal,10380.0,0
7B9905B2C6D30F63,2024-06-01,2024-06-01 03:57:03,OBSIDIAN_PARTNERS_108,VORTEX_CREDIT_144,8266.49,USD,MT,US,normal,4955.0,0
7BABBCEE641FAD75,2024-05-31,2024-05-31 19:16:02,OBSIDIAN_PARTNERS_028,ECLIPSE_HOLDINGS_049,13484.01,GBP,AE,CY,velocity_burst,2860.0,0
7BAE6251FAEC8F27,2024-04-14,2024-04-14 13:16:08,SOLARIS_FIN_083,PRIME_HOLDINGS_059,9986.31,EUR,PA,US,normal,12581.0,0
7BB46D90CE1AE82F,2024-04-13,2024-04-13 08:15:47,STRATUS_FUND_037,ATLAS_BANCORP_062,4649.38,GBP,DE,MT,normal,2504.0,0
7BB51B5163A844F1,2024-03-19,2024-03-19 08:46:36,STRATUS_FUND_137,OBSIDIAN_PARTNERS_108,9714.18,SGD,MT,MT,structuring,90.0,0
7BB873E963E514AC,2024-04-28,2024-04-28 05:41:06,APEX_CREDIT_194,QUANTUM_CLEARING_006,75634.96,HKD,AU,LI,normal,1116.0,0
7BBE9B4C10E684F6,2024-06-02,2024-06-02 22:40:14,HELIX_PAYMENTS_165,NOVA_TRUST_021,1525.0,HKD,AU,US,normal,15324.0,0
7BDAE3CF37AAB457,2024-03-02,2024-03-02 13:47:08,MERIDIAN_CAPITAL_100,MERIDIAN_CAPITAL_020,14187.0,SGD,VG,MT,velocity_burst,12.0,1
7BE5C916BF4DCB6E,2024-03-18,2024-03-18 10:24:40,OMEGA_FIN_013,AXIOM_PARTNERS_178,22778.76,EUR,CY,CY,normal,6080.0,0
7BECE4419489A264,2024-06-29,2024-06-29 01:13:12,SOLARIS_FIN_143,DELTA_BANCORP_112,96.6,CHF,PA,CY,normal,1422.0,0
7BEE1A806FFF2862,2024-05-16,2024-05-16 18:31:53,AXIOM_PARTNERS_158,NOVA_TRUST_061,8870.2,HKD,UK,US,structuring,8019.0,0
7BF5BE05CDFA615B,2024-03-30,2024-03-30 13:46:27,DELTA_BANCORP_112,OMEGA_FIN_193,4420.15,AED,CY,PA,velocity_burst,1632.0,0
7C39896036D4A5D2,2024-06-03,2024-06-03 05:06:37,ECLIPSE_HOLDINGS_009,QUANTUM_CLEARING_006,9032.2,AED,AU,JP,structuring,100.0,1
7C3C3BE0203131EA,2024-03-16,2024-03-16 16:35:10,OBSIDIAN_PARTNERS_108,CORONA_CLEARING_136,30698.18,SGD,CY,VG,normal,616.0,0
7C47874F82C03747,2024-02-15,2024-02-15 21:27:05,QUANTUM_CLEARING_086,HELIX_PAYMENTS_125,6387.11,EUR,AE,FR,velocity_burst,101.0,1
7C522C1B13B34E32,2024-02-20,2024-02-20 17:59:40,VORTEX_CREDIT_044,VERTEX_PAYMENTS_015,4913.17,HKD,AU,LI,velocity_burst,33.0,0
7C55F0A480EF79B0,2024-01-11,2024-01-11 11:38:43,QUANTUM_CLEARING_146,STRATUS_FUND_037,21298.23,AED,MT,AU,circular_flow,1706.0,0
7C8E733256F9B71B,2024-02-20,2024-02-20 05:59:19,CIPHER_CAPITAL_070,OMEGA_FIN_113,97680.73,SGD,VG,MT,layering,1952.0,0
7C989D591FE1CB0,2024-03-31,2024-03-31 08:12:29,HELIX_PAYMENTS_065,QUANTUM_CLEARING_066,10910.12,HKD,US,JP,velocity_burst,14.0,1
7CB29C83C1EB8891,2024-03-18,2024-03-18 21:52:17,OBSIDIAN_PARTNERS_148,CIPHER_CAPITAL_190,8137.92,CHF,KY,AE,structuring,270.0,0
7CCF94FAC6E4E5B4,2024-04-15,2024-04-15 05:40:14,APEX_CREDIT_194,NEXUS_TRUST_051,368.7,SGD,UK,CY,normal,2778.0,0
7CD54D04B778866A,2024-03-29,2024-03-29 21:54:26,CIPHER_CAPITAL_070,OMEGA_FIN_173,8375.22,CHF,VG,CY,normal,19264.0,0
7CDB73B39A0C6CAA,2024-02-05,2024-02-05 18:26:03,ATLAS_BANCORP_002,NOVA_TRUST_141,2440.14,USD,DE,DE,velocity_burst,8.0,0
7CDE467BF2AB3426,2024-03-06,2024-03-06 08:23:09,QUANTUM_CLEARING_166,AXIOM_PARTNERS_178,8624.26,CHF,VG,KY,velocity_burst,6.0,0
7CEC01851B1811EE,2024-01-01,2024-01-01 23:42:56,VORTEX_CREDIT_044,ATLAS_BANCORP_122,15680.38,GBP,CY,PA,normal,3086.0,0
7CFE136CAAECCE37,2024-02-04,2024-02-04 13:02:39,PRIME_HOLDINGS_039,OBSIDIAN_PARTNERS_128,11157.37,HKD,UK,AE,normal,590.0,0
7D0BA62C112CEEAA,2024-03-30,2024-03-30 13:53:07,DELTA_BANCORP_112,ZENITH_FUND_027,12735.88,HKD,FR,UK,velocity_burst,162.0,1
7D1060D8896B2FE8,2024-03-15,2024-03-15 22:04:34,HELIX_PAYMENTS_005,NEXUS_TRUST_011,1415.61,HKD,FR,VG,normal,6599.0,0
7D1CF52D91953EEC,2024-06-22,2024-06-22 23:45:25,ZENITH_FUND_167,CORONA_CLEARING_076,18773.97,GBP,JP,FR,circular_flow,1521.0,0
7D1E18ECFC2421FB,2024-01-20,2024-01-20 08:33:48,ECLIPSE_HOLDINGS_069,NOVA_TRUST_141,51003.36,EUR,FR,JP,normal,5826.0,0
7D27619914D14C1F,2024-02-15,2024-02-15 21:22:15,QUANTUM_CLEARING_086,APEX_CREDIT_054,661.12,GBP,SG,PA,velocity_burst,2000.0,0
7D33D67E54375CE6,2024-01-22,2024-01-22 09:35:43,ATLAS_BANCORP_162,ATLAS_BANCORP_042,8843.8,CHF,UK,PA,structuring,84.0,0
7D38E4F1A361702A,2024-02-06,2024-02-06 04:36:54,APEX_CREDIT_094,AXIOM_PARTNERS_118,554035.67,GBP,FR,JP,normal,1382.0,0
7D3C5967344324D9,2024-03-05,2024-03-05 05:32:10,OMEGA_FIN_033,CORONA_CLEARING_176,8887.72,CHF,MT,PA,structuring,3933.0,0
7D49FDAAAED42645,2024-04-06,2024-04-06 08:56:06,ZENITH_FUND_147,APEX_CREDIT_194,165141.47,EUR,AU,SG,normal,7810.0,0
7D4B4722735B124,2024-01-08,2024-01-08 01:59:52,VERTEX_PAYMENTS_195,CORONA_CLEARING_076,3039.17,USD,CY,LI,normal,11732.0,0
7D51C26769565A7C,2024-01-10,2024-01-10 07:23:37,OMEGA_FIN_013,AXIOM_PARTNERS_058,170959.39,GBP,KY,MT,normal,2320.0,0
7D5EF9EF68AACE1E,2024-01-22,2024-01-22 06:40:53,ECLIPSE_HOLDINGS_069,ZENITH_FUND_087,1537.9,EUR,SG,JP,velocity_burst,6.0,1
7D69494DC4AEE8DA,2024-01-27,2024-01-27 17:38:05,ZENITH_FUND_187,VERTEX_PAYMENTS_195,31134.5,SGD,JP,AE,normal,6456.0,0
7D6A05E7A868AB87,2024-04-30,2024-04-30 13:40:35,QUANTUM_CLEARING_006,MERIDIAN_CAPITAL_180,9343.98,AED,KY,LI,structuring,77.0,0
7D77A07BCC8845E4,2024-03-19,2024-03-19 08:45:06,STRATUS_FUND_137,APEX_CREDIT_014,8516.04,AED,SG,US,structuring,126.0,0
7D8DF8355678CB70,2024-06-04,2024-06-04 02:50:22,SOLARIS_FIN_043,MERIDIAN_CAPITAL_120,18762.77,HKD,SG,SG,normal,73.0,0
7DA40E4E46FCFAD6,2024-02-25,2024-02-25 22:46:14,APEX_CREDIT_034,MERIDIAN_CAPITAL_120,272621.27,HKD,MT,KY,normal,5801.0,0
7DA877539C943F80,2024-06-06,2024-06-06 04:08:33,CIPHER_CAPITAL_010,VERTEX_PAYMENTS_015,10196.18,GBP,PA,MT,normal,3393.0,0
7DADA799F678AEE0,2024-07-07,2024-07-07 17:05:26,CORONA_CLEARING_016,MERIDIAN_CAPITAL_060,4486.66,GBP,FR,PA,normal,6631.0,0
7DBB75E2759CE66C,2024-04-18,2024-04-18 03:19:30,DELTA_BANCORP_072,VORTEX_CREDIT_004,1849.17,GBP,SG,KY,velocity_burst,2.0,1
7DC1F6A098B595A,2024-03-03,2024-03-03 04:11:19,NEXUS_TRUST_071,SOLARIS_FIN_083,84637.22,CHF,PA,AE,normal,697.0,0
7DC8714E1CB13D77,2024-01-20,2024-01-20 02:57:06,APEX_CREDIT_054,HELIX_PAYMENTS_185,13158.96,AED,UK,UK,velocity_burst,3.0,0
7DEBDA4256F7567D,2024-03-25,2024-03-25 21:09:51,NEXUS_TRUST_111,ATLAS_BANCORP_122,97621.78,EUR,LI,DE,normal,23.0,0
7DF982CE36C40070,2024-02-14,2024-02-14 11:15:09,HELIX_PAYMENTS_085,APEX_CREDIT_154,83796.23,AED,AE,DE,normal,4485.0,0
7E03880FDC79251A,2024-03-16,2024-03-16 16:24:54,DELTA_BANCORP_052,ECLIPSE_HOLDINGS_089,2345.51,AED,FR,AU,normal,10495.0,0
7E2EE5CED318F05,2024-06-11,2024-06-11 21:09:00,STRATUS_FUND_017,VORTEX_CREDIT_004,5832.83,HKD,VG,VG,normal,1379.0,0
7E39F0E0566F7D7,2024-01-27,2024-01-27 05:30:45,DELTA_BANCORP_132,SOLARIS_FIN_063,15603.98,HKD,FR,PA,normal,373.0,0
7E4941C8CF9CF845,2024-03-06,2024-03-06 04:34:21,AXIOM_PARTNERS_058,ZENITH_FUND_127,22080.0,GBP,VG,PA,normal,5122.0,0
7E5DC9523B0A7F81,2024-03-26,2024-03-26 20:50:45,HELIX_PAYMENTS_165,NEXUS_TRUST_191,265933.7,GBP,JP,FR,normal,3292.0,0
7E765AA2C7AAB608,2024-06-29,2024-06-29 11:18:01,OMEGA_FIN_173,CIPHER_CAPITAL_090,8920.12,SGD,SG,KY,structuring,240.0,1
7E7CBB889DE98090,2024-02-01,2024-02-01 17:00:17,ZENITH_FUND_087,ECLIPSE_HOLDINGS_149,285391.92,USD,MT,LI,layering,948.0,0
7E84645D79E20819,2024-01-22,2024-01-22 22:47:06,APEX_CREDIT_074,OBSIDIAN_PARTNERS_048,302996.73,USD,PA,KY,layering,4556.0,0
7E85CA6E5C1AAF8B,2024-05-29,2024-05-29 08:39:35,HELIX_PAYMENTS_085,QUANTUM_CLEARING_026,13934.52,EUR,CY,FR,velocity_burst,20.0,1
7E956BFC6A4CA864,2024-02-22,2024-02-22 08:27:03,HELIX_PAYMENTS_005,VORTEX_CREDIT_084,8722.6,AED,KY,VG,velocity_burst,12.0,1
7EB17DF9A094C0FF,2024-01-22,2024-01-22 06:43:55,OBSIDIAN_PARTNERS_048,VERTEX_PAYMENTS_115,41224.9,AED,MT,MT,normal,18.0,0
7EB3EAA38D02CE53,2024-02-10,2024-02-10 05:21:25,ZENITH_FUND_187,VERTEX_PAYMENTS_095,7811.55,SGD,CY,UK,velocity_burst,30.0,1
7ECCF1D5774B1AED,2024-06-26,2024-06-26 10:44:48,ZENITH_FUND_167,OBSIDIAN_PARTNERS_188,171189.96,EUR,SG,CY,normal,3566.0,0
7ED092B7561FDF36,2024-02-29,2024-02-29 09:37:58,STRATUS_FUND_097,ATLAS_BANCORP_022,6831.13,USD,AU,JP,normal,10669.0,0
7ED5552C33708A05,2024-01-28,2024-01-28 02:33:36,NOVA_TRUST_161,VERTEX_PAYMENTS_075,19217.44,SGD,VG,MT,circular_flow,1367.0,0
7EDEF8CC19D7BBF2,2024-06-15,2024-06-15 14:31:16,DELTA_BANCORP_072,VORTEX_CREDIT_184,4792.61,SGD,JP,SG,normal,1524.0,0
7EDF849D14E802C2,2024-01-02,2024-01-02 12:14:24,MERIDIAN_CAPITAL_000,OBSIDIAN_PARTNERS_188,13141.35,AED,DE,JP,velocity_burst,4081.0,0
7EF94A15C0139F2A,2024-02-28,2024-02-28 20:35:08,PRIME_HOLDINGS_139,NOVA_TRUST_081,13322.88,GBP,LI,DE,normal,6572.0,0
7F056579B029DA27,2024-03-09,2024-03-09 12:23:29,NOVA_TRUST_181,OBSIDIAN_PARTNERS_168,293227.73,CHF,FR,MT,normal,3363.0,0
7F0DAAA050A2DE86,2024-07-05,2024-07-05 21:29:14,ATLAS_BANCORP_082,QUANTUM_CLEARING_126,30145.82,USD,AE,MT,normal,6924.0,0
7F382142C9638F2B,2024-03-12,2024-03-12 21:32:35,DELTA_BANCORP_032,SOLARIS_FIN_143,33281.48,USD,DE,DE,normal,639.0,0
7F3F0AB8610E853B,2024-06-07,2024-06-07 15:07:57,HELIX_PAYMENTS_125,NEXUS_TRUST_151,4863.06,AED,CY,UK,normal,1296.0,0
7F71A8A51C5BB5A6,2024-02-15,2024-02-15 20:01:58,VERTEX_PAYMENTS_175,VORTEX_CREDIT_124,76631.05,USD,CY,DE,layering,324.0,0
7F74FE2DAAB48A76,2024-04-25,2024-04-25 17:05:51,AXIOM_PARTNERS_058,MERIDIAN_CAPITAL_020,13473.51,CHF,VG,US,velocity_burst,22.0,0
7F82D7812AD9E935,2024-04-01,2024-04-01 12:53:37,ZENITH_FUND_007,VERTEX_PAYMENTS_195,13946.0,CHF,VG,DE,velocity_burst,89.0,0
7F89A5449A7E7D4B,2024-02-26,2024-02-26 03:04:35,AXIOM_PARTNERS_038,SOLARIS_FIN_143,7025.49,CHF,KY,US,velocity_burst,36.0,1
7F937FB2AE05551,2024-05-20,2024-05-20 14:04:09,STRATUS_FUND_177,QUANTUM_CLEARING_006,2791.14,AED,UK,PA,normal,2467.0,0
7FAA06BF8C0B7FB7,2024-07-02,2024-07-02 22:27:09,ATLAS_BANCORP_162,AXIOM_PARTNERS_098,30345.47,EUR,KY,PA,normal,5570.0,0
7FABCE2E74FA7F2A,2024-06-11,2024-06-11 13:34:51,ZENITH_FUND_087,ZENITH_FUND_047,8784.63,HKD,VG,US,structuring,3800.0,0
7FCF934C99EA7AAE,2024-06-27,2024-06-27 22:07:49,DELTA_BANCORP_092,OMEGA_FIN_173,427.96,CHF,VG,CY,normal,11772.0,0
7FD3716999249820,2024-02-11,2024-02-11 01:47:53,ATLAS_BANCORP_142,ECLIPSE_HOLDINGS_189,11112.72,HKD,UK,MT,velocity_burst,10.0,1
7FD7188B9C968231,2024-07-07,2024-07-07 01:18:00,ECLIPSE_HOLDINGS_089,APEX_CREDIT_074,267352.78,SGD,PA,PA,layering,179.0,0
7FEC7609B5161923,2024-02-26,2024-02-26 00:35:30,VORTEX_CREDIT_004,SOLARIS_FIN_023,48766.06,USD,FR,KY,normal,6556.0,0
7FF83EA96BC18969,2024-01-20,2024-01-20 21:25:21,VERTEX_PAYMENTS_155,APEX_CREDIT_054,1860.06,HKD,UK,AE,normal,2198.0,0
7FFA59C4B753D4CE,2024-04-01,2024-04-01 12:53:49,ZENITH_FUND_007,CIPHER_CAPITAL_190,13904.61,SGD,DE,VG,velocity_burst,4.0,0
800A036F78A308F4,2024-04-25,2024-04-25 18:15:42,DELTA_BANCORP_132,APEX_CREDIT_074,227169.95,AED,AU,US,normal,450.0,0
80298014A5C7C67A,2024-06-11,2024-06-11 00:56:22,OBSIDIAN_PARTNERS_008,VORTEX_CREDIT_064,18229.54,EUR,LI,VG,normal,1100.0,0
803195883B38053E,2024-05-25,2024-05-25 02:19:09,PRIME_HOLDINGS_099,PRIME_HOLDINGS_159,4694.63,CHF,VG,US,normal,1607.0,0
8038EEDC407B6EDB,2024-01-15,2024-01-15 18:11:01,ATLAS_BANCORP_002,OMEGA_FIN_133,34872.89,AED,KY,SG,normal,1031.0,0
803C7F8491BEE1B2,2024-05-10,2024-05-10 07:34:09,VORTEX_CREDIT_184,MERIDIAN_CAPITAL_040,12331.38,EUR,US,VG,velocity_burst,23.0,1
8049D3AD54351307,2024-05-26,2024-05-26 18:43:46,APEX_CREDIT_134,CORONA_CLEARING_136,21215.88,GBP,VG,SG,normal,2847.0,0
804CC944F005AEFB,2024-04-20,2024-04-20 16:27:28,OBSIDIAN_PARTNERS_128,STRATUS_FUND_057,37.05,CHF,US,JP,normal,1468.0,0
804D7651B3389B6F,2024-05-19,2024-05-19 08:53:26,ECLIPSE_HOLDINGS_129,OMEGA_FIN_013,369023.43,SGD,MT,VG,layering,81.0,0
8070744EC0ADB130,2024-01-24,2024-01-24 08:23:58,ATLAS_BANCORP_142,VERTEX_PAYMENTS_115,842.89,HKD,SG,VG,normal,4898.0,0
807B0C7317A3F3F4,2024-07-03,2024-07-03 00:57:41,MERIDIAN_CAPITAL_000,SOLARIS_FIN_083,7949.44,SGD,US,SG,normal,1285.0,0
807D88FEDADB1C74,2024-01-11,2024-01-11 01:50:38,PRIME_HOLDINGS_199,OBSIDIAN_PARTNERS_168,8937.16,GBP,FR,AU,velocity_burst,6.0,0
808BC641267C44BC,2024-01-16,2024-01-16 16:27:43,OMEGA_FIN_053,SOLARIS_FIN_063,2366.68,CHF,US,MT,normal,552.0,0
8090AD94B0AA1E32,2024-03-29,2024-03-29 08:49:23,ATLAS_BANCORP_062,NEXUS_TRUST_151,8410.82,AED,VG,SG,structuring,251.0,0
8092F5F35C71A9E8,2024-05-10,2024-05-10 13:37:20,PRIME_HOLDINGS_019,VORTEX_CREDIT_024,5214.21,GBP,PA,SG,velocity_burst,6.0,1
80C15E45AC35D4FA,2024-05-24,2024-05-24 01:15:09,CIPHER_CAPITAL_030,ATLAS_BANCORP_102,9921.69,GBP,MT,FR,structuring,166.0,1
80D7F49DC6A8E84B,2024-04-13,2024-04-13 15:02:16,VORTEX_CREDIT_144,APEX_CREDIT_174,2058.95,SGD,JP,FR,normal,4005.0,0
80DC31A414A59ADA,2024-05-10,2024-05-10 07:30:34,VORTEX_CREDIT_184,AXIOM_PARTNERS_078,3715.49,HKD,UK,PA,velocity_burst,6.0,0
80E93168BD00392D,2024-02-14,2024-02-14 15:50:42,NEXUS_TRUST_091,DELTA_BANCORP_172,14115.41,SGD,AE,MT,velocity_burst,33.0,0
80ED5E80954B118E,2024-06-22,2024-06-22 00:06:14,CIPHER_CAPITAL_190,APEX_CREDIT_014,191.64,USD,CY,AU,normal,1632.0,0
80F4BFD4F2F040C3,2024-01-22,2024-01-22 18:59:44,NEXUS_TRUST_151,NEXUS_TRUST_071,15344.53,EUR,FR,UK,circular_flow,208.0,0
80F5BB39A99D1F0F,2024-03-31,2024-03-31 08:12:15,HELIX_PAYMENTS_065,STRATUS_FUND_177,2968.33,USD,KY,JP,velocity_burst,40.0,1
80FDB94F978C89AC,2024-05-14,2024-05-14 01:34:30,NEXUS_TRUST_171,APEX_CREDIT_094,79424.47,GBP,KY,MT,layering,84.0,0
81174CCBAF808032,2024-06-29,2024-06-29 20:15:45,AXIOM_PARTNERS_038,DELTA_BANCORP_052,8577.4,CHF,DE,FR,structuring,798.0,1
8118B29E7B70301F,2024-03-24,2024-03-24 13:42:04,OMEGA_FIN_173,NOVA_TRUST_101,344247.62,USD,CY,JP,layering,255.0,0
812DCFA998DB7B31,2024-04-20,2024-04-20 00:16:10,ZENITH_FUND_127,CORONA_CLEARING_116,952324.83,GBP,AU,VG,normal,1829.0,0
814564AEB9FAFD1,2024-06-23,2024-06-23 04:33:37,MERIDIAN_CAPITAL_040,QUANTUM_CLEARING_106,194713.0,AED,LI,UK,normal,1018.0,0
814ECE3B5D91E2EA,2024-03-10,2024-03-10 06:53:13,PRIME_HOLDINGS_159,ZENITH_FUND_167,8652.77,SGD,AE,UK,structuring,1866.0,0
815DF380E61D2808,2024-03-25,2024-03-25 04:44:56,VORTEX_CREDIT_144,NOVA_TRUST_121,6340.15,USD,LI,PA,normal,14668.0,0
8167CE2A396D0907,2024-02-24,2024-02-24 02:22:49,ATLAS_BANCORP_002,OBSIDIAN_PARTNERS_148,1032.2,AED,SG,FR,velocity_burst,6.0,0
816ECC2C3F4303E7,2024-02-03,2024-02-03 09:37:05,VORTEX_CREDIT_024,OBSIDIAN_PARTNERS_148,50767.24,AED,MT,SG,circular_flow,11904.0,0
818C79CE87578C97,2024-02-18,2024-02-18 06:21:13,DELTA_BANCORP_072,MERIDIAN_CAPITAL_120,2282.9,CHF,US,US,velocity_burst,49.0,1
81901901CDAD5DD8,2024-01-02,2024-01-02 12:17:00,MERIDIAN_CAPITAL_000,CORONA_CLEARING_136,10676.0,USD,AE,AE,velocity_burst,13.0,0
8194F3493ECA2AE9,2024-05-26,2024-05-26 20:46:08,DELTA_BANCORP_052,VORTEX_CREDIT_044,4369.12,HKD,KY,VG,normal,6364.0,0
81984E05D9747662,2024-03-26,2024-03-26 22:17:19,CORONA_CLEARING_056,STRATUS_FUND_037,8118.82,GBP,MT,JP,structuring,743.0,0
81ABAEB13384B489,2024-05-08,2024-05-08 07:19:47,NOVA_TRUST_041,OMEGA_FIN_113,8311.02,AED,KY,FR,structuring,327.0,0
81ACEB287D7CCE83,2024-01-01,2024-01-01 07:13:25,DELTA_BANCORP_012,AXIOM_PARTNERS_058,45674.16,SGD,LI,AU,normal,5750.0,0
81B5EF863F52CDDA,2024-04-15,2024-04-15 07:11:42,SOLARIS_FIN_123,MERIDIAN_CAPITAL_140,4642.25,SGD,LI,US,normal,1606.0,0
81BB4813DFD0D50D,2024-02-23,2024-02-23 19:27:04,AXIOM_PARTNERS_058,CIPHER_CAPITAL_150,29984.33,HKD,VG,JP,normal,17730.0,0
81BEC9C8E0E0E509,2024-04-06,2024-04-06 02:52:44,VERTEX_PAYMENTS_075,QUANTUM_CLEARING_146,35187.7,SGD,AU,FR,normal,791.0,0
81BF697C77700984,2024-01-09,2024-01-09 06:57:27,OBSIDIAN_PARTNERS_168,APEX_CREDIT_034,80396.26,SGD,SG,CY,normal,7049.0,0
81CBB69CABB128C3,2024-05-05,2024-05-05 06:58:21,NEXUS_TRUST_151,ATLAS_BANCORP_122,2778.7,HKD,PA,VG,normal,17284.0,0
81E7BADBA5CD9932,2024-06-18,2024-06-18 14:35:37,NOVA_TRUST_101,STRATUS_FUND_097,30445.05,GBP,JP,CY,normal,2430.0,0
81EED445FBC901E6,2024-04-21,2024-04-21 16:10:48,VORTEX_CREDIT_004,CIPHER_CAPITAL_110,3238.53,GBP,CY,CY,normal,3765.0,0
81F77921795B2A4F,2024-03-30,2024-03-30 15:09:30,HELIX_PAYMENTS_105,VERTEX_PAYMENTS_095,26548.75,SGD,FR,DE,normal,4583.0,0
81F7D38A9703006F,2024-02-09,2024-02-09 23:06:32,ZENITH_FUND_007,OBSIDIAN_PARTNERS_088,51043.98,AED,VG,CY,normal,6466.0,0
8205149C362C004E,2024-03-15,2024-03-15 20:14:35,NOVA_TRUST_121,ZENITH_FUND_087,1491657.48,SGD,DE,UK,normal,330.0,0
8215927241005387,2024-05-19,2024-05-19 08:52:05,HELIX_PAYMENTS_085,NOVA_TRUST_181,333043.65,SGD,MT,FR,layering,786.0,0
821CE60B9A838A53,2024-06-30,2024-06-30 20:55:31,HELIX_PAYMENTS_125,OBSIDIAN_PARTNERS_088,40622.4,GBP,KY,UK,normal,8857.0,0
8229DB1BE6A65DF5,2024-05-04,2024-05-04 05:25:03,NOVA_TRUST_101,NOVA_TRUST_021,1094.97,SGD,US,PA,normal,1382.0,0
822CF6C123324189,2024-05-10,2024-05-10 13:36:35,PRIME_HOLDINGS_019,MERIDIAN_CAPITAL_040,6631.08,SGD,MT,JP,velocity_burst,6.0,1
822FDC8ECC74454D,2024-03-10,2024-03-10 12:04:29,AXIOM_PARTNERS_158,ATLAS_BANCORP_042,415687.79,SGD,JP,AU,normal,11309.0,0
82423EA3103958A,2024-06-22,2024-06-22 10:48:59,PRIME_HOLDINGS_199,OMEGA_FIN_093,155969.56,HKD,AU,LI,normal,5832.0,0
824593EFF05228D2,2024-02-08,2024-02-08 15:39:40,ZENITH_FUND_167,VERTEX_PAYMENTS_075,117980.47,HKD,KY,KY,normal,2614.0,0
825405CD114581F0,2024-06-10,2024-06-10 23:50:42,STRATUS_FUND_017,CIPHER_CAPITAL_010,283535.02,HKD,AE,MT,layering,148.0,0
826292592B0E9431,2024-05-31,2024-05-31 09:14:49,PRIME_HOLDINGS_159,ECLIPSE_HOLDINGS_009,27353.8,HKD,UK,LI,normal,3620.0,0
8267601B8CCBF8A5,2024-01-05,2024-01-05 01:59:45,CIPHER_CAPITAL_130,NEXUS_TRUST_171,4813.04,USD,VG,MT,normal,5364.0,0
826CEED6A9DDA1CB,2024-02-09,2024-02-09 15:13:05,QUANTUM_CLEARING_006,HELIX_PAYMENTS_085,31849.76,CHF,KY,JP,normal,114.0,0
826E80262E8B94AA,2024-01-25,2024-01-25 05:38:56,NEXUS_TRUST_051,NOVA_TRUST_081,417965.36,HKD,PA,UK,normal,1292.0,0
826FC39F53F92F5D,2024-04-10,2024-04-10 22:04:19,AXIOM_PARTNERS_138,VORTEX_CREDIT_184,8807.3,GBP,US,MT,structuring,8984.0,0
8273044F88F09217,2024-02-16,2024-02-16 10:29:57,NEXUS_TRUST_191,NEXUS_TRUST_151,6403.5,GBP,UK,LI,normal,9167.0,0
82906BA7A440DD4F,2024-01-26,2024-01-26 01:07:07,OBSIDIAN_PARTNERS_048,VORTEX_CREDIT_064,93665.07,SGD,US,UK,normal,8608.0,0
8290C9C9C5D87655,2024-06-21,2024-06-21 05:40:30,SOLARIS_FIN_003,OBSIDIAN_PARTNERS_188,30877.69,SGD,DE,SG,normal,2814.0,0
82A0C71E20DB6F7F,2024-04-29,2024-04-29 15:35:44,CIPHER_CAPITAL_150,CIPHER_CAPITAL_070,3340.82,AED,SG,SG,normal,9324.0,0
82B54A0AC16EE878,2024-04-26,2024-04-26 16:16:13,PRIME_HOLDINGS_039,DELTA_BANCORP_132,9947.01,CHF,UK,JP,normal,15503.0,0
82D27521DA4B8E74,2024-05-22,2024-05-22 01:14:19,CORONA_CLEARING_036,HELIX_PAYMENTS_185,314298.07,CHF,PA,KY,high_risk_jx,2706.0,0
82EE36871F58D78E,2024-05-21,2024-05-21 10:28:27,OBSIDIAN_PARTNERS_008,VORTEX_CREDIT_064,8919.12,USD,CY,FR,structuring,589.0,0
82F46E6D2AD73CB5,2024-05-24,2024-05-24 02:48:22,MERIDIAN_CAPITAL_020,ATLAS_BANCORP_022,34797.03,HKD,AU,UK,normal,4939.0,0
830C9FC0AE531CDC,2024-05-27,2024-05-27 19:44:52,HELIX_PAYMENTS_145,HELIX_PAYMENTS_105,27233.66,EUR,AE,UK,normal,4386.0,0
831D1325444F39E9,2024-01-03,2024-01-03 05:50:27,AXIOM_PARTNERS_118,ZENITH_FUND_167,1641.8,USD,DE,VG,velocity_burst,3.0,0
8326765C2BBE8C09,2024-05-12,2024-05-12 19:37:02,VERTEX_PAYMENTS_055,NOVA_TRUST_041,447467.55,USD,PA,CY,layering,810.0,0
83272364CB0D99D2,2024-04-01,2024-04-01 15:01:48,STRATUS_FUND_177,DELTA_BANCORP_112,9780.11,CHF,FR,FR,velocity_burst,20.0,0
8328E9F1347C596,2024-06-29,2024-06-29 12:41:52,CORONA_CLEARING_036,NEXUS_TRUST_131,3112.42,CHF,CY,MT,normal,4573.0,0
8332DC7EA52A20AF,2024-05-18,2024-05-18 04:43:09,AXIOM_PARTNERS_158,DELTA_BANCORP_132,8355.34,CHF,FR,US,normal,887.0,0
833A21837ABE228B,2024-03-07,2024-03-07 14:11:02,CIPHER_CAPITAL_110,NEXUS_TRUST_051,9724.12,GBP,PA,SG,structuring,11.0,1
8349D237B3401B4,2024-03-31,2024-03-31 11:37:07,APEX_CREDIT_074,OMEGA_FIN_113,803.22,EUR,DE,UK,normal,1959.0,0
83538AA78E89B6C6,2024-06-04,2024-06-04 15:21:28,APEX_CREDIT_094,CORONA_CLEARING_196,5852.91,AED,US,UK,velocity_burst,5.0,0
8353D5C6729FC6F7,2024-06-25,2024-06-25 13:32:42,CORONA_CLEARING_076,APEX_CREDIT_134,9474.19,SGD,JP,MT,structuring,214.0,0
8385CE0EA4E5774B,2024-01-13,2024-01-13 17:51:44,ZENITH_FUND_067,CIPHER_CAPITAL_150,6930.69,SGD,AE,PA,normal,2442.0,0
83976F0AC6523DA2,2024-04-03,2024-04-03 20:38:17,VERTEX_PAYMENTS_135,AXIOM_PARTNERS_118,697.25,USD,US,AU,normal,4114.0,0
83A0F1303203D4F5,2024-06-03,2024-06-03 13:49:10,AXIOM_PARTNERS_138,CORONA_CLEARING_016,8241.2,AED,UK,AU,normal,361.0,0
83A8E0229307A8C3,2024-06-14,2024-06-14 10:43:55,NEXUS_TRUST_031,STRATUS_FUND_017,10405.0,USD,KY,KY,normal,2775.0,0
83B6ED17645D6320,2024-03-19,2024-03-19 22:31:08,DELTA_BANCORP_092,OMEGA_FIN_113,2951.12,GBP,VG,MT,normal,4959.0,0
83D4264CB7B9488F,2024-06-21,2024-06-21 02:21:35,APEX_CREDIT_154,DELTA_BANCORP_172,11561.58,SGD,PA,DE,velocity_burst,14.0,0
83F66AEDD1A208BB,2024-07-06,2024-07-06 16:26:44,CIPHER_CAPITAL_150,QUANTUM_CLEARING_086,12044.26,AED,JP,DE,velocity_burst,1.0,0
83FE5C9695D440DE,2024-02-09,2024-02-09 09:18:25,VERTEX_PAYMENTS_075,VERTEX_PAYMENTS_135,253315.72,SGD,MT,KY,layering,286.0,0
8412ADEDE6F30619,2024-06-18,2024-06-18 01:36:16,OBSIDIAN_PARTNERS_148,DELTA_BANCORP_152,7284.17,HKD,CY,SG,velocity_burst,12.0,0
8418DA0B1C16F39A,2024-01-18,2024-01-18 02:03:05,MERIDIAN_CAPITAL_100,APEX_CREDIT_094,175265.06,CHF,LI,US,circular_flow,1098.0,0
84223B6FC137CFA7,2024-05-03,2024-05-03 23:55:17,NEXUS_TRUST_071,OMEGA_FIN_133,27341.48,CHF,AU,MT,normal,1722.0,0
843A8B584DF21950,2024-01-02,2024-01-02 12:14:53,MERIDIAN_CAPITAL_000,ATLAS_BANCORP_122,1875.77,HKD,AU,UK,velocity_burst,29.0,0
843EBED3614F9384,2024-02-04,2024-02-04 12:48:43,MERIDIAN_CAPITAL_100,CIPHER_CAPITAL_030,752.87,EUR,US,FR,velocity_burst,2.0,1
84804F2B3DAD3739,2024-05-07,2024-05-07 02:53:48,CORONA_CLEARING_036,NEXUS_TRUST_011,12776.93,USD,CY,UK,normal,7710.0,0
849CDAB1484C3AB3,2024-05-05,2024-05-05 16:42:16,VERTEX_PAYMENTS_035,ZENITH_FUND_047,8133.18,SGD,FR,PA,structuring,371.0,1
84ADFFBACFC006F6,2024-04-09,2024-04-09 00:21:39,PRIME_HOLDINGS_179,PRIME_HOLDINGS_059,573607.16,AED,PA,FR,normal,4295.0,0
84B898A44B783264,2024-01-28,2024-01-28 23:32:20,ECLIPSE_HOLDINGS_149,AXIOM_PARTNERS_038,9690.8,USD,MT,PA,structuring,102.0,0
84BFC5EDC3F826FF,2024-03-13,2024-03-13 22:02:04,CORONA_CLEARING_176,ZENITH_FUND_027,3309.63,USD,UK,US,normal,7368.0,0
84C28791B73A7019,2024-03-19,2024-03-19 19:30:04,ECLIPSE_HOLDINGS_089,ZENITH_FUND_067,50996.29,EUR,VG,KY,normal,11167.0,0
84CA4B612F690A59,2024-04-14,2024-04-14 01:40:20,NEXUS_TRUST_071,STRATUS_FUND_117,14229.74,USD,AU,UK,normal,8128.0,0
84CD04F560E59E13,2024-04-01,2024-04-01 15:02:53,STRATUS_FUND_177,MERIDIAN_CAPITAL_080,1440.55,GBP,DE,SG,velocity_burst,33.0,1
84F450AFF4D62542,2024-05-29,2024-05-29 08:22:54,MERIDIAN_CAPITAL_000,SOLARIS_FIN_023,8953.35,USD,SG,CY,structuring,419.0,0
85014C3DCA153B84,2024-03-05,2024-03-05 03:56:15,PRIME_HOLDINGS_139,VERTEX_PAYMENTS_035,11595.28,SGD,SG,PA,velocity_burst,6.0,0
851BA0041E0B410A,2024-05-29,2024-05-29 08:37:40,HELIX_PAYMENTS_085,APEX_CREDIT_054,1922.21,USD,LI,DE,velocity_burst,20.0,0
8521F3A3C018DDC8,2024-02-17,2024-02-17 02:18:11,HELIX_PAYMENTS_185,CORONA_CLEARING_196,60655.98,GBP,CY,US,normal,4814.0,0
852A63A8B4AE03E1,2024-02-29,2024-02-29 10:45:15,SOLARIS_FIN_023,AXIOM_PARTNERS_058,19698.0,CHF,FR,DE,normal,471.0,0
852B872641339596,2024-02-28,2024-02-28 12:33:43,VERTEX_PAYMENTS_075,ATLAS_BANCORP_062,56392.69,AED,KY,PA,normal,823.0,0
8535F805F09012C7,2024-02-29,2024-02-29 00:35:41,ATLAS_BANCORP_122,VERTEX_PAYMENTS_115,489852.87,GBP,LI,FR,layering,466.0,0
8536B0EB59A09045,2024-04-04,2024-04-04 16:41:34,HELIX_PAYMENTS_085,VORTEX_CREDIT_144,64559.25,CHF,PA,VG,normal,919.0,0
8547D8791FD64ACD,2024-03-20,2024-03-20 15:00:55,APEX_CREDIT_054,AXIOM_PARTNERS_138,271266.53,CHF,AU,PA,layering,9939.0,0
85667845D5268EB6,2024-05-21,2024-05-21 00:38:08,OBSIDIAN_PARTNERS_188,ATLAS_BANCORP_022,523.74,USD,AU,KY,normal,1024.0,0
8574752375BFE911,2024-03-02,2024-03-02 23:28:48,OBSIDIAN_PARTNERS_088,OBSIDIAN_PARTNERS_068,9406.5,AED,JP,PA,velocity_burst,3.0,0
8589805384ABBFBF,2024-05-06,2024-05-06 14:34:46,APEX_CREDIT_074,CORONA_CLEARING_196,534725.52,AED,US,PA,normal,11339.0,0
85C129264E5F27BF,2024-02-20,2024-02-20 08:51:29,ECLIPSE_HOLDINGS_009,MERIDIAN_CAPITAL_100,193820.25,CHF,FR,MT,normal,3088.0,0
85C53B13C4EDFDDC,2024-04-30,2024-04-30 10:18:21,ATLAS_BANCORP_042,VERTEX_PAYMENTS_035,475397.83,AED,KY,MT,layering,2598.0,0
85CB44C0E75BF2BD,2024-04-29,2024-04-29 07:37:46,ECLIPSE_HOLDINGS_029,OBSIDIAN_PARTNERS_188,310354.94,EUR,DE,PA,normal,1093.0,0
85D1FFB7D5BB4874,2024-04-03,2024-04-03 10:15:15,VERTEX_PAYMENTS_015,CIPHER_CAPITAL_130,28037.04,AED,UK,CY,normal,821.0,0
85D7BE72ED6872DB,2024-05-17,2024-05-17 09:52:20,APEX_CREDIT_174,VERTEX_PAYMENTS_055,373.41,AED,CY,CY,normal,3468.0,0
85F92ACBC1732630,2024-04-08,2024-04-08 19:41:29,PRIME_HOLDINGS_159,QUANTUM_CLEARING_086,8357.52,AED,CY,AU,normal,1396.0,0
85FA2C97862C37F0,2024-03-29,2024-03-29 03:26:56,VERTEX_PAYMENTS_075,CIPHER_CAPITAL_190,15346.33,GBP,JP,VG,normal,17.0,0
8608D3AF3535B473,2024-05-15,2024-05-15 10:33:14,QUANTUM_CLEARING_166,OBSIDIAN_PARTNERS_028,2630.33,CHF,KY,AU,velocity_burst,7.0,0
860B616EBE952BD5,2024-01-28,2024-01-28 23:49:28,ECLIPSE_HOLDINGS_149,CORONA_CLEARING_136,8119.43,GBP,AU,US,structuring,206.0,1
860BA7BC14A09027,2024-02-28,2024-02-28 23:48:52,APEX_CREDIT_134,VERTEX_PAYMENTS_055,9306.63,AED,PA,LI,structuring,140.0,0
861696F482E472C6,2024-02-03,2024-02-03 02:32:50,PRIME_HOLDINGS_039,ZENITH_FUND_087,17715.42,SGD,VG,UK,normal,3869.0,0
862572697A9CDC1,2024-02-27,2024-02-27 01:06:43,VORTEX_CREDIT_144,VORTEX_CREDIT_164,11194.03,AED,LI,US,normal,547.0,0
863FAE48A332C4E2,2024-04-10,2024-04-10 22:46:15,VORTEX_CREDIT_164,DELTA_BANCORP_032,360448.09,USD,SG,MT,normal,1480.0,0
864C2B90BCA38E95,2024-03-08,2024-03-08 18:21:41,ECLIPSE_HOLDINGS_149,APEX_CREDIT_194,9412.24,EUR,AE,CY,normal,2933.0,0
86630F873F7BD11B,2024-02-13,2024-02-13 08:55:45,CIPHER_CAPITAL_030,NOVA_TRUST_041,9140.89,AED,VG,CY,normal,1590.0,0
8670143F1688F0DE,2024-04-06,2024-04-06 19:16:11,MERIDIAN_CAPITAL_120,DELTA_BANCORP_172,41785.53,SGD,PA,US,normal,4294.0,0
8671325CC608EF1E,2024-03-03,2024-03-03 12:30:42,DELTA_BANCORP_132,QUANTUM_CLEARING_126,77096.26,SGD,SG,KY,normal,9077.0,0
8696E13F501122C4,2024-06-13,2024-06-13 05:31:49,DELTA_BANCORP_092,AXIOM_PARTNERS_058,107383.88,SGD,LI,UK,layering,341.0,0
869ECC787F387D2E,2024-03-07,2024-03-07 13:55:46,CIPHER_CAPITAL_110,ATLAS_BANCORP_142,9941.95,GBP,LI,JP,structuring,14793.0,0
869F1A911CC93D21,2024-01-26,2024-01-26 22:43:32,ATLAS_BANCORP_122,OMEGA_FIN_073,270.95,SGD,DE,US,normal,9049.0,0
86A7390ACF43F7F1,2024-03-16,2024-03-16 02:58:52,PRIME_HOLDINGS_179,NOVA_TRUST_161,4318.69,SGD,SG,FR,normal,13544.0,0
86AA7CAD87002492,2024-03-08,2024-03-08 00:54:21,VORTEX_CREDIT_044,VORTEX_CREDIT_064,6521.02,USD,KY,PA,velocity_burst,1.0,0
86BE80FEB639E2CE,2024-06-07,2024-06-07 10:09:07,HELIX_PAYMENTS_045,PRIME_HOLDINGS_039,21101.02,USD,CY,VG,normal,1543.0,0
86C811A0A20D61B8,2024-06-22,2024-06-22 00:43:56,NEXUS_TRUST_091,CORONA_CLEARING_116,130254.72,USD,AE,PA,normal,1643.0,0
86D829A459CE85A,2024-04-14,2024-04-14 16:06:50,QUANTUM_CLEARING_106,CORONA_CLEARING_096,9764.55,CHF,US,LI,structuring,855.0,0
86DC389F835C6D3F,2024-01-06,2024-01-06 01:12:13,VERTEX_PAYMENTS_055,DELTA_BANCORP_192,9850.36,SGD,AU,LI,structuring,89.0,0
86EF87D7EA0209F5,2024-03-18,2024-03-18 05:38:19,NEXUS_TRUST_111,CORONA_CLEARING_156,24613.51,GBP,PA,KY,normal,8288.0,0
86F146386364E99C,2024-05-21,2024-05-21 10:30:16,OMEGA_FIN_053,HELIX_PAYMENTS_065,3018.4,USD,AU,JP,normal,52.0,0
86FB329EB2039DC7,2024-02-14,2024-02-14 15:53:42,NEXUS_TRUST_091,CORONA_CLEARING_156,9893.86,AED,AE,SG,velocity_burst,117.0,1
87036BD6374C03AE,2024-04-03,2024-04-03 23:01:11,VERTEX_PAYMENTS_115,VORTEX_CREDIT_084,854.92,CHF,PA,DE,normal,1097.0,0
87167119A872D724,2024-03-30,2024-03-30 01:54:45,ATLAS_BANCORP_102,HELIX_PAYMENTS_065,111470.31,CHF,KY,AE,layering,272.0,0
87226E09E057285B,2024-02-19,2024-02-19 09:31:35,CORONA_CLEARING_196,VERTEX_PAYMENTS_115,11291.39,AED,VG,JP,velocity_burst,0.0,1
873B50F6863F102B,2024-04-12,2024-04-12 03:16:30,PRIME_HOLDINGS_139,HELIX_PAYMENTS_105,48993.24,USD,CY,UK,normal,951.0,0
873F8A1C6DEE83F5,2024-05-23,2024-05-23 13:30:23,VERTEX_PAYMENTS_115,ATLAS_BANCORP_022,131039.5,CHF,KY,KY,high_risk_jx,655.0,0
875273FB8F734FAF,2024-02-09,2024-02-09 04:31:29,OMEGA_FIN_093,ECLIPSE_HOLDINGS_069,9592.04,HKD,DE,CY,normal,1687.0,0
876C57C6399E1A8F,2024-02-15,2024-02-15 05:35:26,OBSIDIAN_PARTNERS_088,VERTEX_PAYMENTS_015,3023.46,HKD,MT,DE,normal,1769.0,0
87809C843B65DC68,2024-03-06,2024-03-06 07:22:52,OBSIDIAN_PARTNERS_108,ECLIPSE_HOLDINGS_109,80400.95,SGD,LI,JP,normal,10111.0,0
87909E066B5335B9,2024-05-21,2024-05-21 10:35:23,OBSIDIAN_PARTNERS_008,CIPHER_CAPITAL_150,9075.62,EUR,VG,PA,structuring,176.0,1
879850D0DF10525B,2024-01-22,2024-01-22 11:07:39,ATLAS_BANCORP_122,DELTA_BANCORP_192,158600.22,CHF,FR,US,layering,109.0,0
87A724D932914948,2024-02-26,2024-02-26 11:42:53,STRATUS_FUND_157,APEX_CREDIT_114,8374.21,AED,UK,MT,structuring,4537.0,0
87B258022BE5326,2024-04-06,2024-04-06 04:02:41,OBSIDIAN_PARTNERS_008,DELTA_BANCORP_152,183295.08,SGD,JP,KY,normal,824.0,0
87BE92846995A039,2024-06-15,2024-06-15 10:18:25,ATLAS_BANCORP_182,VORTEX_CREDIT_104,9098.31,USD,JP,AU,velocity_burst,102.0,0
87C3B624FD7B5A9E,2024-05-18,2024-05-18 18:51:49,OBSIDIAN_PARTNERS_068,ECLIPSE_HOLDINGS_089,100279.33,EUR,CY,KY,normal,1537.0,0
87CBA4968E8690D8,2024-02-15,2024-02-15 21:23:27,QUANTUM_CLEARING_086,PRIME_HOLDINGS_199,1358.66,AED,LI,UK,velocity_burst,0.0,1
87DA814641B9BE99,2024-03-26,2024-03-26 22:33:34,QUANTUM_CLEARING_126,PRIME_HOLDINGS_199,924.7,HKD,JP,AE,normal,975.0,0
88087651CA7894DC,2024-04-13,2024-04-13 16:17:22,CIPHER_CAPITAL_010,ATLAS_BANCORP_042,64098.04,SGD,KY,LI,normal,1435.0,0
88091FBBD05390EB,2024-04-12,2024-04-12 12:39:08,DELTA_BANCORP_132,CORONA_CLEARING_136,10323.55,USD,CY,LI,normal,8986.0,0
880E90EF11AD6F48,2024-03-25,2024-03-25 23:47:09,SOLARIS_FIN_043,ZENITH_FUND_187,1938.17,GBP,CY,FR,normal,3789.0,0
8815A4056DFCE4E7,2024-01-26,2024-01-26 12:36:03,OMEGA_FIN_033,QUANTUM_CLEARING_086,591.8,EUR,DE,DE,normal,1546.0,0
8818E34442C8E21C,2024-01-09,2024-01-09 04:54:31,NEXUS_TRUST_131,NOVA_TRUST_061,330600.15,SGD,SG,CY,layering,73.0,0
881CF5259F7FCABD,2024-06-14,2024-06-14 08:59:57,ATLAS_BANCORP_042,MERIDIAN_CAPITAL_140,15684.03,USD,DE,PA,normal,5276.0,0
8822A884F7B17366,2024-01-01,2024-01-01 05:37:35,MERIDIAN_CAPITAL_040,QUANTUM_CLEARING_046,710.18,AED,PA,DE,normal,2339.0,0
884394BA24F7E99D,2024-04-24,2024-04-24 07:18:32,HELIX_PAYMENTS_145,OBSIDIAN_PARTNERS_008,5870.06,SGD,CY,US,velocity_burst,51.0,1
8845CE29286254EF,2024-01-10,2024-01-10 21:27:09,CIPHER_CAPITAL_150,STRATUS_FUND_197,8012.04,HKD,DE,CY,structuring,7906.0,0
884F3027FBB02A4C,2024-04-24,2024-04-24 07:17:05,HELIX_PAYMENTS_145,ECLIPSE_HOLDINGS_149,5694.61,SGD,UK,US,velocity_burst,42.0,1
885172E1531801AC,2024-02-26,2024-02-26 13:40:12,AXIOM_PARTNERS_058,HELIX_PAYMENTS_125,91043.45,SGD,LI,MT,normal,6340.0,0
8853E5005CBBB386,2024-02-06,2024-02-06 20:19:57,DELTA_BANCORP_072,OBSIDIAN_PARTNERS_088,79.85,HKD,VG,MT,normal,4410.0,0
88577BB337585BF6,2024-01-16,2024-01-16 22:19:41,STRATUS_FUND_017,NOVA_TRUST_121,158945.43,CHF,VG,PA,high_risk_jx,5352.0,0
885A6201978D174A,2024-03-04,2024-03-04 10:17:07,OMEGA_FIN_133,DELTA_BANCORP_092,18869.51,EUR,US,DE,normal,20468.0,0
8860EF27ACC15483,2024-06-11,2024-06-11 13:43:43,ZENITH_FUND_087,VERTEX_PAYMENTS_035,9231.57,USD,LI,FR,structuring,67.0,1
887F66F9AB56ACE1,2024-03-11,2024-03-11 07:05:44,VERTEX_PAYMENTS_035,STRATUS_FUND_157,92787.92,USD,CY,LI,normal,8729.0,0
8892F173C88A2C00,2024-03-31,2024-03-31 01:18:41,NEXUS_TRUST_091,DELTA_BANCORP_092,3143.71,EUR,SG,UK,normal,1409.0,0
88A5F5442E6AF908,2024-03-09,2024-03-09 11:27:26,QUANTUM_CLEARING_186,ATLAS_BANCORP_182,439.27,GBP,AU,US,normal,492.0,0
88A7D64B3CA8636E,2024-02-05,2024-02-05 18:26:31,ATLAS_BANCORP_002,OMEGA_FIN_113,6462.36,USD,UK,DE,velocity_burst,16.0,0
88DBF766D0B14624,2024-04-28,2024-04-28 12:59:26,APEX_CREDIT_074,CIPHER_CAPITAL_030,743.93,CHF,AU,UK,normal,4004.0,0
88DE1B682F505A7,2024-01-26,2024-01-26 12:10:17,CIPHER_CAPITAL_090,ECLIPSE_HOLDINGS_069,21453.01,AED,FR,KY,circular_flow,181.0,0
88F04DBF17505AB2,2024-06-09,2024-06-09 00:43:21,VORTEX_CREDIT_004,OMEGA_FIN_033,12610.19,USD,LI,PA,velocity_burst,15.0,0
8912C9BBCB929A1B,2024-02-29,2024-02-29 00:01:05,APEX_CREDIT_134,HELIX_PAYMENTS_045,8499.34,AED,AU,AU,structuring,622.0,0
8914F56621E2A886,2024-06-02,2024-06-02 05:08:40,QUANTUM_CLEARING_126,CIPHER_CAPITAL_170,4683.95,EUR,KY,MT,normal,3367.0,0
891624156C693FF7,2024-02-12,2024-02-12 05:34:06,NEXUS_TRUST_131,OMEGA_FIN_093,8535.9,USD,VG,DE,normal,24.0,0
8916B8154472960A,2024-01-28,2024-01-28 23:43:24,ECLIPSE_HOLDINGS_149,QUANTUM_CLEARING_006,9429.04,GBP,PA,SG,structuring,545.0,1
891FA726AA2E7BBA,2024-04-24,2024-04-24 18:29:39,AXIOM_PARTNERS_078,VORTEX_CREDIT_104,5402.38,EUR,AE,PA,normal,2903.0,0
8924149BDBAEA521,2024-06-03,2024-06-03 14:36:09,PRIME_HOLDINGS_179,CIPHER_CAPITAL_010,48883.05,USD,PA,JP,circular_flow,558.0,0
89357B37610CA7A6,2024-06-29,2024-06-29 04:34:02,ZENITH_FUND_007,MERIDIAN_CAPITAL_080,11782.12,SGD,SG,SG,normal,5219.0,0
8946BB654C5D5B77,2024-02-04,2024-02-04 20:26:04,OBSIDIAN_PARTNERS_008,OBSIDIAN_PARTNERS_168,164524.61,CHF,VG,DE,normal,4098.0,0
89498DA334808391,2024-03-12,2024-03-12 05:49:30,VORTEX_CREDIT_104,MERIDIAN_CAPITAL_140,21052.19,CHF,SG,KY,normal,1336.0,0
894F46B552C9584,2024-06-17,2024-06-17 23:38:25,ATLAS_BANCORP_142,ATLAS_BANCORP_022,1644.46,HKD,US,KY,velocity_burst,0.0,0
8951524A5D8047B5,2024-06-06,2024-06-06 19:10:10,NEXUS_TRUST_091,MERIDIAN_CAPITAL_180,12590.6,CHF,US,CY,normal,7324.0,0
895BB60DE03D5C0A,2024-03-08,2024-03-08 16:47:48,ATLAS_BANCORP_162,PRIME_HOLDINGS_079,31233.25,AED,CY,US,circular_flow,3274.0,0
896EFC708F835F2E,2024-04-11,2024-04-11 12:42:05,VERTEX_PAYMENTS_135,NEXUS_TRUST_051,11259.18,AED,FR,PA,normal,490.0,0
898518EBBB4E90E5,2024-01-09,2024-01-09 10:42:26,CIPHER_CAPITAL_090,MERIDIAN_CAPITAL_020,28530.18,GBP,SG,UK,normal,10604.0,0
89BE7B66FD74911F,2024-03-30,2024-03-30 13:47:32,DELTA_BANCORP_112,NOVA_TRUST_101,1330.55,GBP,US,PA,velocity_burst,1.0,1
89C2EDCD176643AC,2024-06-13,2024-06-13 15:32:59,CORONA_CLEARING_116,QUANTUM_CLEARING_106,107.12,SGD,AE,MT,normal,1377.0,0
89C7E6B786727E3C,2024-01-22,2024-01-22 10:15:19,AXIOM_PARTNERS_198,ATLAS_BANCORP_162,204967.86,HKD,SG,KY,layering,1380.0,0
89C9F4048ADC5E77,2024-04-10,2024-04-10 07:54:00,OMEGA_FIN_193,ATLAS_BANCORP_022,9970.48,CHF,DE,UK,velocity_burst,24.0,1
8A0C330F6160BDE8,2024-04-09,2024-04-09 21:36:56,OBSIDIAN_PARTNERS_148,CORONA_CLEARING_076,2779.13,CHF,KY,UK,normal,6613.0,0
8A1503A8F35699D2,2024-01-24,2024-01-24 16:21:45,MERIDIAN_CAPITAL_080,OMEGA_FIN_053,46039.4,USD,PA,LI,layering,306.0,0
8A4E2813B9E0456A,2024-02-27,2024-02-27 21:01:06,ECLIPSE_HOLDINGS_129,OBSIDIAN_PARTNERS_148,169351.72,AED,US,MT,layering,204.0,0
8A5057518A4B37AD,2024-06-12,2024-06-12 04:22:08,DELTA_BANCORP_052,VERTEX_PAYMENTS_175,8210.77,SGD,US,UK,structuring,53.0,0
8A57907FFBB498A7,2024-07-02,2024-07-02 09:11:30,NEXUS_TRUST_191,ECLIPSE_HOLDINGS_009,9025.57,USD,US,MT,structuring,194.0,0
8A6CCB33C79E46A9,2024-03-16,2024-03-16 18:54:05,QUANTUM_CLEARING_086,VORTEX_CREDIT_164,2687.34,SGD,AE,UK,normal,8335.0,0
8A7B73E9C0F9CFE1,2024-05-31,2024-05-31 13:51:54,HELIX_PAYMENTS_045,SOLARIS_FIN_123,1803.1,EUR,JP,AE,normal,5071.0,0
8A7BA9F367B31439,2024-01-29,2024-01-29 15:39:38,ECLIPSE_HOLDINGS_069,STRATUS_FUND_157,8202.33,SGD,CY,SG,structuring,7602.0,0
8A8818A3FE9BD340,2024-06-16,2024-06-16 19:03:17,VERTEX_PAYMENTS_095,OBSIDIAN_PARTNERS_128,5660.71,CHF,LI,AU,normal,5119.0,0
8A908A41255D9110,2024-03-15,2024-03-15 20:02:45,OBSIDIAN_PARTNERS_028,QUANTUM_CLEARING_006,9447.61,EUR,VG,MT,structuring,19890.0,0
8A9C78F6390F2F6A,2024-06-03,2024-06-03 05:25:41,AXIOM_PARTNERS_178,MERIDIAN_CAPITAL_180,74830.92,USD,SG,UK,circular_flow,1092.0,0
8AA77915E3D73C9,2024-06-18,2024-06-18 18:17:34,OBSIDIAN_PARTNERS_008,VERTEX_PAYMENTS_155,65781.14,SGD,PA,MT,normal,2769.0,0
8AB4E684534779DD,2024-06-15,2024-06-15 08:36:01,DELTA_BANCORP_132,DELTA_BANCORP_052,3245374.35,USD,PA,US,normal,13377.0,0
8ABFCC3AC3E261E0,2024-03-08,2024-03-08 09:15:57,OMEGA_FIN_133,NOVA_TRUST_101,26705.81,SGD,PA,VG,circular_flow,4662.0,0
8AC39EBA4A7B3FE3,2024-04-15,2024-04-15 18:56:48,AXIOM_PARTNERS_058,QUANTUM_CLEARING_046,3824.98,SGD,DE,SG,normal,12753.0,0
8AC5F23C545A9AE,2024-02-05,2024-02-05 09:08:47,SOLARIS_FIN_103,OBSIDIAN_PARTNERS_148,16784.9,HKD,PA,KY,normal,1260.0,0
8ACC41C169233EE5,2024-03-14,2024-03-14 23:46:02,ZENITH_FUND_147,SOLARIS_FIN_023,7373.46,SGD,US,MT,velocity_burst,18.0,0
8AD76749A762E4A4,2024-01-27,2024-01-27 19:15:04,OMEGA_FIN_133,ATLAS_BANCORP_182,50606.92,HKD,KY,AE,layering,1373.0,0
8AD8E908B4D8E774,2024-05-22,2024-05-22 02:33:57,STRATUS_FUND_137,MERIDIAN_CAPITAL_000,4186.09,CHF,KY,LI,normal,4778.0,0
8AE36E5E46E11639,2024-01-11,2024-01-11 01:49:43,PRIME_HOLDINGS_199,VORTEX_CREDIT_064,3806.0,USD,VG,SG,velocity_burst,14.0,0
8B007B8784F68390,2024-03-12,2024-03-12 20:40:46,MERIDIAN_CAPITAL_040,DELTA_BANCORP_092,8101.92,GBP,KY,MT,structuring,577.0,1
8B04AFB62EAB6A85,2024-03-26,2024-03-26 13:03:06,DELTA_BANCORP_152,ATLAS_BANCORP_022,22145.82,AED,KY,US,normal,2240.0,0
8B14FE225EDB61D6,2024-07-04,2024-07-04 07:31:46,MERIDIAN_CAPITAL_000,HELIX_PAYMENTS_165,14535.03,HKD,VG,AE,normal,1005.0,0
8B2C4A6A2C9A7062,2024-02-26,2024-02-26 10:20:12,ECLIPSE_HOLDINGS_089,OMEGA_FIN_113,11205.11,GBP,UK,AU,velocity_burst,3.0,0
8B2DBBDFEDB3E5D7,2024-02-14,2024-02-14 12:58:11,SOLARIS_FIN_163,ECLIPSE_HOLDINGS_129,4704.33,USD,CY,JP,velocity_burst,429.0,0
8B318772ED9277DD,2024-02-17,2024-02-17 21:06:02,HELIX_PAYMENTS_145,OMEGA_FIN_113,8003.35,HKD,AE,UK,structuring,653.0,0
8B3911CFAED2B260,2024-01-15,2024-01-15 20:44:23,CIPHER_CAPITAL_070,CIPHER_CAPITAL_050,9703.94,AED,AU,JP,structuring,294.0,0
8B3B0CF06E7FCA06,2024-04-02,2024-04-02 21:51:07,PRIME_HOLDINGS_059,ECLIPSE_HOLDINGS_169,182670.89,EUR,JP,DE,normal,9014.0,0
8B3C67E78A5EFE42,2024-03-10,2024-03-10 02:49:27,PRIME_HOLDINGS_179,OMEGA_FIN_133,4472.85,SGD,LI,MT,normal,12713.0,0
8B45E403EA03773D,2024-06-27,2024-06-27 11:25:31,HELIX_PAYMENTS_005,AXIOM_PARTNERS_058,13084.09,CHF,VG,PA,normal,2435.0,0
8B4ABC2570CCB8C4,2024-02-14,2024-02-14 19:21:34,QUANTUM_CLEARING_046,NEXUS_TRUST_031,11860.86,HKD,JP,DE,normal,12472.0,0
8B59B249158495DA,2024-01-18,2024-01-18 07:51:19,MERIDIAN_CAPITAL_160,OMEGA_FIN_113,303078.04,HKD,KY,FR,layering,1787.0,0
8B61D84143351787,2024-02-18,2024-02-18 06:19:56,DELTA_BANCORP_072,MERIDIAN_CAPITAL_120,6794.4,EUR,SG,VG,velocity_burst,14.0,0
8B724E49AA95CEED,2024-03-16,2024-03-16 13:29:59,ZENITH_FUND_167,OMEGA_FIN_193,44760.48,GBP,SG,MT,normal,1116.0,0
8B79DF13D42EC22E,2024-05-19,2024-05-19 17:10:49,APEX_CREDIT_154,ECLIPSE_HOLDINGS_169,1240.55,AED,PA,JP,normal,28944.0,0
8B812D0C6B1D076B,2024-05-21,2024-05-21 10:38:30,OBSIDIAN_PARTNERS_008,AXIOM_PARTNERS_138,8089.41,EUR,LI,DE,structuring,187.0,1
8B9DF9EC748DE5E5,2024-02-24,2024-02-24 09:02:44,MERIDIAN_CAPITAL_000,VERTEX_PAYMENTS_155,261537.87,GBP,MT,MT,normal,11289.0,0
8B9F88BDA3C9725B,2024-06-25,2024-06-25 06:32:25,VERTEX_PAYMENTS_195,OBSIDIAN_PARTNERS_148,613097.8,CHF,MT,US,normal,964.0,0
8BA8E4701854CA99,2024-01-22,2024-01-22 10:56:13,APEX_CREDIT_154,NEXUS_TRUST_191,175734.32,SGD,AE,LI,layering,906.0,0
8BAF1ECD3DC6C9C8,2024-01-12,2024-01-12 03:00:45,AXIOM_PARTNERS_178,MERIDIAN_CAPITAL_020,35862.43,CHF,AE,MT,normal,8545.0,0
8BB43F5839AB5D88,2024-02-09,2024-02-09 17:29:48,AXIOM_PARTNERS_098,STRATUS_FUND_017,3125.9,AED,FR,KY,velocity_burst,8.0,1
8BBB8B0C9DAC8BA0,2024-03-05,2024-03-05 03:59:03,PRIME_HOLDINGS_139,CORONA_CLEARING_176,14831.09,AED,MT,LI,velocity_burst,18.0,1
8BC45DD7C73BC222,2024-05-10,2024-05-10 07:32:22,VORTEX_CREDIT_184,ZENITH_FUND_027,10624.7,SGD,MT,LI,velocity_burst,63.0,1
8BCB982C8F673CD3,2024-01-31,2024-01-31 00:05:44,DELTA_BANCORP_112,CIPHER_CAPITAL_110,9434.97,USD,JP,CY,structuring,584.0,0
8BCFC73451A39456,2024-06-10,2024-06-10 00:55:12,PRIME_HOLDINGS_119,CORONA_CLEARING_136,89586.79,CHF,US,AE,circular_flow,137.0,0
8BDD24FA2AA19AEC,2024-04-01,2024-04-01 15:00:28,STRATUS_FUND_177,ECLIPSE_HOLDINGS_109,13849.6,EUR,LI,JP,velocity_burst,3742.0,0
8BE53037FD17034D,2024-02-04,2024-02-04 12:47:21,MERIDIAN_CAPITAL_100,DELTA_BANCORP_092,3157.01,USD,AE,JP,velocity_burst,8.0,0
8BF37F19C1C7356A,2024-02-03,2024-02-03 23:38:15,STRATUS_FUND_097,HELIX_PAYMENTS_165,11217.8,CHF,DE,US,normal,10213.0,0
8C0437B1C37DA1EC,2024-07-03,2024-07-03 21:16:20,STRATUS_FUND_117,CIPHER_CAPITAL_030,9559.65,HKD,JP,DE,structuring,273.0,0
8C05960F5DFDD6B2,2024-02-10,2024-02-10 05:25:49,ZENITH_FUND_187,HELIX_PAYMENTS_105,5088.44,AED,AU,AE,velocity_burst,61.0,1
8C08261A2F81B321,2024-02-11,2024-02-11 16:56:38,MERIDIAN_CAPITAL_140,OBSIDIAN_PARTNERS_008,2346.23,SGD,CY,AU,normal,5013.0,0
8C090D47FD25670B,2024-06-24,2024-06-24 12:46:31,ZENITH_FUND_147,APEX_CREDIT_054,52323.42,CHF,MT,US,normal,73.0,0
8C0EF24F4C0579A0,2024-02-25,2024-02-25 16:28:28,PRIME_HOLDINGS_119,HELIX_PAYMENTS_145,7803.25,HKD,US,LI,normal,3125.0,0
8C1501358F70BB4E,2024-02-15,2024-02-15 08:40:52,NOVA_TRUST_081,OMEGA_FIN_013,11971.24,USD,VG,AU,velocity_burst,8164.0,0
8C3B785AB856D62A,2024-03-20,2024-03-20 19:50:56,CORONA_CLEARING_016,AXIOM_PARTNERS_178,3290.26,SGD,KY,MT,normal,9237.0,0
8C3BC981F1D0024E,2024-06-21,2024-06-21 13:35:15,PRIME_HOLDINGS_099,NOVA_TRUST_081,1855.82,AED,VG,MT,normal,6637.0,0
8C41E98E3DFA3AED,2024-04-04,2024-04-04 23:13:03,AXIOM_PARTNERS_018,ECLIPSE_HOLDINGS_009,1816.81,GBP,JP,US,normal,12186.0,0
8C45CAE8807BD369,2024-01-27,2024-01-27 04:46:02,AXIOM_PARTNERS_078,HELIX_PAYMENTS_165,90.03,AED,FR,JP,normal,5985.0,0
8C5A9F37A55B5E20,2024-03-02,2024-03-02 13:19:44,SOLARIS_FIN_083,VORTEX_CREDIT_084,1703.31,GBP,DE,US,normal,8049.0,0
8C5AFA362E247562,2024-06-14,2024-06-14 20:42:40,APEX_CREDIT_134,DELTA_BANCORP_072,36742.5,HKD,SG,PA,circular_flow,760.0,0
8C6DE719F6031608,2024-01-30,2024-01-30 00:28:07,QUANTUM_CLEARING_186,AXIOM_PARTNERS_098,840847.17,GBP,PA,PA,normal,5950.0,0
8C6EF899E45FBAD4,2024-05-09,2024-05-09 15:35:23,PRIME_HOLDINGS_059,STRATUS_FUND_097,4572.34,CHF,AU,UK,normal,1244.0,0
8C75DF54B9CA5C07,2024-06-22,2024-06-22 18:33:49,CIPHER_CAPITAL_110,VERTEX_PAYMENTS_115,96790.94,HKD,AU,UK,normal,5655.0,0
8C7E930E666BE630,2024-07-03,2024-07-03 16:20:43,CORONA_CLEARING_196,CIPHER_CAPITAL_130,7485.4,AED,KY,VG,normal,350.0,0
8C829BEB93C3CC6D,2024-03-10,2024-03-10 22:26:32,QUANTUM_CLEARING_126,SOLARIS_FIN_003,14824.44,HKD,SG,MT,normal,22639.0,0
8C933FDB6E921E1F,2024-06-13,2024-06-13 12:04:28,NEXUS_TRUST_151,ECLIPSE_HOLDINGS_009,5690.74,USD,JP,FR,normal,3689.0,0
8C9AB3A4346A6EFA,2024-04-30,2024-04-30 10:30:42,VERTEX_PAYMENTS_035,HELIX_PAYMENTS_005,451627.94,CHF,VG,KY,layering,595.0,0
8C9CF3C8FAB6E7C1,2024-01-01,2024-01-01 16:54:15,APEX_CREDIT_054,ECLIPSE_HOLDINGS_109,22327.35,SGD,AE,US,normal,8483.0,0
8CCF41263E1E6FDE,2024-01-30,2024-01-30 09:34:25,DELTA_BANCORP_052,STRATUS_FUND_057,393.77,HKD,SG,SG,normal,8440.0,0
8CEC00E2AD9FB9AD,2024-05-01,2024-05-01 17:53:50,PRIME_HOLDINGS_039,NEXUS_TRUST_031,1346.31,CHF,KY,SG,normal,14373.0,0
8CEC9FDE79B36BEB,2024-02-20,2024-02-20 22:00:35,HELIX_PAYMENTS_045,DELTA_BANCORP_032,34864.93,SGD,FR,JP,normal,3200.0,0
8CEDBDF572AF50D9,2024-01-20,2024-01-20 02:56:48,APEX_CREDIT_054,ATLAS_BANCORP_062,3627.24,HKD,CY,UK,velocity_burst,3443.0,0
8CF782F9B1DA430A,2024-02-20,2024-02-20 11:23:38,APEX_CREDIT_114,HELIX_PAYMENTS_165,8702.03,AED,AE,LI,normal,2574.0,0
8D006D2878C82B88,2024-02-07,2024-02-07 08:41:35,VERTEX_PAYMENTS_195,CIPHER_CAPITAL_050,4326.65,CHF,FR,US,normal,14761.0,0
8D03438ED4307C38,2024-03-02,2024-03-02 00:51:29,DELTA_BANCORP_092,HELIX_PAYMENTS_005,8006.91,HKD,JP,JP,structuring,55.0,0
8D0C5E7CB1CE4318,2024-07-03,2024-07-03 21:11:22,STRATUS_FUND_117,CORONA_CLEARING_096,8084.77,SGD,US,JP,structuring,246.0,0
8D13B4B7BAB8AC9A,2024-04-11,2024-04-11 05:15:40,CORONA_CLEARING_196,SOLARIS_FIN_043,9523.17,CHF,CY,CY,structuring,57.0,1
8D1653CCB6803FBA,2024-01-01,2024-01-01 01:24:34,HELIX_PAYMENTS_105,SOLARIS_FIN_103,9557.2,EUR,AE,MT,structuring,333.0,0
8D202EF2F666F55F,2024-05-10,2024-05-10 07:29:34,VORTEX_CREDIT_184,ECLIPSE_HOLDINGS_049,9251.85,SGD,US,DE,velocity_burst,8633.0,0
8D2673655D2496DE,2024-04-22,2024-04-22 03:04:54,NOVA_TRUST_121,PRIME_HOLDINGS_119,44363.8,CHF,VG,PA,normal,2800.0,0
8D3629CB856F9F2B,2024-03-30,2024-03-30 06:08:25,ECLIPSE_HOLDINGS_169,DELTA_BANCORP_032,2495047.68,AED,LI,PA,normal,1915.0,0
8D39050A7611AC06,2024-03-02,2024-03-02 23:29:10,OBSIDIAN_PARTNERS_088,HELIX_PAYMENTS_065,12764.55,GBP,AU,CY,velocity_burst,18.0,1
8D589C20E38DC502,2024-02-09,2024-02-09 17:29:40,AXIOM_PARTNERS_098,AXIOM_PARTNERS_138,13963.07,SGD,AU,SG,velocity_burst,41.0,1
8D697C38B2639B4A,2024-01-23,2024-01-23 00:36:16,CIPHER_CAPITAL_090,DELTA_BANCORP_072,8140.51,USD,AU,DE,structuring,46.0,1
8D76972E3DF3D7DB,2024-05-09,2024-05-09 14:19:34,ZENITH_FUND_127,OMEGA_FIN_073,11649.57,CHF,PA,PA,normal,8141.0,0
8D7B36F291596CF1,2024-01-15,2024-01-15 10:13:36,OMEGA_FIN_053,AXIOM_PARTNERS_018,2832.12,GBP,KY,VG,normal,6440.0,0
8D8795C12C6E45A4,2024-03-03,2024-03-03 06:23:39,OBSIDIAN_PARTNERS_168,ATLAS_BANCORP_082,100193.16,AED,DE,VG,normal,4964.0,0
8D885CBF8C20D1B3,2024-01-17,2024-01-17 09:41:12,CORONA_CLEARING_076,ZENITH_FUND_027,63645.39,AED,FR,MT,normal,971.0,0
8D89EF167A2B1DD7,2024-03-26,2024-03-26 22:45:44,NEXUS_TRUST_091,QUANTUM_CLEARING_086,233810.45,HKD,SG,SG,normal,730.0,0
8D89F4AE78FE3961,2024-01-20,2024-01-20 02:58:26,APEX_CREDIT_054,MERIDIAN_CAPITAL_020,11820.28,SGD,JP,MT,velocity_burst,26.0,0
8D926D43B27B6607,2024-02-15,2024-02-15 08:41:16,NOVA_TRUST_081,ECLIPSE_HOLDINGS_049,7675.84,EUR,US,CY,velocity_burst,6.0,0
8D9D831D3642317A,2024-05-02,2024-05-02 22:51:47,PRIME_HOLDINGS_179,ATLAS_BANCORP_142,13284.97,HKD,VG,AU,normal,5857.0,0
8DB627D2E2789E4D,2024-05-05,2024-05-05 10:54:00,AXIOM_PARTNERS_118,ECLIPSE_HOLDINGS_169,40109.23,CHF,AE,PA,normal,13169.0,0
8DC9EE7B63AE7E61,2024-02-02,2024-02-02 21:35:59,APEX_CREDIT_094,APEX_CREDIT_054,256702.37,AED,SG,LI,normal,2584.0,0
8DF355814EB4E209,2024-05-29,2024-05-29 15:26:44,ZENITH_FUND_007,CIPHER_CAPITAL_170,238181.94,HKD,UK,MT,normal,8745.0,0
8DF37B2A629D1AE8,2024-04-26,2024-04-26 01:36:07,NOVA_TRUST_121,SOLARIS_FIN_103,4156.7,SGD,FR,DE,normal,208.0,0
8E10D5BEEAC682A2,2024-04-11,2024-04-11 11:28:25,STRATUS_FUND_057,NEXUS_TRUST_011,122345.87,GBP,JP,AU,normal,10224.0,0
8E1D017248F3E6F5,2024-02-26,2024-02-26 10:22:03,ECLIPSE_HOLDINGS_089,OMEGA_FIN_033,11918.8,EUR,DE,UK,velocity_burst,19.0,1
8E269904CEAAB76D,2024-03-01,2024-03-01 22:05:52,ATLAS_BANCORP_022,QUANTUM_CLEARING_066,375141.67,EUR,LI,VG,layering,147.0,0
8E2DCB1B3D2D098B,2024-03-31,2024-03-31 12:00:56,SOLARIS_FIN_163,NEXUS_TRUST_011,29550.64,AED,KY,PA,normal,1429.0,0
8E3ED5B7910B97CC,2024-06-17,2024-06-17 12:43:48,ECLIPSE_HOLDINGS_129,STRATUS_FUND_137,1316.09,CHF,SG,SG,normal,16345.0,0
8E58CD586D2F6314,2024-03-13,2024-03-13 23:51:10,OMEGA_FIN_073,ZENITH_FUND_007,8427.35,USD,SG,AU,structuring,2365.0,0
8E63A3E6DD64A2B4,2024-04-03,2024-04-03 15:12:53,STRATUS_FUND_057,CORONA_CLEARING_136,8193.27,GBP,VG,AU,structuring,309.0,0
8E6A3A4E64E4E61D,2024-05-10,2024-05-10 13:36:56,PRIME_HOLDINGS_019,AXIOM_PARTNERS_138,5315.81,CHF,SG,KY,velocity_burst,21.0,1
8E6F685DCF8FA459,2024-02-14,2024-02-14 15:51:00,NEXUS_TRUST_091,MERIDIAN_CAPITAL_020,3723.4,EUR,US,CY,velocity_burst,18.0,0
8E75F0BC9FBF1984,2024-01-15,2024-01-15 20:51:11,CIPHER_CAPITAL_070,ATLAS_BANCORP_122,8883.61,GBP,DE,CY,structuring,408.0,0
8E7C93BC832FBDA5,2024-04-21,2024-04-21 23:20:27,MERIDIAN_CAPITAL_100,QUANTUM_CLEARING_126,43300.61,EUR,DE,DE,normal,9262.0,0
8E7E17EC182BEA25,2024-06-18,2024-06-18 15:18:07,SOLARIS_FIN_123,CORONA_CLEARING_056,5424.46,GBP,DE,MT,velocity_burst,17.0,0
8E81650FEB5301A8,2024-02-20,2024-02-20 14:36:48,ATLAS_BANCORP_182,OBSIDIAN_PARTNERS_028,11548.21,USD,MT,PA,normal,2332.0,0
8E951A3F5035DC05,2024-03-13,2024-03-13 14:51:38,OBSIDIAN_PARTNERS_168,QUANTUM_CLEARING_126,114961.21,AED,AU,VG,normal,11764.0,0
8ECF126A1E830B84,2024-04-18,2024-04-18 03:11:29,STRATUS_FUND_117,HELIX_PAYMENTS_065,3794.28,EUR,VG,AU,normal,6997.0,0
8EF3A691C125774B,2024-03-18,2024-03-18 22:02:20,OBSIDIAN_PARTNERS_148,CIPHER_CAPITAL_130,8561.08,AED,JP,LI,structuring,584.0,0
8EFD50D743E73567,2024-04-20,2024-04-20 03:27:36,ECLIPSE_HOLDINGS_009,NOVA_TRUST_001,11859.89,HKD,DE,VG,normal,7971.0,0
8F01D66F3A7C8899,2024-06-23,2024-06-23 21:59:24,MERIDIAN_CAPITAL_080,ZENITH_FUND_147,11470.05,EUR,UK,PA,normal,295.0,0
8F0D18A749DBE3F9,2024-01-18,2024-01-18 21:53:19,PRIME_HOLDINGS_099,SOLARIS_FIN_083,48485.89,EUR,MT,VG,normal,3480.0,0
8F0D3A6589583A2F,2024-02-14,2024-02-14 12:59:11,SOLARIS_FIN_163,PRIME_HOLDINGS_159,2083.05,HKD,MT,LI,velocity_burst,4.0,0
8F3AC93E79A0852A,2024-02-24,2024-02-24 21:58:37,CIPHER_CAPITAL_110,OBSIDIAN_PARTNERS_148,150.29,CHF,KY,KY,normal,10232.0,0
8F3C01AEF202C0CB,2024-01-24,2024-01-24 00:54:23,ZENITH_FUND_007,NEXUS_TRUST_191,1284.11,EUR,SG,CY,normal,17221.0,0
8F3E22B6B4E6A064,2024-03-31,2024-03-31 08:10:27,HELIX_PAYMENTS_065,QUANTUM_CLEARING_106,10861.51,EUR,FR,PA,velocity_burst,2.0,0
8F44C399A92CCE50,2024-04-01,2024-04-01 15:03:56,STRATUS_FUND_177,VORTEX_CREDIT_144,11386.94,HKD,UK,PA,velocity_burst,8.0,1
8F4A57D275225167,2024-02-26,2024-02-26 10:20:27,ECLIPSE_HOLDINGS_089,SOLARIS_FIN_083,10460.77,HKD,CY,FR,velocity_burst,15.0,0
8F5189FC1E791038,2024-06-30,2024-06-30 05:51:18,HELIX_PAYMENTS_025,VERTEX_PAYMENTS_195,226296.46,AED,MT,PA,normal,4457.0,0
8F7F5E3D2ED68B96,2024-03-01,2024-03-01 14:05:52,APEX_CREDIT_174,MERIDIAN_CAPITAL_120,5651.18,USD,LI,JP,normal,2714.0,0
8F87A370D51FB4C0,2024-02-09,2024-02-09 17:23:08,AXIOM_PARTNERS_098,STRATUS_FUND_037,3214.93,USD,LI,PA,velocity_burst,5267.0,0
8F949FC16F44D13C,2024-01-04,2024-01-04 16:43:58,MERIDIAN_CAPITAL_020,AXIOM_PARTNERS_098,1729.91,USD,AU,AU,normal,27422.0,0
8F9B5BAA1DFAC95,2024-06-17,2024-06-17 22:07:20,SOLARIS_FIN_103,DELTA_BANCORP_132,551.06,USD,VG,PA,normal,13.0,0
8FC56B7EECF94E41,2024-03-30,2024-03-30 13:47:21,DELTA_BANCORP_112,VORTEX_CREDIT_104,13022.18,SGD,MT,AE,velocity_burst,2.0,1
8FD5339732792AB0,2024-01-18,2024-01-18 07:05:09,STRATUS_FUND_137,CIPHER_CAPITAL_030,650.38,CHF,FR,CY,normal,22.0,0
8FF9BC774BFE9E6F,2024-05-26,2024-05-26 00:34:58,OBSIDIAN_PARTNERS_008,PRIME_HOLDINGS_099,640.27,CHF,DE,MT,normal,161.0,0
8FFDA995F294CAB3,2024-06-25,2024-06-25 19:12:21,OBSIDIAN_PARTNERS_108,OBSIDIAN_PARTNERS_148,16662.16,GBP,PA,US,normal,2165.0,0
9012EAA9F2175056,2024-01-31,2024-01-31 00:24:20,MERIDIAN_CAPITAL_100,VORTEX_CREDIT_004,9687.74,AED,JP,JP,structuring,147.0,0
90144B1381055ACE,2024-04-01,2024-04-01 15:07:33,STRATUS_FUND_177,VERTEX_PAYMENTS_075,12113.58,HKD,CY,SG,velocity_burst,83.0,1
901705FD54DAF90C,2024-02-27,2024-02-27 15:11:06,MERIDIAN_CAPITAL_000,SOLARIS_FIN_163,8641.97,GBP,LI,AE,structuring,930.0,1
901E0183BEB39EE7,2024-01-02,2024-01-02 19:40:05,VORTEX_CREDIT_124,NOVA_TRUST_141,2825.66,HKD,FR,SG,normal,4024.0,0
90296C7F31804A64,2024-04-01,2024-04-01 12:54:49,ZENITH_FUND_007,CORONA_CLEARING_116,7858.13,CHF,MT,UK,velocity_burst,2.0,1
902E1F6544DF6F9E,2024-04-01,2024-04-01 15:07:45,STRATUS_FUND_177,ATLAS_BANCORP_162,9887.77,USD,DE,DE,velocity_burst,12.0,1
903F8971DFDA5D02,2024-01-29,2024-01-29 22:48:57,SOLARIS_FIN_003,NOVA_TRUST_181,564936.92,EUR,FR,VG,normal,7812.0,0
906C114A7EA882DA,2024-06-07,2024-06-07 09:37:43,NEXUS_TRUST_191,NOVA_TRUST_021,8257.56,SGD,JP,UK,structuring,41.0,0
907074A550A1E57C,2024-02-13,2024-02-13 13:05:18,OBSIDIAN_PARTNERS_108,DELTA_BANCORP_032,68339.09,HKD,FR,AE,circular_flow,1137.0,0
9075E842BCD3FAAD,2024-05-24,2024-05-24 05:05:31,ZENITH_FUND_187,SOLARIS_FIN_103,576170.82,HKD,UK,MT,normal,2983.0,0
908BA71B74D0C459,2024-02-14,2024-02-14 10:00:24,DELTA_BANCORP_072,STRATUS_FUND_137,8492.93,USD,VG,CY,normal,12686.0,0
908FCB5763D0EAD4,2024-05-03,2024-05-03 14:37:41,OBSIDIAN_PARTNERS_048,CORONA_CLEARING_196,56523.55,USD,PA,JP,layering,7.0,0
909091241AA2200C,2024-04-21,2024-04-21 10:02:38,CORONA_CLEARING_096,HELIX_PAYMENTS_005,2736.24,HKD,AE,AE,velocity_burst,23.0,1
90968654D8B964BC,2024-05-20,2024-05-20 20:27:36,NEXUS_TRUST_111,OBSIDIAN_PARTNERS_148,8360.28,AED,SG,MT,structuring,165.0,0
90A7149C90FB7A36,2024-01-19,2024-01-19 01:55:33,SOLARIS_FIN_043,NOVA_TRUST_181,23863.38,CHF,VG,UK,normal,2390.0,0
90B889E22536EA7,2024-02-19,2024-02-19 16:28:18,STRATUS_FUND_177,VERTEX_PAYMENTS_135,53221.38,SGD,UK,JP,circular_flow,1232.0,0
90C3E253F21F3E14,2024-03-17,2024-03-17 00:31:57,STRATUS_FUND_177,VERTEX_PAYMENTS_155,11723.92,CHF,AE,US,normal,8890.0,0
90CEB3B26F83AB90,2024-02-04,2024-02-04 13:28:51,HELIX_PAYMENTS_005,NEXUS_TRUST_151,449194.48,SGD,US,LI,layering,692.0,0
90D00D25F3FED90B,2024-05-28,2024-05-28 21:44:31,MERIDIAN_CAPITAL_000,SOLARIS_FIN_083,1150.45,USD,FR,KY,normal,614.0,0
90D1B6637E3CD9BE,2024-06-29,2024-06-29 00:33:32,ATLAS_BANCORP_082,PRIME_HOLDINGS_119,4963.73,GBP,SG,DE,velocity_burst,114.0,0
90D7F8AF7B2257D2,2024-01-22,2024-01-22 19:52:56,MERIDIAN_CAPITAL_060,NEXUS_TRUST_151,18056.99,SGD,DE,US,circular_flow,164.0,0
90F2DD55388FE111,2024-06-13,2024-06-13 09:22:50,VORTEX_CREDIT_164,STRATUS_FUND_017,160201.17,HKD,JP,LI,normal,12209.0,0
91055F10989F2178,2024-02-19,2024-02-19 09:37:38,CORONA_CLEARING_196,VORTEX_CREDIT_124,8676.66,USD,MT,UK,velocity_burst,91.0,1
911419EE66DFD710,2024-01-12,2024-01-12 17:18:15,NOVA_TRUST_141,HELIX_PAYMENTS_025,9254.82,USD,SG,US,structuring,16.0,0
912061FB75795D2D,2024-01-03,2024-01-03 05:52:44,AXIOM_PARTNERS_118,NEXUS_TRUST_071,13227.43,AED,LI,AE,velocity_burst,5.0,0
91365ECEB22A0707,2024-02-20,2024-02-20 05:11:27,CORONA_CLEARING_116,VERTEX_PAYMENTS_075,119926.31,GBP,LI,AE,layering,711.0,0
913C1E6B604F6DD0,2024-06-20,2024-06-20 11:27:20,CORONA_CLEARING_196,DELTA_BANCORP_092,100384.84,GBP,MT,SG,normal,7728.0,0
913D1B5BB2594082,2024-02-24,2024-02-24 05:54:35,HELIX_PAYMENTS_145,VORTEX_CREDIT_144,24534.51,SGD,PA,MT,normal,5704.0,0
915763BDB1F9CFCE,2024-06-19,2024-06-19 18:48:29,ECLIPSE_HOLDINGS_049,CIPHER_CAPITAL_190,40022.63,SGD,AE,FR,circular_flow,356.0,0
91647F928975E576,2024-06-09,2024-06-09 15:10:37,VERTEX_PAYMENTS_115,HELIX_PAYMENTS_145,5066.7,HKD,JP,SG,normal,1217.0,0
9169C8A6C5728F23,2024-02-18,2024-02-18 07:41:42,PRIME_HOLDINGS_139,ECLIPSE_HOLDINGS_169,74621.13,CHF,SG,DE,normal,4737.0,0
916AC44695ECCBB9,2024-03-05,2024-03-05 03:59:18,PRIME_HOLDINGS_139,VORTEX_CREDIT_104,10298.44,SGD,FR,CY,velocity_burst,9.0,1
9174DEF3709C8611,2024-02-01,2024-02-01 16:22:18,ECLIPSE_HOLDINGS_189,OBSIDIAN_PARTNERS_128,67919.03,EUR,LI,LI,normal,1724.0,0
917525F3B938988C,2024-02-14,2024-02-14 12:59:47,SOLARIS_FIN_163,CIPHER_CAPITAL_190,3409.4,AED,US,UK,velocity_burst,24.0,1
917D4573E2C66ADE,2024-06-24,2024-06-24 17:46:06,ECLIPSE_HOLDINGS_029,AXIOM_PARTNERS_158,13424.17,EUR,DE,KY,normal,55.0,0
9182ADF378E44BC5,2024-03-30,2024-03-30 13:47:09,DELTA_BANCORP_112,OMEGA_FIN_033,11870.77,EUR,MT,KY,velocity_burst,2.0,0
9185176DDAA09D23,2024-04-19,2024-04-19 13:37:11,PRIME_HOLDINGS_099,AXIOM_PARTNERS_138,5624.07,AED,LI,DE,velocity_burst,8200.0,0
918D6D56F3C72552,2024-03-26,2024-03-26 21:59:25,CORONA_CLEARING_056,CORONA_CLEARING_036,9669.39,USD,LI,AU,structuring,62.0,0
918FB6DC5C3C178E,2024-04-15,2024-04-15 04:14:35,CIPHER_CAPITAL_130,VERTEX_PAYMENTS_075,35699.09,CHF,AU,CY,normal,3016.0,0
91A79A6B4EAB452D,2024-06-27,2024-06-27 18:51:37,MERIDIAN_CAPITAL_140,OMEGA_FIN_053,14621.03,GBP,MT,MT,normal,1857.0,0
91AD279BCA799117,2024-06-28,2024-06-28 04:27:33,NEXUS_TRUST_031,NEXUS_TRUST_131,11951.11,SGD,PA,MT,velocity_burst,54.0,1
91B217A9862903CE,2024-03-28,2024-03-28 05:05:34,ZENITH_FUND_087,ATLAS_BANCORP_162,909.19,EUR,KY,KY,velocity_burst,21.0,1
91BB3D1344A70A1C,2024-04-24,2024-04-24 07:15:23,HELIX_PAYMENTS_145,VERTEX_PAYMENTS_195,5048.12,EUR,AU,CY,velocity_burst,12.0,1
91C6D013C2E21F9B,2024-06-29,2024-06-29 00:30:33,ATLAS_BANCORP_082,VERTEX_PAYMENTS_155,1933.58,EUR,FR,FR,velocity_burst,10.0,0
91D9E380A5119828,2024-04-02,2024-04-02 08:35:03,ATLAS_BANCORP_082,QUANTUM_CLEARING_046,25868.23,USD,LI,CY,normal,18873.0,0
91F51C433537D0E4,2024-01-02,2024-01-02 12:15:20,MERIDIAN_CAPITAL_000,STRATUS_FUND_037,4568.28,USD,SG,AE,velocity_burst,2.0,0
921AE1E556A9E8E,2024-02-02,2024-02-02 12:00:28,ECLIPSE_HOLDINGS_089,CIPHER_CAPITAL_070,1444.24,HKD,US,JP,normal,3572.0,0
9221E19A8EF41CDC,2024-04-27,2024-04-27 21:27:44,PRIME_HOLDINGS_199,ATLAS_BANCORP_102,9046.81,USD,VG,CY,structuring,185.0,0
9226764C51F96C2,2024-03-12,2024-03-12 20:21:18,MERIDIAN_CAPITAL_040,DELTA_BANCORP_192,8320.79,USD,PA,UK,structuring,177.0,0
9227A94285B17BFD,2024-02-05,2024-02-05 15:40:55,DELTA_BANCORP_012,OMEGA_FIN_013,9551.85,USD,MT,KY,structuring,4286.0,0
923571883C78D6F4,2024-06-29,2024-06-29 11:14:01,OMEGA_FIN_173,HELIX_PAYMENTS_005,9118.28,AED,LI,AE,structuring,148.0,0
923B69D7A26FEE1E,2024-03-06,2024-03-06 22:59:10,ATLAS_BANCORP_062,VORTEX_CREDIT_004,111505.7,SGD,MT,SG,normal,11116.0,0
9242FF2E511E9112,2024-06-09,2024-06-09 23:31:36,PRIME_HOLDINGS_119,ZENITH_FUND_127,33803.94,CHF,VG,AE,normal,733.0,0
924F25459A006860,2024-05-16,2024-05-16 18:38:11,AXIOM_PARTNERS_158,CIPHER_CAPITAL_190,9328.97,USD,MT,PA,structuring,36.0,0
925109468B3186B6,2024-05-14,2024-05-14 21:26:50,QUANTUM_CLEARING_086,CORONA_CLEARING_016,408.14,EUR,KY,FR,normal,3172.0,0
9258CB95482D223E,2024-02-16,2024-02-16 07:57:10,HELIX_PAYMENTS_125,CORONA_CLEARING_136,27337.23,GBP,MT,FR,normal,798.0,0
926830DECC23EB6C,2024-02-01,2024-02-01 15:53:34,MERIDIAN_CAPITAL_160,NEXUS_TRUST_051,900.23,EUR,JP,US,normal,1081.0,0
9276A37B81B97DD4,2024-05-13,2024-05-13 09:48:32,OMEGA_FIN_193,PRIME_HOLDINGS_039,10738.03,AED,US,CY,normal,3937.0,0
927E9A8643B9D0D4,2024-06-18,2024-06-18 05:21:41,MERIDIAN_CAPITAL_160,PRIME_HOLDINGS_139,365.22,CHF,DE,AU,normal,13491.0,0
928070C917C5F943,2024-03-12,2024-03-12 10:57:33,APEX_CREDIT_014,CIPHER_CAPITAL_090,5435.28,GBP,FR,LI,normal,8697.0,0
92826BAEAB0CE761,2024-03-05,2024-03-05 14:10:13,ZENITH_FUND_147,SOLARIS_FIN_003,8208.33,GBP,KY,VG,structuring,5907.0,0
928469E2DC2196A5,2024-05-15,2024-05-15 01:03:47,SOLARIS_FIN_023,OMEGA_FIN_053,250146.18,SGD,PA,KY,normal,13017.0,0
929189FA30844DE0,2024-06-06,2024-06-06 09:44:21,OMEGA_FIN_053,APEX_CREDIT_014,11276.11,CHF,AE,AU,velocity_burst,13.0,0
929ED541CAE22365,2024-05-31,2024-05-31 01:36:22,ZENITH_FUND_007,STRATUS_FUND_177,6950.14,SGD,DE,PA,velocity_burst,12.0,1
92A38DB5F30FCEB2,2024-01-20,2024-01-20 02:58:00,APEX_CREDIT_054,OMEGA_FIN_013,8023.4,AED,CY,CY,velocity_burst,0.0,0
92AEAA88EC5F629F,2024-03-15,2024-03-15 14:31:15,OBSIDIAN_PARTNERS_048,ATLAS_BANCORP_162,2218.5,CHF,SG,CY,normal,1193.0,0
92C1490EAB375EC1,2024-03-18,2024-03-18 08:43:20,ZENITH_FUND_047,STRATUS_FUND_157,22602.51,AED,FR,JP,normal,5754.0,0
92C2BBEA6A146924,2024-01-21,2024-01-21 23:02:40,MERIDIAN_CAPITAL_040,NEXUS_TRUST_111,81774.57,AED,VG,AE,layering,809.0,0
92C9468C6ACFB43B,2024-06-18,2024-06-18 01:36:50,OBSIDIAN_PARTNERS_148,VORTEX_CREDIT_184,10372.52,GBP,LI,AE,velocity_burst,4.0,0
92C983616D47F831,2024-03-31,2024-03-31 08:13:59,HELIX_PAYMENTS_065,VERTEX_PAYMENTS_135,8779.8,CHF,DE,CY,velocity_burst,31.0,1
92CB1BBBA176C9FF,2024-05-31,2024-05-31 08:00:21,STRATUS_FUND_117,VERTEX_PAYMENTS_095,45121.16,AED,UK,KY,circular_flow,5843.0,0
92D7D06679CD2A4B,2024-04-27,2024-04-27 02:31:52,DELTA_BANCORP_112,SOLARIS_FIN_063,65174.64,USD,KY,PA,normal,3241.0,0
92EB5384AF8D19BB,2024-01-29,2024-01-29 20:38:45,ATLAS_BANCORP_082,VORTEX_CREDIT_144,6151.05,SGD,US,VG,normal,10277.0,0
92ED5E54978071F8,2024-02-15,2024-02-15 20:18:12,VORTEX_CREDIT_124,MERIDIAN_CAPITAL_140,72799.49,HKD,VG,SG,layering,974.0,0
92F06C4ACA6D9933,2024-02-16,2024-02-16 18:52:29,CIPHER_CAPITAL_170,HELIX_PAYMENTS_145,59408.98,AED,LI,SG,normal,2158.0,0
92FAA13839BC5BD2,2024-02-15,2024-02-15 23:59:26,SOLARIS_FIN_043,VORTEX_CREDIT_104,8990.59,SGD,SG,LI,normal,6916.0,0
92FF1F8EFE09B4A5,2024-05-08,2024-05-08 05:49:23,AXIOM_PARTNERS_098,ATLAS_BANCORP_062,5477.34,SGD,AE,US,normal,3997.0,0
9303A7037FA1B7AB,2024-04-19,2024-04-19 14:22:55,APEX_CREDIT_034,QUANTUM_CLEARING_026,6466.62,HKD,UK,MT,normal,2619.0,0
930FF44EE506FDC3,2024-01-08,2024-01-08 09:29:14,NOVA_TRUST_001,DELTA_BANCORP_012,763126.29,EUR,LI,LI,normal,74.0,0
93105001FB661276,2024-01-10,2024-01-10 13:31:30,ATLAS_BANCORP_082,QUANTUM_CLEARING_006,256175.3,CHF,JP,US,normal,5806.0,0
932CF90DBA5C9B5C,2024-01-17,2024-01-17 15:38:15,VERTEX_PAYMENTS_075,SOLARIS_FIN_023,8806.66,USD,CY,KY,structuring,276.0,0
933F698796FC6836,2024-01-22,2024-01-22 06:39:45,ECLIPSE_HOLDINGS_069,OBSIDIAN_PARTNERS_108,5340.82,AED,MT,FR,velocity_burst,0.0,0
934D319F2DA3CE26,2024-04-15,2024-04-15 06:31:49,NOVA_TRUST_121,QUANTUM_CLEARING_066,9718.99,CHF,MT,JP,structuring,51.0,0
93502BB12A0AEC83,2024-04-30,2024-04-30 13:25:48,ZENITH_FUND_107,QUANTUM_CLEARING_006,8597.18,SGD,VG,LI,structuring,181.0,0
936B6A5CC2C8FDDA,2024-03-01,2024-03-01 11:10:45,NOVA_TRUST_161,SOLARIS_FIN_183,432265.25,HKD,KY,KY,high_risk_jx,841.0,0
936CF95A5F27CCB9,2024-02-22,2024-02-22 08:25:53,HELIX_PAYMENTS_005,VORTEX_CREDIT_084,5858.79,HKD,PA,KY,velocity_burst,4.0,0
9372D56ED9901BF8,2024-06-15,2024-06-15 10:15:31,ATLAS_BANCORP_182,ECLIPSE_HOLDINGS_169,11683.11,CHF,LI,US,velocity_burst,6.0,0
9381AF55BEEC9F24,2024-03-08,2024-03-08 14:10:15,CORONA_CLEARING_076,NEXUS_TRUST_091,4228.34,AED,US,MT,normal,17336.0,0
938E3D1AAAABDA07,2024-01-30,2024-01-30 10:45:36,QUANTUM_CLEARING_066,VERTEX_PAYMENTS_035,6305.64,USD,LI,AE,normal,4271.0,0
9390E7EEBEC0BC1,2024-05-22,2024-05-22 05:31:10,MERIDIAN_CAPITAL_080,OMEGA_FIN_173,2069.94,SGD,FR,CY,normal,1635.0,0
939FB5778694B1D8,2024-05-03,2024-05-03 00:00:10,APEX_CREDIT_154,OMEGA_FIN_033,202722.15,CHF,AE,CY,normal,4103.0,0
93A99D48CC6724B5,2024-05-19,2024-05-19 02:18:02,OMEGA_FIN_193,SOLARIS_FIN_003,77642.58,USD,FR,AU,layering,502.0,0
93AE9648D064AD8F,2024-05-20,2024-05-20 20:40:13,DELTA_BANCORP_052,NOVA_TRUST_001,17493.21,HKD,AU,FR,normal,409.0,0
93C554AF43441C21,2024-06-15,2024-06-15 10:16:40,ATLAS_BANCORP_182,OMEGA_FIN_073,12437.35,CHF,CY,VG,velocity_burst,3.0,0
93CC7D28BE18BFC5,2024-01-05,2024-01-05 12:35:58,VERTEX_PAYMENTS_195,NEXUS_TRUST_151,50159.18,EUR,AE,PA,normal,2459.0,0
93CD6B7F6EB0D66E,2024-05-28,2024-05-28 21:34:17,MERIDIAN_CAPITAL_020,VORTEX_CREDIT_164,9812.79,AED,AU,VG,normal,547.0,0
93CFEF2940B81DF1,2024-03-18,2024-03-18 12:05:02,NEXUS_TRUST_051,SOLARIS_FIN_083,436176.83,AED,AU,PA,layering,1931.0,0
93D1BAC9393E5501,2024-04-23,2024-04-23 06:31:54,CIPHER_CAPITAL_190,HELIX_PAYMENTS_085,54740.58,GBP,SG,PA,normal,347.0,0
93EBF2A38ED3209D,2024-01-11,2024-01-11 15:36:04,CIPHER_CAPITAL_190,VERTEX_PAYMENTS_055,9632.6,USD,LI,AE,structuring,207.0,0
93FED3A92C55DBF7,2024-03-20,2024-03-20 11:54:48,AXIOM_PARTNERS_118,NOVA_TRUST_181,82660.87,SGD,VG,FR,normal,5355.0,0
9400DBF7DAA3D19C,2024-04-10,2024-04-10 22:17:55,AXIOM_PARTNERS_138,ZENITH_FUND_047,8984.56,AED,AE,DE,structuring,568.0,0
941921A749A950F8,2024-02-11,2024-02-11 01:45:59,ATLAS_BANCORP_142,CIPHER_CAPITAL_070,2555.49,USD,KY,JP,velocity_burst,2.0,0
9421767335D619E7,2024-01-10,2024-01-10 21:45:19,CIPHER_CAPITAL_150,VORTEX_CREDIT_064,9755.54,SGD,MT,VG,structuring,478.0,0
942A6BD599304FC1,2024-02-02,2024-02-02 04:56:00,QUANTUM_CLEARING_066,DELTA_BANCORP_132,97456.37,CHF,JP,JP,layering,14981.0,0
943D5FE05CE96542,2024-06-09,2024-06-09 00:46:01,VORTEX_CREDIT_004,QUANTUM_CLEARING_166,9808.65,SGD,AE,CY,velocity_burst,37.0,1
944A603FEB44C761,2024-01-23,2024-01-23 03:47:41,HELIX_PAYMENTS_065,OMEGA_FIN_013,14192.84,AED,DE,US,normal,2410.0,0
944F5A2E81882353,2024-02-18,2024-02-18 16:11:47,STRATUS_FUND_157,OMEGA_FIN_153,9617.24,HKD,VG,KY,structuring,130.0,0
94500EF3748D0151,2024-03-05,2024-03-05 01:02:57,SOLARIS_FIN_043,NOVA_TRUST_041,13282.33,CHF,VG,DE,normal,3650.0,0
94619887B778D8FB,2024-07-04,2024-07-04 00:14:50,MERIDIAN_CAPITAL_120,VERTEX_PAYMENTS_015,490525.13,AED,VG,LI,high_risk_jx,8402.0,0
946DF4B4306DE100,2024-07-01,2024-07-01 00:04:56,OMEGA_FIN_053,STRATUS_FUND_017,3458.12,USD,AU,SG,normal,1246.0,0
9471C6CF5DD5F9E0,2024-04-16,2024-04-16 13:40:29,CIPHER_CAPITAL_070,DELTA_BANCORP_072,58029.62,HKD,JP,AU,circular_flow,2251.0,0
948084E0B1003841,2024-05-14,2024-05-14 02:14:11,ATLAS_BANCORP_122,CIPHER_CAPITAL_070,8108.36,CHF,FR,PA,structuring,1429.0,0
9481A2DB4BF67518,2024-01-26,2024-01-26 03:48:22,CORONA_CLEARING_156,HELIX_PAYMENTS_085,13372.94,CHF,JP,VG,velocity_burst,21.0,0
948303E158D2CF0E,2024-01-22,2024-01-22 09:36:28,ATLAS_BANCORP_162,NOVA_TRUST_061,8345.56,AED,KY,US,structuring,41.0,1
949ACB08F68A94FD,2024-01-16,2024-01-16 00:33:51,NOVA_TRUST_001,AXIOM_PARTNERS_118,130134.92,HKD,MT,MT,layering,2561.0,0
94A6D25DADABA07A,2024-04-01,2024-04-01 22:32:24,MERIDIAN_CAPITAL_060,CORONA_CLEARING_016,8532.84,EUR,AU,AU,structuring,144.0,0
94D370755C1B4C0F,2024-01-02,2024-01-02 02:48:55,APEX_CREDIT_034,ZENITH_FUND_167,46777.27,USD,CY,LI,normal,11159.0,0
94E0D1B23CA6B58D,2024-05-27,2024-05-27 01:57:13,AXIOM_PARTNERS_058,APEX_CREDIT_174,2067.76,AED,MT,DE,normal,2622.0,0
95030158F35DEBEF,2024-06-01,2024-06-01 01:59:38,ECLIPSE_HOLDINGS_009,SOLARIS_FIN_043,207133.14,USD,DE,DE,normal,1777.0,0
951EBB1F89DD3AFE,2024-03-05,2024-03-05 03:58:15,PRIME_HOLDINGS_139,STRATUS_FUND_037,13956.85,SGD,MT,PA,velocity_burst,1.0,1
952030C51A76C285,2024-02-05,2024-02-05 15:47:40,DELTA_BANCORP_012,CIPHER_CAPITAL_190,8137.95,USD,AE,PA,structuring,223.0,1
953131DADBC476E6,2024-02-10,2024-02-10 00:24:20,VORTEX_CREDIT_044,STRATUS_FUND_157,5136.86,SGD,US,SG,normal,4668.0,0
9533C1748CBBD05C,2024-01-22,2024-01-22 06:10:52,PRIME_HOLDINGS_099,OMEGA_FIN_133,8470.93,AED,FR,LI,velocity_burst,24.0,0
953BDDA45719134F,2024-04-03,2024-04-03 22:42:54,CORONA_CLEARING_036,MERIDIAN_CAPITAL_040,267129.21,GBP,JP,MT,normal,481.0,0
953E7B7BAD52EB83,2024-04-25,2024-04-25 17:08:33,AXIOM_PARTNERS_058,MERIDIAN_CAPITAL_160,917.92,SGD,SG,LI,velocity_burst,6.0,1
95406C46603DEC8C,2024-01-25,2024-01-25 10:43:38,STRATUS_FUND_197,OBSIDIAN_PARTNERS_128,175898.92,SGD,VG,VG,normal,4801.0,0
9556E0739782927D,2024-01-17,2024-01-17 15:33:39,VERTEX_PAYMENTS_075,MERIDIAN_CAPITAL_160,8162.3,EUR,KY,DE,structuring,7.0,0
955D7AD1351ED73E,2024-06-11,2024-06-11 12:31:31,PRIME_HOLDINGS_099,ECLIPSE_HOLDINGS_009,9449.47,EUR,UK,UK,normal,276.0,0
956979ABB38EE4AD,2024-02-06,2024-02-06 21:41:24,VORTEX_CREDIT_124,ECLIPSE_HOLDINGS_149,214366.52,CHF,SG,US,normal,4887.0,0
956C28075B15C9B7,2024-03-19,2024-03-19 05:29:57,NEXUS_TRUST_151,ATLAS_BANCORP_102,31482.03,USD,AE,PA,normal,7383.0,0
9573417947BAC68D,2024-04-28,2024-04-28 18:00:08,APEX_CREDIT_014,PRIME_HOLDINGS_159,480024.38,USD,UK,AU,normal,18042.0,0
958A2BEAABBB514F,2024-02-09,2024-02-09 12:46:44,ECLIPSE_HOLDINGS_049,AXIOM_PARTNERS_078,2988.37,AED,DE,UK,normal,1850.0,0
9593D4F6422461F3,2024-02-21,2024-02-21 18:47:02,QUANTUM_CLEARING_066,DELTA_BANCORP_192,25018.68,AED,MT,UK,circular_flow,1559.0,0
95AF479847A11561,2024-06-27,2024-06-27 11:39:14,ATLAS_BANCORP_022,ZENITH_FUND_047,8805.16,GBP,DE,MT,structuring,57.0,1
95B56263FC020249,2024-04-09,2024-04-09 14:57:09,ECLIPSE_HOLDINGS_009,ATLAS_BANCORP_182,413682.88,EUR,SG,AU,normal,191.0,0
95BB718D811DE45F,2024-04-21,2024-04-21 10:01:43,CORONA_CLEARING_096,QUANTUM_CLEARING_126,6710.83,SGD,SG,PA,velocity_burst,9426.0,0
95BCBF64A54AC1E1,2024-06-03,2024-06-03 04:53:11,ECLIPSE_HOLDINGS_009,ZENITH_FUND_147,8243.06,HKD,SG,AU,structuring,142.0,0
95C710E5DFEF7FCB,2024-01-05,2024-01-05 10:21:15,CIPHER_CAPITAL_130,STRATUS_FUND_197,34123.42,HKD,MT,JP,normal,2808.0,0
95D50BC2CCECDE26,2024-06-17,2024-06-17 23:38:25,ATLAS_BANCORP_142,SOLARIS_FIN_123,14075.06,HKD,FR,US,velocity_burst,12.0,0
95E8B3EC136983C9,2024-03-22,2024-03-22 21:52:59,CORONA_CLEARING_036,VORTEX_CREDIT_084,4468.25,GBP,PA,CY,normal,8529.0,0
960FAE41F05D9346,2024-03-31,2024-03-31 08:11:35,HELIX_PAYMENTS_065,PRIME_HOLDINGS_139,8118.23,SGD,AE,DE,velocity_burst,18.0,1
962977CEC89FADD4,2024-05-31,2024-05-31 01:36:10,ZENITH_FUND_007,CORONA_CLEARING_176,2297.43,EUR,KY,LI,velocity_burst,24.0,1
962BB3319915651,2024-05-02,2024-05-02 04:03:27,CIPHER_CAPITAL_090,CIPHER_CAPITAL_070,1644.06,HKD,LI,UK,velocity_burst,1.0,1
963A480B716C42D8,2024-02-20,2024-02-20 18:02:21,VORTEX_CREDIT_044,AXIOM_PARTNERS_058,807.14,EUR,UK,JP,velocity_burst,55.0,1
9649EB3EED244115,2024-01-23,2024-01-23 15:40:22,DELTA_BANCORP_092,VORTEX_CREDIT_024,17198.24,AED,FR,CY,normal,5602.0,0
964F176F2692371D,2024-03-19,2024-03-19 14:31:43,OBSIDIAN_PARTNERS_168,ATLAS_BANCORP_162,4045.3,CHF,AE,AE,normal,3577.0,0
9658CB5A75DE257,2024-03-04,2024-03-04 22:37:41,NEXUS_TRUST_151,ATLAS_BANCORP_162,13688.47,USD,CY,CY,velocity_burst,22.0,1
9659C57E98C3643C,2024-02-26,2024-02-26 02:59:43,AXIOM_PARTNERS_038,NOVA_TRUST_141,3071.75,HKD,MT,US,velocity_burst,6.0,1
96639C2FE2EE13AA,2024-03-28,2024-03-28 05:05:10,ZENITH_FUND_087,OBSIDIAN_PARTNERS_188,10119.96,CHF,AU,AE,velocity_burst,32.0,0
96789E361357BFB6,2024-04-01,2024-04-01 15:01:10,STRATUS_FUND_177,NOVA_TRUST_001,13997.53,CHF,FR,MT,velocity_burst,2.0,0
969C0CBC8C1B4AED,2024-01-02,2024-01-02 13:35:19,NOVA_TRUST_181,VORTEX_CREDIT_084,875.64,AED,JP,AE,velocity_burst,3.0,0
96B5C83B211D2B3,2024-01-31,2024-01-31 00:40:33,MERIDIAN_CAPITAL_100,AXIOM_PARTNERS_098,9557.38,AED,MT,AE,structuring,361.0,1
96BF5644919C146C,2024-05-31,2024-05-31 12:27:23,QUANTUM_CLEARING_006,QUANTUM_CLEARING_146,1648.61,GBP,AU,AE,normal,8471.0,0
96D25D241ADFC1F5,2024-03-14,2024-03-14 23:46:24,ZENITH_FUND_147,NOVA_TRUST_121,7857.18,AED,AU,VG,velocity_burst,0.0,1
96D8D1CF665BE550,2024-04-02,2024-04-02 14:06:03,CORONA_CLEARING_156,PRIME_HOLDINGS_139,193061.76,EUR,FR,VG,normal,8866.0,0
96DC07C2329CE1B1,2024-06-05,2024-06-05 15:52:45,PRIME_HOLDINGS_119,VERTEX_PAYMENTS_115,8533.99,SGD,PA,US,structuring,2.0,1
96EFC93517D7D44B,2024-02-18,2024-02-18 06:19:29,DELTA_BANCORP_072,MERIDIAN_CAPITAL_060,7641.95,AED,US,AU,velocity_burst,2.0,0
9705770FB87A48F4,2024-07-04,2024-07-04 04:09:29,NOVA_TRUST_001,QUANTUM_CLEARING_186,47179.89,CHF,UK,VG,normal,987.0,0
970A727858168BA3,2024-06-19,2024-06-19 22:29:16,NEXUS_TRUST_171,QUANTUM_CLEARING_086,617.04,HKD,KY,LI,normal,2811.0,0
97135C826A7E3834,2024-04-27,2024-04-27 07:28:11,NEXUS_TRUST_131,SOLARIS_FIN_043,5676.92,EUR,LI,US,normal,9935.0,0
9713C814AB242553,2024-04-06,2024-04-06 02:39:33,OMEGA_FIN_013,SOLARIS_FIN_103,11775.41,USD,KY,FR,normal,14063.0,0
972221C647AD935B,2024-03-07,2024-03-07 13:56:49,CIPHER_CAPITAL_110,OMEGA_FIN_113,8993.47,USD,LI,DE,structuring,63.0,0
974455563A592F99,2024-02-05,2024-02-05 18:28:07,ATLAS_BANCORP_002,VORTEX_CREDIT_024,1878.15,AED,AE,MT,velocity_burst,44.0,1
97532C6F54A8391B,2024-04-30,2024-04-30 13:22:47,ZENITH_FUND_107,DELTA_BANCORP_112,8884.27,AED,SG,CY,structuring,73.0,0
978093AC4489AC0C,2024-02-11,2024-02-11 01:44:59,SOLARIS_FIN_023,VORTEX_CREDIT_184,9866.39,EUR,UK,PA,structuring,12783.0,0
97856885B306A65,2024-06-29,2024-06-29 20:30:14,ECLIPSE_HOLDINGS_089,QUANTUM_CLEARING_146,8795.97,EUR,FR,US,normal,869.0,0
979814DB2768F1BA,2024-03-28,2024-03-28 22:57:35,DELTA_BANCORP_132,VERTEX_PAYMENTS_155,15812.59,SGD,US,US,normal,207.0,0
979D3F4CF3F37986,2024-02-18,2024-02-18 16:03:53,STRATUS_FUND_157,NOVA_TRUST_021,9535.75,USD,AU,MT,structuring,25053.0,0
979F90BE319999A1,2024-02-16,2024-02-16 07:43:52,AXIOM_PARTNERS_138,PRIME_HOLDINGS_139,35533.41,USD,LI,CY,normal,1615.0,0
97A3DD179836BC66,2024-03-08,2024-03-08 00:56:05,VORTEX_CREDIT_044,STRATUS_FUND_057,10682.77,AED,UK,VG,velocity_burst,10.0,1
97A3F3C4C833F7F,2024-05-15,2024-05-15 10:33:06,QUANTUM_CLEARING_166,OMEGA_FIN_133,13352.52,AED,PA,FR,velocity_burst,0.0,0
97D31C7AA509E57E,2024-05-04,2024-05-04 23:23:15,APEX_CREDIT_014,HELIX_PAYMENTS_045,9143.13,USD,DE,AE,velocity_burst,12.0,1
97FB45BD39E884C1,2024-05-03,2024-05-03 21:49:30,HELIX_PAYMENTS_005,NEXUS_TRUST_111,9019.1,USD,AU,SG,normal,4907.0,0
97FDF2FD11C42F35,2024-01-19,2024-01-19 20:31:24,OMEGA_FIN_013,VORTEX_CREDIT_044,7873.58,USD,JP,PA,normal,7530.0,0
98025FC98B056B76,2024-01-26,2024-01-26 03:54:18,STRATUS_FUND_177,OBSIDIAN_PARTNERS_028,726.97,EUR,SG,SG,normal,253.0,0
9823AFFF41B7BD0F,2024-05-03,2024-05-03 16:22:31,DELTA_BANCORP_032,PRIME_HOLDINGS_059,9166.99,HKD,AE,PA,normal,5046.0,0
9836CD6EE1EDD95A,2024-01-15,2024-01-15 04:51:31,VORTEX_CREDIT_124,DELTA_BANCORP_052,4030.33,AED,MT,CY,normal,5030.0,0
986414EFA8F76B7,2024-02-22,2024-02-22 23:19:57,ATLAS_BANCORP_002,VERTEX_PAYMENTS_195,353188.66,CHF,LI,US,high_risk_jx,4628.0,0
986565C8A6FEE418,2024-02-27,2024-02-27 14:50:24,MERIDIAN_CAPITAL_000,VERTEX_PAYMENTS_075,8858.81,GBP,KY,VG,structuring,94.0,1
987BB19EA6D0EAD5,2024-01-06,2024-01-06 22:24:44,AXIOM_PARTNERS_058,HELIX_PAYMENTS_185,4522.63,GBP,SG,MT,normal,841.0,0
98AB803057C1FF63,2024-06-13,2024-06-13 01:42:51,OBSIDIAN_PARTNERS_088,OMEGA_FIN_133,9574.87,AED,LI,US,structuring,40.0,0
98B5D22E18E7369,2024-02-11,2024-02-11 01:46:17,ATLAS_BANCORP_142,HELIX_PAYMENTS_165,6462.08,USD,AU,JP,velocity_burst,18.0,0
98CA60AD64C842B3,2024-01-26,2024-01-26 18:54:00,OBSIDIAN_PARTNERS_028,ATLAS_BANCORP_002,3260.44,GBP,SG,KY,normal,5083.0,0
98D64E0C538A7A5A,2024-03-31,2024-03-31 00:55:12,MERIDIAN_CAPITAL_060,HELIX_PAYMENTS_025,4875.66,SGD,AU,DE,normal,3182.0,0
98D90DA430B4694A,2024-04-22,2024-04-22 23:48:19,MERIDIAN_CAPITAL_100,QUANTUM_CLEARING_186,59462.32,AED,KY,AE,high_risk_jx,735.0,0
98DF5A35C40F54D9,2024-02-29,2024-02-29 23:57:27,ZENITH_FUND_127,AXIOM_PARTNERS_158,19352.62,USD,FR,SG,normal,3953.0,0
98E5C1A3A990120,2024-05-08,2024-05-08 22:48:59,CORONA_CLEARING_096,ECLIPSE_HOLDINGS_129,164.96,EUR,MT,MT,normal,3208.0,0
98F265D7C54A2823,2024-02-14,2024-02-14 15:49:51,NEXUS_TRUST_091,ECLIPSE_HOLDINGS_089,10652.03,SGD,FR,VG,velocity_burst,9.0,0
9907C5FC4AD7E36A,2024-03-05,2024-03-05 11:36:09,VORTEX_CREDIT_104,STRATUS_FUND_097,18279.15,SGD,CY,VG,normal,6522.0,0
990FFB6841B7C68A,2024-04-01,2024-04-01 15:01:16,STRATUS_FUND_177,NOVA_TRUST_181,5742.43,CHF,AU,FR,velocity_burst,4.0,0
991BC656FD06ACC3,2024-02-06,2024-02-06 11:24:09,CORONA_CLEARING_156,HELIX_PAYMENTS_185,3974.39,AED,JP,SG,normal,2186.0,0
9930772D85559187,2024-01-02,2024-01-02 12:16:47,MERIDIAN_CAPITAL_000,CORONA_CLEARING_116,12453.82,GBP,KY,AE,velocity_burst,8.0,0
9932DA8083D7E2DB,2024-05-20,2024-05-20 01:46:22,NOVA_TRUST_101,NOVA_TRUST_181,272944.06,USD,US,PA,layering,279.0,0
9933FB104CE1B156,2024-01-24,2024-01-24 02:58:30,CORONA_CLEARING_156,ZENITH_FUND_047,415465.43,CHF,AE,DE,high_risk_jx,784.0,0
99420263CEC297,2024-01-31,2024-01-31 04:42:53,STRATUS_FUND_017,MERIDIAN_CAPITAL_180,8323.09,HKD,PA,AU,normal,9524.0,0
9946EC0F5768C0E1,2024-02-20,2024-02-20 16:20:17,STRATUS_FUND_157,DELTA_BANCORP_032,4035.55,EUR,SG,AE,normal,6209.0,0
9962A05F5F42375,2024-03-10,2024-03-10 03:56:36,STRATUS_FUND_177,MERIDIAN_CAPITAL_100,168117.36,CHF,LI,MT,normal,628.0,0
996E7EAADC1C1287,2024-02-15,2024-02-15 21:22:27,QUANTUM_CLEARING_086,ATLAS_BANCORP_102,14809.85,CHF,AU,SG,velocity_burst,12.0,0
99884436D0E1E9A6,2024-06-03,2024-06-03 06:13:44,PRIME_HOLDINGS_119,OMEGA_FIN_153,73578.55,AED,FR,MT,circular_flow,425.0,0
99927C0693EF32F6,2024-01-09,2024-01-09 20:14:56,PRIME_HOLDINGS_119,ATLAS_BANCORP_002,4582.23,GBP,US,LI,normal,8167.0,0
99AA44439AE37D5D,2024-07-05,2024-07-05 02:06:50,ECLIPSE_HOLDINGS_149,AXIOM_PARTNERS_178,47572.0,SGD,UK,LI,normal,3018.0,0
99B2DF2A90D42A8A,2024-05-26,2024-05-26 01:51:26,DELTA_BANCORP_132,AXIOM_PARTNERS_158,165371.03,CHF,JP,US,normal,4588.0,0
99C24A36FBBA539A,2024-04-10,2024-04-10 07:55:23,SOLARIS_FIN_083,STRATUS_FUND_177,196075.38,SGD,US,VG,normal,24.0,0
99C500718FC78CC5,2024-05-19,2024-05-19 21:53:27,PRIME_HOLDINGS_039,ECLIPSE_HOLDINGS_049,162507.82,AED,CY,PA,layering,34.0,0
99C83252DC5338B,2024-03-28,2024-03-28 05:05:13,ZENITH_FUND_087,CIPHER_CAPITAL_170,11938.71,HKD,US,PA,velocity_burst,3.0,0
99D279E77665A603,2024-05-21,2024-05-21 10:31:39,OBSIDIAN_PARTNERS_008,PRIME_HOLDINGS_039,8006.73,SGD,LI,JP,structuring,48.0,0
99EA96F5EFF3A147,2024-02-18,2024-02-18 16:04:25,STRATUS_FUND_157,CIPHER_CAPITAL_170,9586.99,EUR,CY,AE,structuring,32.0,0
99F9C6C1F2E776A7,2024-01-02,2024-01-02 14:33:07,HELIX_PAYMENTS_185,VORTEX_CREDIT_004,6724.34,USD,JP,AE,normal,223.0,0
99FD13B55E44606E,2024-07-03,2024-07-03 16:14:53,STRATUS_FUND_177,HELIX_PAYMENTS_125,143634.01,HKD,AE,UK,normal,656.0,0
9A04F8DF498ED049,2024-01-14,2024-01-14 06:02:15,CIPHER_CAPITAL_050,QUANTUM_CLEARING_186,18082.39,SGD,VG,PA,normal,2628.0,0
9A0C4664A450D3E1,2024-02-22,2024-02-22 01:04:25,NOVA_TRUST_001,NEXUS_TRUST_051,9436.59,SGD,KY,AE,structuring,294.0,0
9A226D81D34DC91C,2024-01-05,2024-01-05 09:34:27,CORONA_CLEARING_116,VERTEX_PAYMENTS_175,4541.19,GBP,AE,DE,normal,7656.0,0
9A2EAF56C50A3FDE,2024-01-06,2024-01-06 08:37:18,QUANTUM_CLEARING_106,ECLIPSE_HOLDINGS_029,2056.03,CHF,DE,SG,normal,17543.0,0
9A30CBDE35A2409D,2024-04-02,2024-04-02 10:31:04,NOVA_TRUST_181,APEX_CREDIT_154,10224.19,USD,MT,PA,normal,2235.0,0
9A3C429D249CC39,2024-01-18,2024-01-18 07:52:04,OBSIDIAN_PARTNERS_168,CIPHER_CAPITAL_130,9962.33,SGD,VG,LI,normal,45.0,0
9A4F83EC9D204912,2024-02-19,2024-02-19 03:25:39,SOLARIS_FIN_083,APEX_CREDIT_034,3270.3,SGD,JP,MT,velocity_burst,30.0,0
9A5715F4529A471,2024-03-25,2024-03-25 21:55:58,DELTA_BANCORP_112,OBSIDIAN_PARTNERS_188,26539.34,CHF,FR,CY,normal,2233.0,0
9A66BE1054825252,2024-02-27,2024-02-27 17:33:01,PRIME_HOLDINGS_039,ATLAS_BANCORP_062,1345.23,SGD,VG,VG,normal,8188.0,0
9A70DF8E69A0C25A,2024-02-15,2024-02-15 08:41:10,NOVA_TRUST_081,APEX_CREDIT_034,13752.73,SGD,UK,MT,velocity_burst,17.0,0
9A78424FA6F13B30,2024-03-16,2024-03-16 05:06:23,ZENITH_FUND_087,DELTA_BANCORP_012,8186.16,EUR,AE,PA,structuring,146.0,0
9A7DF4896690905F,2024-04-16,2024-04-16 18:01:01,VERTEX_PAYMENTS_035,OBSIDIAN_PARTNERS_048,13024.75,SGD,UK,SG,normal,4083.0,0
9A809B0C24421912,2024-04-09,2024-04-09 01:25:38,AXIOM_PARTNERS_018,OMEGA_FIN_073,7115.5,USD,AE,DE,velocity_burst,20.0,1
9A88A3B08402768D,2024-04-10,2024-04-10 07:49:40,OMEGA_FIN_193,STRATUS_FUND_197,1052.58,AED,AU,MT,velocity_burst,4.0,0
9A8C8373CE30F7EA,2024-02-27,2024-02-27 20:57:42,CIPHER_CAPITAL_170,ECLIPSE_HOLDINGS_129,178264.97,HKD,AU,VG,layering,860.0,0
9A9084CEED3E7E9C,2024-03-26,2024-03-26 15:04:06,SOLARIS_FIN_103,NEXUS_TRUST_191,136580.0,SGD,PA,CY,layering,1946.0,0
9A91CF9D9025C0FC,2024-02-14,2024-02-14 12:59:50,SOLARIS_FIN_163,NOVA_TRUST_161,4769.74,SGD,JP,SG,velocity_burst,3.0,1
9A9D088ADC0A3277,2024-04-09,2024-04-09 01:24:07,AXIOM_PARTNERS_018,CIPHER_CAPITAL_130,2734.91,SGD,SG,AE,velocity_burst,1.0,1
9AAB1C689C693AF,2024-03-16,2024-03-16 11:41:11,ECLIPSE_HOLDINGS_129,QUANTUM_CLEARING_186,4320.05,GBP,FR,PA,normal,5793.0,0
9AB2FDBDBB9778FF,2024-02-05,2024-02-05 08:26:25,QUANTUM_CLEARING_046,VERTEX_PAYMENTS_115,217712.72,SGD,CY,US,layering,985.0,0
9AB3AD7B8C225B06,2024-03-03,2024-03-03 21:56:12,MERIDIAN_CAPITAL_040,MERIDIAN_CAPITAL_080,5510.47,USD,FR,AU,normal,6198.0,0
9ABA99B92B6315A3,2024-06-17,2024-06-17 13:31:29,VERTEX_PAYMENTS_135,DELTA_BANCORP_152,1235.16,CHF,LI,AU,normal,2861.0,0
9ABF4A7FC147BF54,2024-06-01,2024-06-01 19:25:38,CORONA_CLEARING_156,NEXUS_TRUST_051,5770.25,SGD,DE,PA,normal,1507.0,0
9ADAFD2EC5C6D431,2024-05-19,2024-05-19 02:09:40,VERTEX_PAYMENTS_015,APEX_CREDIT_194,70072.43,HKD,KY,KY,layering,50.0,0
9ADE9CB756FB64A5,2024-06-18,2024-06-18 15:18:20,SOLARIS_FIN_123,PRIME_HOLDINGS_079,5257.29,HKD,MT,LI,velocity_burst,13.0,0
9ADED9A15D91C5C5,2024-06-11,2024-06-11 17:27:54,VERTEX_PAYMENTS_135,CIPHER_CAPITAL_050,430559.95,EUR,MT,DE,layering,3049.0,0
9B080DCFA1EE69A7,2024-01-10,2024-01-10 16:49:16,CORONA_CLEARING_016,ZENITH_FUND_167,3269.01,CHF,FR,SG,normal,1430.0,0
9B0A731E9F07F1FC,2024-06-17,2024-06-17 23:38:57,ATLAS_BANCORP_142,OBSIDIAN_PARTNERS_128,7891.75,CHF,MT,JP,velocity_burst,32.0,0
9B110F7CE010D9CF,2024-04-14,2024-04-14 16:40:46,OMEGA_FIN_133,ZENITH_FUND_067,62408.96,CHF,AU,FR,normal,851.0,0
9B16896319D04AE4,2024-04-29,2024-04-29 17:54:11,NOVA_TRUST_021,MERIDIAN_CAPITAL_100,2412.05,AED,AU,UK,normal,4644.0,0
9B1E7D89B80A7BB8,2024-05-03,2024-05-03 20:27:43,APEX_CREDIT_034,HELIX_PAYMENTS_125,2446.61,AED,SG,UK,normal,9414.0,0
9B24EE3883C8B6D5,2024-06-14,2024-06-14 23:50:48,STRATUS_FUND_197,ZENITH_FUND_187,9973.21,SGD,SG,CY,structuring,64.0,1
9B2620A9831D4DED,2024-02-26,2024-02-26 11:47:47,STRATUS_FUND_157,OBSIDIAN_PARTNERS_148,9059.48,HKD,UK,KY,structuring,294.0,0
9B2DEE085EB30995,2024-03-08,2024-03-08 20:10:57,VORTEX_CREDIT_024,QUANTUM_CLEARING_186,411279.42,CHF,PA,FR,high_risk_jx,3137.0,0
9B2E2D50D10868A8,2024-01-03,2024-01-03 22:25:01,SOLARIS_FIN_063,OBSIDIAN_PARTNERS_168,294158.5,USD,PA,AE,layering,16760.0,0
9B3653D46573B0F7,2024-01-24,2024-01-24 04:15:51,ZENITH_FUND_187,OMEGA_FIN_033,14400.02,CHF,SG,FR,circular_flow,445.0,0
9B4A7268C3F319B8,2024-01-02,2024-01-02 14:26:38,DELTA_BANCORP_152,ECLIPSE_HOLDINGS_029,9513.87,EUR,DE,DE,velocity_burst,16.0,0
9B525487642A36A5,2024-04-27,2024-04-27 23:48:32,APEX_CREDIT_034,STRATUS_FUND_117,750714.33,EUR,CY,MT,normal,1847.0,0
9B664E9CC2D51CA9,2024-06-11,2024-06-11 16:37:05,APEX_CREDIT_014,NEXUS_TRUST_051,5626.0,AED,CY,PA,normal,9799.0,0
9B7067E0EED4B6F4,2024-06-29,2024-06-29 19:49:15,AXIOM_PARTNERS_038,CORONA_CLEARING_036,8571.1,HKD,UK,AE,structuring,3555.0,0
9B8489066F3C1296,2024-02-09,2024-02-09 17:23:54,AXIOM_PARTNERS_098,PRIME_HOLDINGS_079,5981.99,AED,MT,DE,velocity_burst,17.0,0
9B8AFB709E0138EB,2024-03-11,2024-03-11 10:54:02,OMEGA_FIN_073,PRIME_HOLDINGS_119,1142.76,AED,AE,MT,normal,557.0,0
9B9998759D99603C,2024-05-20,2024-05-20 20:28:42,NEXUS_TRUST_111,MERIDIAN_CAPITAL_000,8534.9,CHF,AU,VG,structuring,9.0,0
9BAD1A0679EF381A,2024-02-29,2024-02-29 10:37:24,VERTEX_PAYMENTS_095,ECLIPSE_HOLDINGS_149,15039.75,SGD,KY,AU,normal,3369.0,0
9BC348F789D956D2,2024-02-11,2024-02-11 01:53:05,ATLAS_BANCORP_142,OMEGA_FIN_073,14452.02,SGD,UK,CY,velocity_burst,24.0,1
9BC9520938D51F92,2024-07-07,2024-07-07 05:23:47,HELIX_PAYMENTS_025,HELIX_PAYMENTS_005,192096.71,HKD,PA,AE,high_risk_jx,14747.0,0
9BD5FFBFA3DA998D,2024-03-20,2024-03-20 01:36:42,CORONA_CLEARING_136,CIPHER_CAPITAL_050,807.56,USD,LI,KY,normal,7349.0,0
9BDE8FE05F745F5D,2024-06-27,2024-06-27 18:07:47,PRIME_HOLDINGS_099,CIPHER_CAPITAL_070,172687.13,CHF,CY,LI,layering,118.0,0
9BE3786E674FEBCB,2024-04-07,2024-04-07 13:32:42,ZENITH_FUND_007,QUANTUM_CLEARING_186,94037.16,USD,KY,AE,normal,10218.0,0
9C0130473E21E60A,2024-02-19,2024-02-19 09:32:31,CORONA_CLEARING_196,APEX_CREDIT_034,6439.52,CHF,UK,US,velocity_burst,50.0,1
9C0776B5BFC85015,2024-01-12,2024-01-12 21:30:35,STRATUS_FUND_017,AXIOM_PARTNERS_038,19526.21,CHF,AU,FR,normal,13972.0,0
9C0F3836A4712272,2024-06-03,2024-06-03 10:14:12,NEXUS_TRUST_131,NEXUS_TRUST_151,2823.31,EUR,JP,AE,normal,5369.0,0
9C270BE55330E95C,2024-06-03,2024-06-03 06:04:13,OMEGA_FIN_153,AXIOM_PARTNERS_178,65826.55,AED,UK,SG,circular_flow,1181.0,0
9C3CF1153D374F0D,2024-04-11,2024-04-11 05:10:58,CORONA_CLEARING_196,VORTEX_CREDIT_184,8152.36,SGD,AU,LI,structuring,3338.0,0
9C4EC9F29561D6F1,2024-03-01,2024-03-01 22:25:17,QUANTUM_CLEARING_066,VORTEX_CREDIT_104,356384.59,SGD,KY,MT,layering,256.0,0
9C5DED2DB5FC57AF,2024-04-06,2024-04-06 13:40:14,SOLARIS_FIN_063,APEX_CREDIT_134,16232.63,EUR,MT,MT,normal,1087.0,0
9C776D24B7ACFB0,2024-03-23,2024-03-23 11:08:15,ATLAS_BANCORP_062,HELIX_PAYMENTS_105,37998.79,AED,AU,US,normal,4747.0,0
9C7972B2B5C342CA,2024-06-08,2024-06-08 19:29:31,OMEGA_FIN_073,ATLAS_BANCORP_002,14775.28,EUR,UK,VG,normal,9625.0,0
9C8C63C3A1CD9FFD,2024-06-17,2024-06-17 22:07:07,ZENITH_FUND_007,DELTA_BANCORP_152,57815.88,USD,US,DE,normal,2364.0,0
9C94B9F4ADC9341,2024-05-18,2024-05-18 02:03:56,HELIX_PAYMENTS_165,ZENITH_FUND_087,385.86,USD,CY,LI,normal,258.0,0
9CA3381546516169,2024-06-07,2024-06-07 09:43:24,NEXUS_TRUST_191,AXIOM_PARTNERS_178,8214.82,GBP,UK,CY,structuring,341.0,0
9CB5DAB05707A948,2024-01-02,2024-01-02 14:13:31,APEX_CREDIT_034,ECLIPSE_HOLDINGS_069,11711.69,HKD,UK,UK,normal,1825.0,0
9CB8A4CBB8BB1CE3,2024-02-29,2024-02-29 02:36:29,ATLAS_BANCORP_042,PRIME_HOLDINGS_079,214.0,GBP,FR,DE,normal,2277.0,0
9CBB66F383494226,2024-02-16,2024-02-16 04:53:47,HELIX_PAYMENTS_185,VERTEX_PAYMENTS_075,470802.0,CHF,PA,SG,high_risk_jx,712.0,0
9CBBA5C3BFDA8926,2024-05-19,2024-05-19 01:44:45,ZENITH_FUND_047,VORTEX_CREDIT_144,25599.33,AED,CY,AE,normal,2551.0,0
9CBE0CAD9671FDF1,2024-06-25,2024-06-25 11:53:52,STRATUS_FUND_057,QUANTUM_CLEARING_006,536669.92,GBP,VG,LI,normal,1209.0,0
9CD494F73733DA1E,2024-03-27,2024-03-27 12:39:49,CORONA_CLEARING_176,OMEGA_FIN_133,689.47,EUR,DE,MT,normal,6354.0,0
9CD4C2E02AD70640,2024-03-09,2024-03-09 19:02:05,NEXUS_TRUST_131,ZENITH_FUND_187,18729.82,CHF,UK,DE,normal,4804.0,0
9CDF568DE461BCE3,2024-05-18,2024-05-18 19:00:10,ECLIPSE_HOLDINGS_089,VORTEX_CREDIT_004,405015.07,AED,CY,VG,layering,50.0,0
9CE546E7B322F677,2024-02-11,2024-02-11 19:17:00,ECLIPSE_HOLDINGS_009,OBSIDIAN_PARTNERS_148,3978.74,USD,CY,AU,normal,2673.0,0
9CE83D6DB38AC300,2024-04-18,2024-04-18 03:21:28,DELTA_BANCORP_072,HELIX_PAYMENTS_105,12295.71,HKD,LI,MT,velocity_burst,54.0,1
9CEDBBCA6649A1D9,2024-06-03,2024-06-03 14:26:51,ZENITH_FUND_047,PRIME_HOLDINGS_179,49697.94,CHF,US,KY,circular_flow,2020.0,0
9CF82F0552487703,2024-01-02,2024-01-02 12:18:24,MERIDIAN_CAPITAL_000,PRIME_HOLDINGS_199,3093.61,GBP,LI,DE,velocity_burst,72.0,0
9D051C65874CB331,2024-01-06,2024-01-06 02:04:54,CIPHER_CAPITAL_110,ZENITH_FUND_147,3526.62,GBP,DE,US,normal,2087.0,0
9D405E3A3F1538E5,2024-04-15,2024-04-15 06:44:56,NOVA_TRUST_121,OMEGA_FIN_053,8240.29,CHF,DE,PA,structuring,231.0,1
9D429AC6E7862D20,2024-03-17,2024-03-17 01:24:10,CORONA_CLEARING_136,NEXUS_TRUST_091,19732.06,AED,JP,PA,normal,3133.0,0
9D540FFDE0DC1F10,2024-01-10,2024-01-10 19:15:23,OBSIDIAN_PARTNERS_128,OBSIDIAN_PARTNERS_108,8823.23,SGD,SG,PA,normal,8767.0,0
9D5FB0C9A732D6F,2024-01-20,2024-01-20 10:19:29,AXIOM_PARTNERS_078,QUANTUM_CLEARING_086,77639.34,USD,MT,LI,layering,652.0,0
9D7D0FC3AF3CEA10,2024-01-11,2024-01-11 21:19:45,STRATUS_FUND_137,QUANTUM_CLEARING_166,160.79,GBP,KY,AE,normal,6314.0,0
9D807F61CBC5D1E7,2024-02-18,2024-02-18 16:13:14,STRATUS_FUND_157,OBSIDIAN_PARTNERS_048,8495.69,CHF,LI,DE,structuring,87.0,1
9D8B1D9DA7C3EEC4,2024-05-29,2024-05-29 12:58:53,ECLIPSE_HOLDINGS_069,SOLARIS_FIN_043,174.5,CHF,FR,FR,normal,6268.0,0
9D9369342F938BB6,2024-03-18,2024-03-18 06:28:38,APEX_CREDIT_014,VORTEX_CREDIT_144,8660.69,GBP,AE,VG,structuring,122.0,0
9D993E165B3E2E14,2024-01-03,2024-01-03 05:51:44,AXIOM_PARTNERS_118,ZENITH_FUND_187,9715.06,CHF,JP,PA,velocity_burst,0.0,0
9DA344F6FA9D9413,2024-04-01,2024-04-01 15:02:08,STRATUS_FUND_177,ECLIPSE_HOLDINGS_069,9052.02,GBP,DE,MT,velocity_burst,20.0,1
9DA4883615722F89,2024-05-21,2024-05-21 13:29:35,QUANTUM_CLEARING_066,VERTEX_PAYMENTS_175,39790.39,EUR,PA,DE,normal,9167.0,0
9DB2E3CB3625B935,2024-06-06,2024-06-06 17:08:06,CIPHER_CAPITAL_010,VORTEX_CREDIT_044,6145.43,SGD,UK,VG,normal,83.0,0
9DB93E6DD996EFCD,2024-04-09,2024-04-09 01:26:06,AXIOM_PARTNERS_018,PRIME_HOLDINGS_119,7351.84,CHF,VG,DE,velocity_burst,28.0,1
9DC5D41BA95D492D,2024-04-24,2024-04-24 07:19:47,HELIX_PAYMENTS_145,ATLAS_BANCORP_022,11805.83,GBP,VG,JP,velocity_burst,75.0,1
9DCF543DEAB6DDBD,2024-04-15,2024-04-15 04:40:23,CIPHER_CAPITAL_010,HELIX_PAYMENTS_125,8567.25,CHF,FR,JP,structuring,73.0,0
9DEB7038DE324177,2024-06-08,2024-06-08 22:58:04,STRATUS_FUND_037,ZENITH_FUND_167,77198.72,HKD,UK,SG,normal,5040.0,0
9DF1F57893CAA403,2024-01-27,2024-01-27 04:56:34,OMEGA_FIN_013,CORONA_CLEARING_076,42851.37,SGD,UK,AE,normal,632.0,0
9E0D8D30B0EC2F00,2024-04-10,2024-04-10 07:51:44,OMEGA_FIN_193,PRIME_HOLDINGS_059,8207.01,AED,US,UK,velocity_burst,8.0,1
9E5ABAE7359E292A,2024-02-20,2024-02-20 18:01:26,VORTEX_CREDIT_044,ECLIPSE_HOLDINGS_109,1308.96,USD,AU,KY,velocity_burst,55.0,1
9E5E50603C390967,2024-01-06,2024-01-06 01:30:07,VERTEX_PAYMENTS_055,HELIX_PAYMENTS_045,8175.86,GBP,US,AU,structuring,1074.0,0
9E6B21647F5532A6,2024-01-04,2024-01-04 05:55:06,PRIME_HOLDINGS_159,SOLARIS_FIN_103,30364.66,GBP,MT,UK,circular_flow,2021.0,0
9E97FB496514CB60,2024-06-02,2024-06-02 10:32:39,SOLARIS_FIN_003,NEXUS_TRUST_111,180.94,HKD,SG,LI,normal,5023.0,0
9EB2752B97C77FEE,2024-07-02,2024-07-02 09:17:40,NEXUS_TRUST_191,PRIME_HOLDINGS_019,9041.5,SGD,FR,AU,structuring,152.0,0
9EBC7BE8530458C2,2024-01-31,2024-01-31 00:34:32,MERIDIAN_CAPITAL_100,ECLIPSE_HOLDINGS_049,8862.23,SGD,PA,CY,structuring,45.0,1
9ECDEEE79E120C87,2024-04-13,2024-04-13 12:20:45,HELIX_PAYMENTS_145,ATLAS_BANCORP_142,34.86,HKD,KY,MT,normal,2535.0,0
9ED2898BB025609B,2024-02-26,2024-02-26 10:27:16,ECLIPSE_HOLDINGS_089,ZENITH_FUND_167,7013.26,EUR,VG,PA,velocity_burst,185.0,1
9EE7AB5D5D03DD68,2024-03-30,2024-03-30 13:47:42,DELTA_BANCORP_112,HELIX_PAYMENTS_125,6012.84,CHF,US,UK,velocity_burst,10.0,1
9EECABA2688A841,2024-06-26,2024-06-26 12:51:42,ECLIPSE_HOLDINGS_009,VERTEX_PAYMENTS_095,7989.34,SGD,AU,JP,circular_flow,1303.0,0
9EECF0A241F26686,2024-06-23,2024-06-23 21:54:29,OBSIDIAN_PARTNERS_048,VERTEX_PAYMENTS_135,483.63,USD,DE,KY,normal,5046.0,0
9EF3196D13F98477,2024-06-06,2024-06-06 10:20:53,VERTEX_PAYMENTS_055,SOLARIS_FIN_123,399.49,AED,LI,VG,normal,2007.0,0
9F05DB7C2FBE250E,2024-05-12,2024-05-12 21:35:21,ZENITH_FUND_067,SOLARIS_FIN_143,27922.84,SGD,LI,VG,normal,7099.0,0
9F0B0076B95E14F5,2024-03-23,2024-03-23 17:07:34,PRIME_HOLDINGS_059,ATLAS_BANCORP_002,200738.62,AED,MT,KY,layering,28.0,0
9F0BFF99E1968E21,2024-07-01,2024-07-01 17:47:20,VERTEX_PAYMENTS_115,CIPHER_CAPITAL_190,3591325.89,CHF,MT,JP,normal,1703.0,0
9F15119679C8B463,2024-06-23,2024-06-23 23:16:38,VORTEX_CREDIT_024,HELIX_PAYMENTS_145,4023.92,GBP,LI,SG,normal,3033.0,0
9F2367BACAD5D842,2024-05-14,2024-05-14 20:33:58,STRATUS_FUND_137,PRIME_HOLDINGS_119,1469.56,AED,US,CY,normal,6250.0,0
9F24CCFDA64B66D2,2024-01-13,2024-01-13 23:36:26,DELTA_BANCORP_012,ATLAS_BANCORP_102,2371.38,CHF,PA,UK,velocity_burst,1.0,0
9F3C0ACB7554A72F,2024-07-03,2024-07-03 14:28:40,NOVA_TRUST_161,ATLAS_BANCORP_042,12268.09,HKD,MT,CY,normal,127.0,0
9F447F3AE13F127A,2024-01-13,2024-01-13 01:52:28,ZENITH_FUND_147,VERTEX_PAYMENTS_015,364034.89,AED,CY,VG,layering,4878.0,0
9F61313D6B4FC1E0,2024-01-20,2024-01-20 10:08:37,STRATUS_FUND_157,AXIOM_PARTNERS_078,81725.62,HKD,LI,VG,layering,772.0,0
9FA29EF16308D896,2024-01-01,2024-01-01 20:13:29,CORONA_CLEARING_056,ATLAS_BANCORP_102,213228.42,EUR,FR,AE,normal,2320.0,0
9FA37DE281D6A2B8,2024-06-20,2024-06-20 22:48:09,APEX_CREDIT_194,NOVA_TRUST_161,85170.61,USD,PA,PA,normal,4543.0,0
9FAF89D7D9C7E0B9,2024-02-14,2024-02-14 12:59:59,SOLARIS_FIN_163,OBSIDIAN_PARTNERS_108,3159.05,EUR,VG,JP,velocity_burst,9.0,1
9FD17570883D6C9F,2024-05-09,2024-05-09 12:03:53,ECLIPSE_HOLDINGS_029,PRIME_HOLDINGS_099,849621.63,SGD,CY,UK,normal,2416.0,0
9FD25DC398CC8169,2024-05-16,2024-05-16 06:26:14,SOLARIS_FIN_143,STRATUS_FUND_137,105119.89,SGD,UK,US,circular_flow,466.0,0
9FF0EE42D5318FEB,2024-02-09,2024-02-09 17:25:28,AXIOM_PARTNERS_098,MERIDIAN_CAPITAL_000,7934.23,AED,LI,UK,velocity_burst,8.0,1
9FF7C9BB79FA7210,2024-05-24,2024-05-24 12:40:24,VORTEX_CREDIT_184,APEX_CREDIT_034,73439.77,SGD,UK,AE,normal,1722.0,0
A00657C3872D616C,2024-05-02,2024-05-02 04:01:11,CIPHER_CAPITAL_090,PRIME_HOLDINGS_079,9392.37,AED,SG,SG,velocity_burst,4.0,0
A01E6A1E9B29FC76,2024-01-13,2024-01-13 11:24:41,APEX_CREDIT_154,AXIOM_PARTNERS_178,18722.76,HKD,AE,VG,normal,2235.0,0
A0207651D90F20B6,2024-04-06,2024-04-06 06:45:56,CIPHER_CAPITAL_090,SOLARIS_FIN_143,5862.44,EUR,US,VG,normal,7454.0,0
A02CBF51F1802E43,2024-01-03,2024-01-03 12:15:04,ZENITH_FUND_127,SOLARIS_FIN_143,102643.19,USD,PA,DE,normal,5116.0,0
A0322C023D403E06,2024-02-22,2024-02-22 08:28:35,HELIX_PAYMENTS_005,SOLARIS_FIN_083,8003.95,USD,JP,SG,velocity_burst,74.0,1
A03FA2575FE20127,2024-02-03,2024-02-03 11:28:33,CIPHER_CAPITAL_190,DELTA_BANCORP_072,111544.68,AED,LI,AE,normal,1600.0,0
A048BE23CC4245ED,2024-05-24,2024-05-24 13:31:53,APEX_CREDIT_134,SOLARIS_FIN_143,1482.22,GBP,AE,AE,normal,3089.0,0
A059911F901BAC2,2024-04-27,2024-04-27 21:24:39,PRIME_HOLDINGS_199,STRATUS_FUND_137,8014.34,SGD,PA,JP,structuring,131.0,0
A05BC0A92FA6A0F4,2024-03-17,2024-03-17 17:17:12,PRIME_HOLDINGS_059,MERIDIAN_CAPITAL_000,6176.05,CHF,PA,SG,normal,3325.0,0
A07CAD953184AA37,2024-02-14,2024-02-14 12:59:07,SOLARIS_FIN_163,NOVA_TRUST_041,8036.53,CHF,JP,FR,velocity_burst,24.0,0
A081C594E8578C13,2024-05-23,2024-05-23 01:28:12,APEX_CREDIT_094,HELIX_PAYMENTS_145,8449.03,AED,MT,CY,structuring,35.0,0
A085310F6E71F73F,2024-05-29,2024-05-29 08:27:36,MERIDIAN_CAPITAL_000,ATLAS_BANCORP_162,9197.12,USD,SG,LI,structuring,95.0,1
A09A9908E13B576D,2024-02-21,2024-02-21 18:21:03,CIPHER_CAPITAL_030,QUANTUM_CLEARING_066,25069.63,USD,PA,LI,circular_flow,349.0,0
A09AF9DFE8B71AB6,2024-01-11,2024-01-11 15:50:18,CIPHER_CAPITAL_190,QUANTUM_CLEARING_166,8880.47,AED,MT,MT,structuring,802.0,0
A0A51DA549F343E0,2024-04-29,2024-04-29 06:47:36,NOVA_TRUST_181,ATLAS_BANCORP_082,310560.63,USD,LI,PA,layering,426.0,0
A0A69AD68ABD6E05,2024-06-24,2024-06-24 03:36:12,HELIX_PAYMENTS_025,HELIX_PAYMENTS_105,4539.66,HKD,UK,DE,normal,2047.0,0
A0B56D0556769270,2024-05-15,2024-05-15 16:11:26,CIPHER_CAPITAL_090,OMEGA_FIN_013,8690.77,HKD,US,LI,normal,5300.0,0
A0B8048B2DECDAC3,2024-05-13,2024-05-13 02:42:57,MERIDIAN_CAPITAL_140,ATLAS_BANCORP_062,16979.35,EUR,MT,FR,circular_flow,376.0,0
A0C495D036D65B40,2024-02-20,2024-02-20 05:26:47,AXIOM_PARTNERS_078,VORTEX_CREDIT_184,108233.49,AED,US,LI,layering,443.0,0
A0DECB339A1D6311,2024-05-03,2024-05-03 17:46:44,ECLIPSE_HOLDINGS_029,ECLIPSE_HOLDINGS_049,54563.53,HKD,VG,FR,normal,256.0,0
A0E9628877FE3D9D,2024-04-16,2024-04-16 05:36:03,CORONA_CLEARING_016,VERTEX_PAYMENTS_075,9600.69,HKD,LI,JP,normal,4179.0,0
A0EC978B62012EB5,2024-07-02,2024-07-02 23:35:59,NOVA_TRUST_001,QUANTUM_CLEARING_166,21778.99,AED,KY,CY,normal,4130.0,0
A1003885AE521BB8,2024-02-04,2024-02-04 00:35:29,VORTEX_CREDIT_064,DELTA_BANCORP_192,1648.52,GBP,FR,CY,normal,3434.0,0
A1045C1DCC476802,2024-05-25,2024-05-25 16:57:03,CIPHER_CAPITAL_070,ZENITH_FUND_187,10170.19,USD,CY,FR,normal,980.0,0
A1083FF06946B9AF,2024-04-12,2024-04-12 16:19:15,ECLIPSE_HOLDINGS_109,VORTEX_CREDIT_044,24089.17,AED,AU,LI,normal,2183.0,0
A10A2DF5B77869E4,2024-04-16,2024-04-16 16:38:56,ATLAS_BANCORP_142,ATLAS_BANCORP_182,425497.21,SGD,AU,JP,normal,7953.0,0
A10AA54B863A1BE5,2024-04-25,2024-04-25 11:19:34,STRATUS_FUND_057,VERTEX_PAYMENTS_015,2921.34,GBP,UK,AU,normal,2714.0,0
A12DB76756834128,2024-03-09,2024-03-09 10:46:31,QUANTUM_CLEARING_086,CORONA_CLEARING_076,36994.7,HKD,SG,DE,normal,9224.0,0
A1598E342366FF00,2024-06-27,2024-06-27 17:57:36,DELTA_BANCORP_172,OBSIDIAN_PARTNERS_088,148057.63,CHF,AE,DE,layering,248.0,0
A15D05C0E803BF50,2024-07-05,2024-07-05 06:27:18,CIPHER_CAPITAL_150,CORONA_CLEARING_176,1722.57,GBP,UK,JP,normal,5034.0,0
A1611FEB158105A5,2024-04-03,2024-04-03 16:32:48,PRIME_HOLDINGS_199,CORONA_CLEARING_176,8380.53,AED,SG,SG,structuring,6.0,0
A165BD194886D4F,2024-02-26,2024-02-26 03:00:11,AXIOM_PARTNERS_038,PRIME_HOLDINGS_019,10308.19,CHF,PA,FR,velocity_burst,13.0,1
A170AFA87D3602A,2024-03-02,2024-03-02 23:26:51,ECLIPSE_HOLDINGS_089,CIPHER_CAPITAL_030,21929.11,AED,US,FR,normal,2707.0,0
A18B8718ADF1C82F,2024-05-11,2024-05-11 15:21:29,OBSIDIAN_PARTNERS_168,QUANTUM_CLEARING_046,37163.06,HKD,LI,MT,normal,2908.0,0
A18FB23DFD5D84EE,2024-04-11,2024-04-11 11:56:30,QUANTUM_CLEARING_186,CIPHER_CAPITAL_130,1400562.18,GBP,UK,US,normal,48.0,0
A1AB14EB37EC1EFE,2024-03-30,2024-03-30 22:02:44,MERIDIAN_CAPITAL_160,STRATUS_FUND_037,64455.12,EUR,PA,AU,normal,9008.0,0
A1C16CAB151176FB,2024-04-06,2024-04-06 04:41:42,NOVA_TRUST_001,ECLIPSE_HOLDINGS_069,2274.7,AED,DE,DE,normal,2341.0,0
A1DF2F785C953AC,2024-03-05,2024-03-05 21:39:16,VERTEX_PAYMENTS_015,SOLARIS_FIN_063,1713.61,SGD,JP,JP,normal,9709.0,0
A1EE74515E61DD81,2024-01-04,2024-01-04 05:18:16,AXIOM_PARTNERS_138,NOVA_TRUST_101,26183.23,CHF,FR,UK,circular_flow,4779.0,0
A2112526D6304190,2024-04-09,2024-04-09 01:27:42,AXIOM_PARTNERS_018,CORONA_CLEARING_116,9681.61,GBP,AU,VG,velocity_burst,96.0,1
A2179A2B88E1B200,2024-02-28,2024-02-28 23:49:20,APEX_CREDIT_134,ZENITH_FUND_167,8711.88,EUR,FR,VG,structuring,28.0,0
A21F163D21A6943C,2024-05-15,2024-05-15 18:45:10,ZENITH_FUND_027,ECLIPSE_HOLDINGS_129,6686.67,SGD,SG,KY,normal,9224.0,0
A24FC5536204941A,2024-04-18,2024-04-18 03:19:28,DELTA_BANCORP_072,APEX_CREDIT_154,10885.53,GBP,FR,US,velocity_burst,18.0,0
A259D4C959CE59A8,2024-01-06,2024-01-06 03:44:55,AXIOM_PARTNERS_098,STRATUS_FUND_017,1282.39,USD,SG,DE,normal,58.0,0
A25AE66AA3A04763,2024-05-02,2024-05-02 21:14:10,ECLIPSE_HOLDINGS_189,NEXUS_TRUST_071,2827.15,SGD,AE,KY,normal,2011.0,0
A25DC0D43C6ACB6A,2024-04-15,2024-04-15 04:43:42,CIPHER_CAPITAL_010,OBSIDIAN_PARTNERS_048,8685.91,GBP,US,FR,structuring,199.0,0
A25DED03161E0CC2,2024-02-27,2024-02-27 20:41:11,HELIX_PAYMENTS_085,VORTEX_CREDIT_104,197523.52,SGD,AU,CY,layering,473.0,0
A26017151A2B385,2024-06-23,2024-06-23 15:46:08,OBSIDIAN_PARTNERS_008,ATLAS_BANCORP_162,599230.79,HKD,PA,DE,normal,599.0,0
A264902FD8329D11,2024-01-22,2024-01-22 19:47:02,OMEGA_FIN_193,ATLAS_BANCORP_082,453944.55,HKD,MT,KY,layering,2694.0,0
A264C9B2577510A6,2024-01-21,2024-01-21 22:42:11,AXIOM_PARTNERS_098,ECLIPSE_HOLDINGS_029,90608.94,AED,FR,UK,layering,388.0,0
A269965170E6AC67,2024-03-20,2024-03-20 17:16:59,STRATUS_FUND_197,CORONA_CLEARING_156,18472.26,USD,VG,LI,normal,4599.0,0
A291840B598B27A8,2024-05-10,2024-05-10 21:58:25,STRATUS_FUND_117,ECLIPSE_HOLDINGS_129,9759.49,USD,DE,US,normal,29948.0,0
A2A5DF84B0A6EFD1,2024-04-17,2024-04-17 21:34:32,APEX_CREDIT_054,OBSIDIAN_PARTNERS_088,8334.33,GBP,AE,LI,structuring,3.0,0
A2A80B4FB6288C56,2024-03-17,2024-03-17 03:43:59,NOVA_TRUST_061,OMEGA_FIN_013,2511389.76,EUR,LI,DE,normal,550.0,0
A2AD3224626F9A54,2024-04-08,2024-04-08 18:32:58,ZENITH_FUND_027,STRATUS_FUND_117,20008.54,SGD,DE,CY,normal,2389.0,0
A2C1D768F85F0705,2024-01-12,2024-01-12 10:55:09,OMEGA_FIN_133,DELTA_BANCORP_092,8957.54,AED,FR,CY,structuring,282.0,0
A2C3F051CD4D3736,2024-02-05,2024-02-05 18:26:38,ATLAS_BANCORP_002,QUANTUM_CLEARING_186,1039.93,HKD,CY,FR,velocity_burst,7.0,0
A2D443D6ABA0A174,2024-03-09,2024-03-09 01:46:52,ZENITH_FUND_047,OMEGA_FIN_053,8542.97,SGD,SG,PA,structuring,70.0,0
A2DC29EFE43CF738,2024-01-28,2024-01-28 00:44:43,NEXUS_TRUST_011,NEXUS_TRUST_051,2160.7,HKD,PA,VG,normal,10900.0,0
A2E8499984612975,2024-07-02,2024-07-02 09:14:42,NEXUS_TRUST_191,APEX_CREDIT_154,9621.01,CHF,DE,VG,structuring,192.0,0
A2F4D959F3B99277,2024-05-11,2024-05-11 16:42:01,PRIME_HOLDINGS_119,APEX_CREDIT_034,297729.7,CHF,DE,DE,normal,1636.0,0
A319897693A0B7B7,2024-01-14,2024-01-14 07:08:37,ATLAS_BANCORP_042,PRIME_HOLDINGS_039,6820.93,USD,AU,DE,normal,55.0,0
A32C135A23711BBE,2024-04-14,2024-04-14 16:13:08,QUANTUM_CLEARING_106,SOLARIS_FIN_083,8826.9,HKD,UK,VG,structuring,277.0,0
A32CD2F39532C80A,2024-02-21,2024-02-21 16:22:47,STRATUS_FUND_117,STRATUS_FUND_097,25938.35,USD,JP,CY,normal,5190.0,0
A34C09B648D9559A,2024-07-03,2024-07-03 20:42:22,CORONA_CLEARING_016,QUANTUM_CLEARING_046,297487.4,HKD,JP,SG,normal,3130.0,0
A34EF8896B75778D,2024-01-20,2024-01-20 17:30:56,NOVA_TRUST_081,CORONA_CLEARING_056,73859.47,AED,AE,AU,normal,21172.0,0
A3551B1A3CD152FA,2024-01-10,2024-01-10 21:30:17,CIPHER_CAPITAL_150,OBSIDIAN_PARTNERS_008,8291.17,AED,UK,SG,structuring,41.0,0
A355400F22CAB55C,2024-02-19,2024-02-19 09:33:07,CORONA_CLEARING_196,ECLIPSE_HOLDINGS_069,2269.45,USD,MT,UK,velocity_burst,30.0,1
A35A654968B314CE,2024-04-04,2024-04-04 01:20:20,OBSIDIAN_PARTNERS_088,APEX_CREDIT_094,6958.57,AED,AU,US,normal,2197.0,0
A3659EAD4DC53651,2024-05-28,2024-05-28 09:47:59,DELTA_BANCORP_012,ZENITH_FUND_167,8511.18,SGD,MT,CY,normal,3026.0,0
A36E87A5CC15794E,2024-04-03,2024-04-03 10:01:34,MERIDIAN_CAPITAL_020,CORONA_CLEARING_156,23313.71,USD,JP,US,normal,613.0,0
A36EF96B50AA1D7D,2024-06-20,2024-06-20 21:32:26,APEX_CREDIT_094,ECLIPSE_HOLDINGS_149,4032.01,USD,CY,DE,normal,24278.0,0
A3729B9EB769719F,2024-07-02,2024-07-02 09:08:16,APEX_CREDIT_094,CORONA_CLEARING_156,244708.99,EUR,VG,PA,normal,23689.0,0
A376139FE9B57F64,2024-05-15,2024-05-15 10:36:04,QUANTUM_CLEARING_166,MERIDIAN_CAPITAL_140,5739.96,HKD,AE,DE,velocity_burst,26.0,1
A37B5E52419C19ED,2024-03-05,2024-03-05 03:59:09,PRIME_HOLDINGS_139,APEX_CREDIT_054,1165.26,AED,US,MT,velocity_burst,6.0,1
A38ED1752A35CC03,2024-04-01,2024-04-01 22:45:03,MERIDIAN_CAPITAL_060,AXIOM_PARTNERS_138,9500.71,USD,SG,LI,structuring,615.0,1
A3AB41E7F25AE186,2024-04-30,2024-04-30 12:33:48,NEXUS_TRUST_131,ECLIPSE_HOLDINGS_189,8884.35,HKD,AU,AU,normal,5581.0,0
A3B841BFBF4FF94E,2024-03-05,2024-03-05 05:33:03,OMEGA_FIN_033,NEXUS_TRUST_071,9400.24,GBP,AU,DE,structuring,53.0,0
A3B8AC38BA549DC3,2024-02-24,2024-02-24 04:19:31,ZENITH_FUND_007,CORONA_CLEARING_156,16328.52,SGD,VG,DE,normal,5450.0,0
A3D6F5B08EA5CF94,2024-01-18,2024-01-18 07:14:51,SOLARIS_FIN_043,DELTA_BANCORP_092,335820.55,GBP,MT,LI,layering,582.0,0
A3FCCC1B9BE6837C,2024-04-29,2024-04-29 07:19:33,ATLAS_BANCORP_082,MERIDIAN_CAPITAL_040,295032.6,CHF,AU,CY,layering,607.0,0
A406FBD0576187F5,2024-02-26,2024-02-26 10:20:40,ECLIPSE_HOLDINGS_089,ATLAS_BANCORP_102,1746.4,CHF,KY,DE,velocity_burst,0.0,0
A41CCB4A15BF620C,2024-01-15,2024-01-15 15:13:56,QUANTUM_CLEARING_086,HELIX_PAYMENTS_105,32110.14,USD,JP,VG,normal,4685.0,0
A42504474B363E95,2024-01-17,2024-01-17 19:31:42,STRATUS_FUND_057,MERIDIAN_CAPITAL_020,5100.63,EUR,FR,SG,normal,3205.0,0
A4531FED6A910925,2024-06-02,2024-06-02 01:04:35,MERIDIAN_CAPITAL_180,ZENITH_FUND_067,5006.27,AED,FR,VG,normal,901.0,0
A45AE514B8A23F35,2024-05-23,2024-05-23 12:52:16,HELIX_PAYMENTS_065,HELIX_PAYMENTS_185,95540.66,AED,VG,CY,normal,10178.0,0
A475562883E6CA62,2024-03-11,2024-03-11 10:10:10,VERTEX_PAYMENTS_115,ZENITH_FUND_067,310.21,SGD,SG,MT,normal,11066.0,0
A4774327F8E6A2A9,2024-06-12,2024-06-12 00:11:13,OMEGA_FIN_073,VERTEX_PAYMENTS_075,10991.63,SGD,JP,VG,normal,490.0,0
A481DC11FE68927A,2024-04-20,2024-04-20 09:43:38,ECLIPSE_HOLDINGS_129,OMEGA_FIN_013,33357.87,AED,AU,CY,normal,10713.0,0
A49CE82176F6F5A8,2024-02-15,2024-02-15 08:41:55,NOVA_TRUST_081,PRIME_HOLDINGS_159,1875.21,USD,PA,JP,velocity_burst,13.0,0
A4AEC94C99894FBC,2024-03-02,2024-03-02 01:05:05,DELTA_BANCORP_092,AXIOM_PARTNERS_198,9504.6,EUR,UK,LI,structuring,45.0,0
A4B6B6D7836E7283,2024-03-18,2024-03-18 06:31:00,APEX_CREDIT_014,ATLAS_BANCORP_142,8077.86,SGD,JP,SG,structuring,142.0,1
A4BB626CEDF72CBD,2024-05-18,2024-05-18 18:20:43,QUANTUM_CLEARING_026,STRATUS_FUND_157,472389.64,USD,LI,MT,layering,257.0,0
A4CF7190E960A4B8,2024-04-06,2024-04-06 14:52:28,VORTEX_CREDIT_144,QUANTUM_CLEARING_186,39329.35,USD,LI,AU,normal,3598.0,0
A4EE3270FF8176D7,2024-06-22,2024-06-22 18:55:56,ZENITH_FUND_027,PRIME_HOLDINGS_059,7551.48,EUR,CY,SG,normal,1327.0,0
A4FBBCC8ACB4CD4D,2024-05-17,2024-05-17 02:18:29,STRATUS_FUND_057,ZENITH_FUND_027,3696.5,HKD,AU,LI,normal,10338.0,0
A5025D5DEAA83DD7,2024-05-13,2024-05-13 01:35:26,PRIME_HOLDINGS_059,ATLAS_BANCORP_102,106211.8,HKD,KY,VG,layering,766.0,0
A503049F967305D,2024-06-18,2024-06-18 00:17:24,OBSIDIAN_PARTNERS_048,ZENITH_FUND_047,53595.39,CHF,PA,KY,normal,2305.0,0
A50347E5B7B8B673,2024-04-15,2024-04-15 06:30:58,NOVA_TRUST_121,AXIOM_PARTNERS_158,9824.8,CHF,UK,LI,structuring,248.0,0
A505B7ECF0F47ED5,2024-03-29,2024-03-29 08:44:51,ATLAS_BANCORP_062,STRATUS_FUND_157,9386.62,USD,AE,DE,structuring,283.0,0
A515C75A9A5E9C5D,2024-02-22,2024-02-22 10:58:31,DELTA_BANCORP_092,ATLAS_BANCORP_082,55137.6,HKD,CY,LI,normal,8912.0,0
A519AC1D9FC3E2FD,2024-05-29,2024-05-29 09:12:57,APEX_CREDIT_154,CIPHER_CAPITAL_170,325744.3,CHF,PA,PA,high_risk_jx,1821.0,0
A52415242731256F,2024-03-29,2024-03-29 13:49:28,MERIDIAN_CAPITAL_100,VERTEX_PAYMENTS_115,1942.56,CHF,LI,FR,normal,1535.0,0
A528DF7B856F1973,2024-01-22,2024-01-22 06:40:27,ECLIPSE_HOLDINGS_069,MERIDIAN_CAPITAL_080,2128.04,CHF,US,UK,velocity_burst,14.0,1
A52AE8385B95356B,2024-01-24,2024-01-24 10:28:10,QUANTUM_CLEARING_006,QUANTUM_CLEARING_106,1394.66,CHF,FR,KY,normal,7452.0,0
A5312B92A68F590E,2024-02-19,2024-02-19 22:33:15,CORONA_CLEARING_176,ECLIPSE_HOLDINGS_089,15625.71,AED,FR,JP,normal,4981.0,0
A53CD281BCCCCAFD,2024-01-02,2024-01-02 14:27:33,DELTA_BANCORP_152,ECLIPSE_HOLDINGS_169,2242.45,USD,VG,AU,velocity_burst,13.0,0
A54337003208A08C,2024-03-21,2024-03-21 22:04:01,NEXUS_TRUST_151,CIPHER_CAPITAL_110,4851.51,AED,CY,AU,normal,4373.0,0
A57217A0306026F4,2024-04-29,2024-04-29 07:04:18,MERIDIAN_CAPITAL_040,OBSIDIAN_PARTNERS_028,280280.97,EUR,CY,VG,layering,547.0,0
A58716537EFB178C,2024-03-04,2024-03-04 22:38:19,NEXUS_TRUST_151,VERTEX_PAYMENTS_095,12640.67,EUR,UK,DE,velocity_burst,11.0,1
A596A906E7C9F3F3,2024-05-04,2024-05-04 20:46:22,SOLARIS_FIN_103,STRATUS_FUND_117,8438.47,HKD,LI,PA,structuring,114.0,0
A5A04BB493FFA8C3,2024-01-24,2024-01-24 16:12:19,AXIOM_PARTNERS_138,OMEGA_FIN_033,51013.19,HKD,AU,PA,layering,12810.0,0
A5A1EE4373564590,2024-04-01,2024-04-01 12:57:13,ZENITH_FUND_007,CIPHER_CAPITAL_170,3951.77,EUR,KY,LI,velocity_burst,76.0,1
A5EB94587402C1C0,2024-02-25,2024-02-25 19:26:38,CIPHER_CAPITAL_150,MERIDIAN_CAPITAL_100,9905.65,GBP,FR,VG,structuring,117.0,0
A5F17C85EE8F74A2,2024-02-10,2024-02-10 21:59:21,VERTEX_PAYMENTS_135,NEXUS_TRUST_091,5097.42,GBP,AU,FR,normal,910.0,0
A5F641BAB6831460,2024-06-16,2024-06-16 04:35:34,DELTA_BANCORP_092,ZENITH_FUND_147,755959.26,CHF,FR,LI,normal,5083.0,0
A5FA70B72A7D31EC,2024-02-25,2024-02-25 19:12:12,MERIDIAN_CAPITAL_080,OMEGA_FIN_093,44779.24,HKD,FR,US,normal,2013.0,0
A60D9AD41E4B07E9,2024-05-02,2024-05-02 07:00:38,STRATUS_FUND_077,ATLAS_BANCORP_102,6447.67,SGD,CY,FR,normal,10631.0,0
A611A4E1343488F9,2024-06-27,2024-06-27 16:02:15,ECLIPSE_HOLDINGS_129,VORTEX_CREDIT_164,714.88,AED,PA,UK,normal,4504.0,0
A611C267C96BFE3C,2024-03-02,2024-03-02 22:41:44,CORONA_CLEARING_196,VERTEX_PAYMENTS_155,116583.83,USD,PA,FR,normal,542.0,0
A6251D1D400DD708,2024-01-18,2024-01-18 11:39:33,OMEGA_FIN_053,SOLARIS_FIN_103,26884.73,CHF,LI,FR,high_risk_jx,5880.0,0
A63D10EC84C61406,2024-06-11,2024-06-11 09:25:49,STRATUS_FUND_197,NEXUS_TRUST_111,434650.6,CHF,AE,CY,layering,328.0,0
A64EEBF619F179F4,2024-05-18,2024-05-18 19:21:46,VORTEX_CREDIT_004,PRIME_HOLDINGS_199,384764.31,GBP,VG,PA,layering,1296.0,0
A67BD3917B826872,2024-04-21,2024-04-21 05:12:44,MERIDIAN_CAPITAL_040,VERTEX_PAYMENTS_035,132828.69,USD,AU,VG,normal,7508.0,0
A67CE991F8515D7,2024-04-13,2024-04-13 13:51:41,HELIX_PAYMENTS_085,NOVA_TRUST_021,27933.17,AED,VG,AU,circular_flow,506.0,0
A68453574FB30534,2024-03-12,2024-03-12 05:17:18,VERTEX_PAYMENTS_175,QUANTUM_CLEARING_166,1106.34,AED,CY,PA,normal,2989.0,0
A6883A045016D475,2024-07-05,2024-07-05 10:13:36,CIPHER_CAPITAL_010,CORONA_CLEARING_076,5424.46,GBP,KY,DE,normal,3023.0,0
A688ABD8B335758B,2024-04-14,2024-04-14 03:19:59,AXIOM_PARTNERS_158,CIPHER_CAPITAL_010,23571.68,HKD,CY,PA,normal,2867.0,0
A68ED850BBF04B59,2024-04-09,2024-04-09 08:01:47,APEX_CREDIT_194,NEXUS_TRUST_191,9661.11,EUR,KY,UK,structuring,66.0,1
A69E93FCD1A47FEA,2024-03-28,2024-03-28 05:07:14,ZENITH_FUND_087,CIPHER_CAPITAL_110,6842.19,AED,VG,AU,velocity_burst,76.0,1
A6AD84C268569304,2024-05-31,2024-05-31 17:23:11,HELIX_PAYMENTS_085,PRIME_HOLDINGS_119,4182.84,SGD,KY,CY,normal,164.0,0
A6B5838E4A47071D,2024-06-24,2024-06-24 17:08:13,HELIX_PAYMENTS_045,CIPHER_CAPITAL_110,12588.86,CHF,MT,SG,velocity_burst,10.0,0
A6B7189BDF59CF69,2024-07-07,2024-07-07 07:16:27,AXIOM_PARTNERS_138,OMEGA_FIN_113,9051.83,GBP,CY,US,normal,1244.0,0
A6B7CA815726ED06,2024-01-23,2024-01-23 11:34:21,QUANTUM_CLEARING_126,QUANTUM_CLEARING_146,300148.51,GBP,US,LI,normal,9176.0,0
A6D083DBDABAE5AE,2024-02-12,2024-02-12 21:07:19,ATLAS_BANCORP_062,HELIX_PAYMENTS_085,10327.98,AED,LI,KY,normal,11861.0,0
A6D62918DF1C489D,2024-01-10,2024-01-10 16:25:26,CORONA_CLEARING_156,STRATUS_FUND_057,13808.1,EUR,DE,AU,normal,1682.0,0
A6D8120FC4CF971D,2024-03-13,2024-03-13 04:48:51,SOLARIS_FIN_183,NOVA_TRUST_161,52029.62,GBP,DE,LI,normal,4506.0,0
A6E6E12C6697F273,2024-03-08,2024-03-08 21:08:09,OMEGA_FIN_193,CIPHER_CAPITAL_050,4375.72,USD,CY,JP,normal,3432.0,0
A6F806271E6ED3A5,2024-03-24,2024-03-24 19:47:12,QUANTUM_CLEARING_066,NEXUS_TRUST_131,21607.11,HKD,MT,JP,normal,19588.0,0
A6F9C6F3BE2C8DDA,2024-06-15,2024-06-15 10:16:07,ATLAS_BANCORP_182,VORTEX_CREDIT_084,4043.44,SGD,CY,SG,velocity_burst,0.0,0
A6FAFB029B67CEED,2024-02-28,2024-02-28 23:50:43,ECLIPSE_HOLDINGS_069,APEX_CREDIT_194,98357.59,SGD,DE,JP,circular_flow,83.0,0
A6FE947E7871269B,2024-06-13,2024-06-13 19:46:09,STRATUS_FUND_017,HELIX_PAYMENTS_185,370970.19,GBP,AU,FR,layering,438.0,0
A707CD87615B5DD4,2024-01-31,2024-01-31 00:30:17,MERIDIAN_CAPITAL_100,PRIME_HOLDINGS_039,8784.88,AED,UK,US,structuring,130.0,0
A725EB0A6D12880E,2024-01-22,2024-01-22 20:02:14,QUANTUM_CLEARING_166,APEX_CREDIT_134,5140.44,AED,LI,MT,velocity_burst,23.0,1
A72D28C9325BD953,2024-04-26,2024-04-26 23:11:05,DELTA_BANCORP_052,APEX_CREDIT_194,6583.81,HKD,LI,AE,normal,1819.0,0
A7332D9F2C5452BC,2024-02-06,2024-02-06 10:31:12,ATLAS_BANCORP_022,ECLIPSE_HOLDINGS_169,3040.12,SGD,PA,US,normal,10136.0,0
A736FA7DA689680B,2024-04-21,2024-04-21 10:03:23,CORONA_CLEARING_096,ZENITH_FUND_007,2335.87,SGD,KY,UK,velocity_burst,4.0,1
A739B54272393090,2024-03-05,2024-03-05 18:57:27,CIPHER_CAPITAL_090,HELIX_PAYMENTS_125,3934.09,EUR,VG,MT,normal,8549.0,0
A73CD0AD10B967DD,2024-02-17,2024-02-17 10:12:49,ECLIPSE_HOLDINGS_169,CORONA_CLEARING_016,8396.27,CHF,CY,LI,structuring,45.0,1
A74A8DDDB3D57C25,2024-01-29,2024-01-29 12:38:52,ECLIPSE_HOLDINGS_069,SOLARIS_FIN_183,7231.95,SGD,KY,PA,normal,1506.0,0
A751C39D693B90DD,2024-06-05,2024-06-05 10:28:26,DELTA_BANCORP_172,APEX_CREDIT_194,252202.5,CHF,AE,US,normal,6316.0,0
A7575C2D8638BEC4,2024-07-07,2024-07-07 15:11:11,CIPHER_CAPITAL_090,PRIME_HOLDINGS_199,13041.6,CHF,AU,KY,velocity_burst,7178.0,0
A766B91099C10131,2024-04-14,2024-04-14 16:16:18,QUANTUM_CLEARING_106,PRIME_HOLDINGS_079,9489.96,EUR,KY,DE,structuring,115.0,0
A76D8C452081F5E1,2024-04-24,2024-04-24 22:20:07,NEXUS_TRUST_151,VORTEX_CREDIT_024,64168.16,GBP,LI,AE,normal,4064.0,0
A778877A1555AAFD,2024-01-22,2024-01-22 09:45:37,ATLAS_BANCORP_162,HELIX_PAYMENTS_145,8136.24,USD,AU,US,structuring,522.0,1
A77D1D29A924F52A,2024-01-02,2024-01-02 13:35:16,NOVA_TRUST_181,OBSIDIAN_PARTNERS_088,2203.06,EUR,US,CY,velocity_burst,4527.0,0
A7890E4DF5C260F6,2024-06-11,2024-06-11 12:26:55,MERIDIAN_CAPITAL_160,SOLARIS_FIN_143,760.38,SGD,DE,UK,normal,7589.0,0
A78AB31B3FF713A9,2024-03-06,2024-03-06 08:22:58,QUANTUM_CLEARING_166,ZENITH_FUND_147,9029.54,USD,PA,AE,velocity_burst,10.0,0
A79CC5772AEACCB1,2024-02-10,2024-02-10 21:37:51,VERTEX_PAYMENTS_195,NOVA_TRUST_041,8200.88,EUR,DE,CY,structuring,522.0,0
A7A24A87FB2FE091,2024-03-31,2024-03-31 00:02:10,ZENITH_FUND_047,DELTA_BANCORP_152,135967.05,AED,LI,KY,layering,914.0,0
A7A9D77126604BC4,2024-02-09,2024-02-09 21:12:55,DELTA_BANCORP_072,CIPHER_CAPITAL_030,4129.66,GBP,KY,FR,normal,4010.0,0
A7C794F8E1050AB3,2024-06-29,2024-06-29 19:52:45,AXIOM_PARTNERS_038,CORONA_CLEARING_156,9702.37,SGD,CY,US,structuring,30.0,1
A7D1F62C5C00F543,2024-04-13,2024-04-13 06:54:02,ATLAS_BANCORP_002,QUANTUM_CLEARING_166,74666.53,HKD,CY,AU,normal,12614.0,0
A7D4974C50B906B,2024-05-03,2024-05-03 12:52:43,ATLAS_BANCORP_062,PRIME_HOLDINGS_079,266181.03,SGD,UK,JP,normal,4760.0,0
A7D830D485CA4150,2024-04-18,2024-04-18 04:21:15,AXIOM_PARTNERS_018,ATLAS_BANCORP_082,483415.46,SGD,VG,LI,normal,802.0,0
A7DD9FE48C7D5C7,2024-02-20,2024-02-20 07:04:16,PRIME_HOLDINGS_059,AXIOM_PARTNERS_178,42085.26,HKD,AU,VG,normal,2682.0,0
A7E21B0EE549A6C5,2024-04-27,2024-04-27 01:28:05,ECLIPSE_HOLDINGS_089,NEXUS_TRUST_131,25689.03,HKD,UK,CY,normal,4147.0,0
A7E3549C8BEE5A31,2024-03-12,2024-03-12 21:21:56,NEXUS_TRUST_191,OMEGA_FIN_013,4323.94,SGD,CY,MT,normal,2470.0,0
A7E7E2DA2EC68FB9,2024-02-12,2024-02-12 06:54:17,MERIDIAN_CAPITAL_180,CORONA_CLEARING_076,447922.78,USD,PA,LI,normal,4811.0,0
A80AF3DE63FD1B62,2024-01-19,2024-01-19 21:04:48,NEXUS_TRUST_131,ATLAS_BANCORP_042,174904.38,AED,VG,FR,normal,2004.0,0
A80FB7D1A7FDA5F9,2024-04-19,2024-04-19 01:07:46,VERTEX_PAYMENTS_095,QUANTUM_CLEARING_046,16102.53,EUR,MT,FR,normal,6838.0,0
A81861E57769784B,2024-05-16,2024-05-16 23:26:11,APEX_CREDIT_094,SOLARIS_FIN_063,2596.79,GBP,SG,PA,normal,17280.0,0
A82111FF79E8CD73,2024-02-04,2024-02-04 03:38:29,AXIOM_PARTNERS_078,CORONA_CLEARING_016,159264.24,AED,DE,PA,normal,9318.0,0
A8261C028B270A35,2024-01-28,2024-01-28 02:39:34,CIPHER_CAPITAL_010,ZENITH_FUND_087,15978.09,AED,MT,CY,circular_flow,139.0,0
A851380251562046,2024-03-09,2024-03-09 01:20:54,SOLARIS_FIN_023,NOVA_TRUST_081,5817.02,AED,JP,DE,normal,9983.0,0
A87725A77F5124BC,2024-01-20,2024-01-20 02:57:02,APEX_CREDIT_054,ATLAS_BANCORP_142,3102.12,USD,JP,CY,velocity_burst,14.0,0
A878EBEDCB68E81E,2024-04-30,2024-04-30 13:35:04,SOLARIS_FIN_043,CORONA_CLEARING_156,16499.33,USD,KY,VG,normal,442.0,0
A87F62A2721642EA,2024-02-05,2024-02-05 14:29:29,NEXUS_TRUST_031,AXIOM_PARTNERS_118,138828.44,EUR,UK,CY,normal,17875.0,0
A8A35C678AAEA83C,2024-02-03,2024-02-03 00:15:38,APEX_CREDIT_194,STRATUS_FUND_157,1180.78,AED,CY,US,normal,1029.0,0
A8B81B1B4553BCF2,2024-01-23,2024-01-23 00:29:52,CIPHER_CAPITAL_050,MERIDIAN_CAPITAL_180,23380.1,HKD,JP,FR,normal,412.0,0
A8CB09686F7D3CA5,2024-05-24,2024-05-24 04:15:48,ZENITH_FUND_067,AXIOM_PARTNERS_138,137286.27,AED,DE,MT,normal,5246.0,0
A8CF3618B4FF339F,2024-03-30,2024-03-30 13:47:07,DELTA_BANCORP_112,ECLIPSE_HOLDINGS_089,7260.74,CHF,CY,DE,velocity_burst,23.0,0
A8D0598FEEE1274F,2024-04-10,2024-04-10 07:50:48,OMEGA_FIN_193,SOLARIS_FIN_103,8324.11,USD,LI,AE,velocity_burst,32.0,1
A8E6B874EC8A1184,2024-01-02,2024-01-02 12:15:18,MERIDIAN_CAPITAL_000,SOLARIS_FIN_063,10192.32,GBP,DE,FR,velocity_burst,20.0,0
A8F8BEC1A4EEBCDB,2024-06-15,2024-06-15 16:25:03,NOVA_TRUST_081,OMEGA_FIN_133,371209.17,HKD,CY,MT,high_risk_jx,3827.0,0
A8FABB88973EB4F1,2024-03-08,2024-03-08 09:21:19,APEX_CREDIT_114,OMEGA_FIN_133,23482.78,CHF,AE,MT,circular_flow,148.0,0
A923F6765C84CEB6,2024-05-23,2024-05-23 23:10:16,OMEGA_FIN_093,OMEGA_FIN_133,149095.66,HKD,MT,AU,normal,9466.0,0
A929AE1796E61E71,2024-05-03,2024-05-03 14:27:52,NEXUS_TRUST_031,OBSIDIAN_PARTNERS_048,59498.47,HKD,VG,KY,layering,1453.0,0
A92C3D691E05AE29,2024-03-09,2024-03-09 01:35:37,SOLARIS_FIN_103,CIPHER_CAPITAL_150,70.58,CHF,US,KY,normal,883.0,0
A9330F62505E0706,2024-03-14,2024-03-14 08:54:05,APEX_CREDIT_094,OMEGA_FIN_053,187.66,SGD,MT,DE,normal,11023.0,0
A9387789BD25E83F,2024-04-24,2024-04-24 13:17:51,HELIX_PAYMENTS_125,OMEGA_FIN_033,25922.44,CHF,LI,FR,normal,16441.0,0
A96C83CB8BC89AFA,2024-03-18,2024-03-18 06:51:07,HELIX_PAYMENTS_185,APEX_CREDIT_194,18449.85,SGD,PA,FR,normal,715.0,0
A9827C3E72CADCFE,2024-02-02,2024-02-02 05:05:16,NOVA_TRUST_021,VORTEX_CREDIT_164,87954.37,CHF,PA,LI,layering,296.0,0
A98382BCF34DAD5D,2024-02-28,2024-02-28 07:18:32,ZENITH_FUND_147,VORTEX_CREDIT_084,11580.1,EUR,UK,FR,normal,7739.0,0
A985726CF7613A79,2024-02-21,2024-02-21 22:23:56,STRATUS_FUND_197,NEXUS_TRUST_071,5132.38,EUR,US,PA,normal,5647.0,0
A98D125462B47E7F,2024-01-23,2024-01-23 02:20:11,CORONA_CLEARING_076,MERIDIAN_CAPITAL_100,9494.8,HKD,DE,SG,structuring,269.0,0
A9B5A139A38D67B0,2024-01-01,2024-01-01 04:32:39,ZENITH_FUND_067,SOLARIS_FIN_043,23017.32,EUR,LI,US,normal,10990.0,0
A9C9F7A9D6981F2C,2024-01-08,2024-01-08 23:14:34,PRIME_HOLDINGS_099,ATLAS_BANCORP_062,721792.4,GBP,AU,CY,normal,3404.0,0
A9DB7AA8EE5A2257,2024-04-19,2024-04-19 06:29:03,APEX_CREDIT_174,NOVA_TRUST_081,3442.56,SGD,SG,LI,normal,7733.0,0
A9DE4BEA60CC75E3,2024-04-21,2024-04-21 10:01:57,CORONA_CLEARING_096,ECLIPSE_HOLDINGS_129,3097.39,USD,AE,US,velocity_burst,5.0,0
A9E03C1F78AA2A2C,2024-02-19,2024-02-19 03:24:13,SOLARIS_FIN_083,ECLIPSE_HOLDINGS_009,11623.42,HKD,LI,CY,velocity_burst,22.0,0
AA019E0E175F691A,2024-01-12,2024-01-12 17:28:03,NOVA_TRUST_141,NEXUS_TRUST_051,9240.6,USD,SG,FR,structuring,588.0,0
AA1AED43FBDD3851,2024-01-13,2024-01-13 23:36:49,DELTA_BANCORP_012,OMEGA_FIN_173,9598.06,EUR,PA,FR,velocity_burst,2.0,0
AA204B32CA96D7CE,2024-02-13,2024-02-13 03:54:38,MERIDIAN_CAPITAL_060,PRIME_HOLDINGS_199,5158.3,GBP,UK,JP,velocity_burst,0.0,0
AA30FF969E79F1B1,2024-05-02,2024-05-02 04:03:26,CIPHER_CAPITAL_090,DELTA_BANCORP_032,4394.44,EUR,AE,KY,velocity_burst,43.0,1
AA3D18EAC1BFEE59,2024-03-17,2024-03-17 14:35:50,CORONA_CLEARING_096,MERIDIAN_CAPITAL_140,9312.38,EUR,AE,UK,structuring,109.0,0
AA4FAB862FD81FD1,2024-04-29,2024-04-29 07:09:26,HELIX_PAYMENTS_125,ECLIPSE_HOLDINGS_129,110694.66,AED,VG,JP,high_risk_jx,171.0,0
AA519DF44B037FBC,2024-06-20,2024-06-20 23:15:59,VORTEX_CREDIT_184,CORONA_CLEARING_096,139.96,SGD,PA,US,normal,1670.0,0
AA67BD564698D04C,2024-06-22,2024-06-22 04:36:20,DELTA_BANCORP_152,CORONA_CLEARING_016,8143.46,HKD,UK,AU,structuring,16.0,1
AA734FFADAB959EB,2024-06-22,2024-06-22 16:17:52,OBSIDIAN_PARTNERS_128,AXIOM_PARTNERS_038,440405.31,AED,LI,SG,layering,4042.0,0
AA7A7DAC741B042B,2024-01-09,2024-01-09 14:21:13,NOVA_TRUST_021,STRATUS_FUND_037,9505.62,USD,JP,FR,structuring,356.0,0
AAA69C2A12496B82,2024-01-29,2024-01-29 12:13:46,ZENITH_FUND_047,MERIDIAN_CAPITAL_120,257934.19,AED,MT,CY,normal,11471.0,0
AAB5DEDF22106119,2024-01-11,2024-01-11 01:54:07,PRIME_HOLDINGS_199,NOVA_TRUST_021,6309.31,GBP,CY,FR,velocity_burst,64.0,0
AAB813E8744B136,2024-01-15,2024-01-15 20:39:29,CIPHER_CAPITAL_070,OMEGA_FIN_013,8501.27,HKD,PA,VG,structuring,114.0,0
AAC10FEEAF5FC820,2024-04-09,2024-04-09 01:23:56,AXIOM_PARTNERS_018,VERTEX_PAYMENTS_015,6900.76,CHF,MT,JP,velocity_burst,5.0,0
AAD4A502516B4072,2024-06-12,2024-06-12 04:19:23,DELTA_BANCORP_052,APEX_CREDIT_034,9139.21,SGD,AE,KY,structuring,7254.0,0
AAD70ED519A1DF3E,2024-02-17,2024-02-17 21:21:19,AXIOM_PARTNERS_138,CIPHER_CAPITAL_090,104.4,HKD,MT,CY,normal,831.0,0
AAF4C27E3B64B09D,2024-02-16,2024-02-16 18:16:31,ZENITH_FUND_027,APEX_CREDIT_194,133040.15,EUR,UK,US,normal,1924.0,0
AB18B59EB9C0C37E,2024-05-29,2024-05-29 08:38:10,HELIX_PAYMENTS_085,STRATUS_FUND_077,10562.8,SGD,UK,DE,velocity_burst,3.0,0
AB2FEA717F00295D,2024-01-19,2024-01-19 10:33:09,SOLARIS_FIN_123,VORTEX_CREDIT_084,500852.93,CHF,LI,KY,normal,4414.0,0
AB30F31DE88ABC39,2024-04-05,2024-04-05 19:06:02,HELIX_PAYMENTS_065,STRATUS_FUND_137,9302.68,HKD,US,CY,structuring,8.0,0
AB3523E6193DB105,2024-06-08,2024-06-08 09:38:39,VORTEX_CREDIT_064,APEX_CREDIT_034,1831.21,USD,MT,SG,normal,1574.0,0
AB3A0ABAC9666C85,2024-04-18,2024-04-18 22:23:03,APEX_CREDIT_054,OBSIDIAN_PARTNERS_088,8277.0,AED,MT,MT,velocity_burst,1.0,1
AB4C5FFC9C3FA0E2,2024-03-16,2024-03-16 05:03:57,ZENITH_FUND_087,ECLIPSE_HOLDINGS_049,9094.65,AED,SG,AU,structuring,7505.0,0
AB5C43ADE4FC20B1,2024-05-29,2024-05-29 03:20:33,MERIDIAN_CAPITAL_100,NOVA_TRUST_061,3882.71,AED,PA,AU,normal,2274.0,0
AB6120904A813105,2024-01-25,2024-01-25 15:27:42,VERTEX_PAYMENTS_115,STRATUS_FUND_197,4356.39,CHF,CY,JP,normal,4546.0,0
AB6E231C2DA0A09,2024-03-21,2024-03-21 20:51:08,OBSIDIAN_PARTNERS_028,VERTEX_PAYMENTS_055,84962.6,CHF,KY,LI,normal,19887.0,0
AB6E4500EF054EC4,2024-02-04,2024-02-04 12:50:25,MERIDIAN_CAPITAL_100,STRATUS_FUND_017,4765.96,USD,LI,UK,velocity_burst,16.0,1
AB7C53806E59D2F7,2024-05-23,2024-05-23 20:32:30,NEXUS_TRUST_151,OBSIDIAN_PARTNERS_188,2010.52,SGD,JP,FR,normal,593.0,0
AB882B64EFD3D2B2,2024-06-19,2024-06-19 00:02:06,ZENITH_FUND_107,NEXUS_TRUST_011,34024.7,GBP,US,KY,normal,4697.0,0
AB981304734D9A68,2024-07-07,2024-07-07 05:25:19,APEX_CREDIT_174,QUANTUM_CLEARING_026,37983.6,GBP,AE,FR,normal,92.0,0
AB9D021442556ADA,2024-01-10,2024-01-10 01:03:15,QUANTUM_CLEARING_066,NEXUS_TRUST_111,16282.25,HKD,FR,JP,normal,9286.0,0
ABA12C3A959C0FE4,2024-05-15,2024-05-15 10:36:20,QUANTUM_CLEARING_166,ECLIPSE_HOLDINGS_129,4094.53,SGD,KY,VG,velocity_burst,16.0,1
ABA40808BF6544B1,2024-07-03,2024-07-03 12:12:16,HELIX_PAYMENTS_045,PRIME_HOLDINGS_019,1605.43,AED,JP,KY,normal,3316.0,0
ABAF8E46E2C4756F,2024-04-01,2024-04-01 16:44:46,SOLARIS_FIN_063,PRIME_HOLDINGS_039,5008.67,CHF,MT,US,velocity_burst,12.0,0
ABB44BE712726393,2024-06-15,2024-06-15 10:19:55,ATLAS_BANCORP_182,DELTA_BANCORP_192,2918.69,AED,JP,JP,velocity_burst,83.0,1
ABBA3609E2EA817C,2024-02-08,2024-02-08 08:40:32,ECLIPSE_HOLDINGS_169,NOVA_TRUST_001,9431.54,CHF,US,LI,structuring,62.0,0
ABC18095E37FDD23,2024-01-09,2024-01-09 22:11:21,NOVA_TRUST_141,VORTEX_CREDIT_124,90855.22,GBP,LI,US,normal,6985.0,0
ABC2AD23D2AE4EFD,2024-01-14,2024-01-14 01:58:57,AXIOM_PARTNERS_158,SOLARIS_FIN_103,49902.24,GBP,SG,VG,normal,8170.0,0
ABC4C736C9DCFB2A,2024-05-04,2024-05-04 23:23:03,APEX_CREDIT_014,ATLAS_BANCORP_122,11094.06,USD,JP,MT,velocity_burst,30.0,0
ABD46F503A7E39AC,2024-05-22,2024-05-22 05:03:55,DELTA_BANCORP_192,STRATUS_FUND_197,10647.7,USD,CY,US,velocity_burst,5.0,0
ABD50249BDB29455,2024-01-11,2024-01-11 15:29:28,CIPHER_CAPITAL_190,MERIDIAN_CAPITAL_000,8433.79,EUR,AE,AE,structuring,2966.0,0
ABE360ACC8DD39D3,2024-04-18,2024-04-18 22:22:12,APEX_CREDIT_054,ZENITH_FUND_027,7015.54,EUR,JP,AU,velocity_burst,8.0,1
ABECD4B2DAD0E139,2024-05-31,2024-05-31 01:33:46,ZENITH_FUND_007,CIPHER_CAPITAL_090,4354.29,CHF,CY,VG,velocity_burst,2436.0,0
ABFDA3B78D47C5B9,2024-02-18,2024-02-18 17:25:24,OMEGA_FIN_113,ATLAS_BANCORP_042,94831.62,AED,DE,AE,normal,4330.0,0
AC07CDCCA826F583,2024-06-16,2024-06-16 01:27:50,ZENITH_FUND_067,AXIOM_PARTNERS_038,2842.43,AED,SG,DE,velocity_burst,16.0,1
AC0FBC8D185CEF9F,2024-06-15,2024-06-15 00:02:31,STRATUS_FUND_197,ECLIPSE_HOLDINGS_189,9719.35,HKD,AE,AE,structuring,703.0,1
AC17323932545AB2,2024-02-13,2024-02-13 12:46:21,ATLAS_BANCORP_122,OBSIDIAN_PARTNERS_108,70410.68,USD,CY,VG,circular_flow,659.0,0
AC38773BE9D73584,2024-01-22,2024-01-22 06:10:16,PRIME_HOLDINGS_099,HELIX_PAYMENTS_105,10952.32,HKD,AE,PA,velocity_burst,36.0,0
AC634D5A9902D36,2024-04-19,2024-04-19 13:37:19,PRIME_HOLDINGS_099,NEXUS_TRUST_151,10966.42,AED,US,SG,velocity_burst,8.0,0
AC7D38B18A97CC36,2024-06-01,2024-06-01 14:17:10,SOLARIS_FIN_183,OBSIDIAN_PARTNERS_168,373707.83,USD,US,VG,layering,869.0,0
AC92178A3F4E616C,2024-03-29,2024-03-29 05:17:18,SOLARIS_FIN_143,HELIX_PAYMENTS_165,650361.61,USD,SG,LI,normal,1914.0,0
AC939DABC5491AF,2024-06-30,2024-06-30 08:59:21,VORTEX_CREDIT_124,OMEGA_FIN_053,1301560.5,CHF,CY,FR,normal,5639.0,0
AC98FFACE222B38E,2024-02-29,2024-02-29 05:07:18,ZENITH_FUND_027,HELIX_PAYMENTS_065,485204.69,HKD,PA,VG,layering,1532.0,0
ACAE990A368FCD59,2024-03-05,2024-03-05 16:34:58,VORTEX_CREDIT_104,OMEGA_FIN_033,5212.71,USD,AE,US,normal,7382.0,0
ACB3F54D327C851B,2024-02-02,2024-02-02 05:00:20,DELTA_BANCORP_132,NOVA_TRUST_021,92583.55,GBP,LI,MT,layering,260.0,0
ACBF815E889224FD,2024-03-24,2024-03-24 02:18:41,NOVA_TRUST_021,STRATUS_FUND_137,219013.2,GBP,AU,PA,normal,10847.0,0
ACD1A15B83532192,2024-03-05,2024-03-05 14:18:03,ZENITH_FUND_147,SOLARIS_FIN_183,9822.5,GBP,CY,US,structuring,326.0,0
ACD204E5E7F31DB,2024-02-10,2024-02-10 14:06:57,OBSIDIAN_PARTNERS_168,NEXUS_TRUST_191,9409.67,USD,VG,FR,structuring,250.0,0
ACD76C2E6C905736,2024-05-26,2024-05-26 14:52:52,VORTEX_CREDIT_124,VORTEX_CREDIT_164,15233.08,CHF,CY,AU,normal,1171.0,0
ACE7AF871AA9DB4A,2024-06-11,2024-06-11 19:35:54,QUANTUM_CLEARING_046,QUANTUM_CLEARING_106,80311.89,USD,JP,KY,normal,1298.0,0
ACFBFA9E6F3AE452,2024-06-18,2024-06-18 22:43:49,DELTA_BANCORP_132,ECLIPSE_HOLDINGS_189,199247.14,HKD,AU,VG,normal,3422.0,0
ACFEDA8781994FA7,2024-02-24,2024-02-24 16:32:08,CIPHER_CAPITAL_150,AXIOM_PARTNERS_098,3190.88,CHF,DE,MT,normal,3111.0,0
ACFF91A319BB71DD,2024-01-07,2024-01-07 17:10:07,CIPHER_CAPITAL_090,STRATUS_FUND_097,8889.33,SGD,AU,AE,structuring,352.0,0
AD0C1A06C8E77274,2024-03-13,2024-03-13 22:12:12,ATLAS_BANCORP_082,SOLARIS_FIN_083,496.72,HKD,SG,US,normal,608.0,0
AD2ABB0D15802408,2024-01-13,2024-01-13 07:16:00,OMEGA_FIN_153,STRATUS_FUND_097,54344.27,CHF,DE,PA,circular_flow,582.0,0
AD3EA3F538527D55,2024-04-22,2024-04-22 06:49:31,ECLIPSE_HOLDINGS_069,VORTEX_CREDIT_164,7896.27,SGD,UK,MT,normal,2945.0,0
AD47B46438F4582B,2024-02-13,2024-02-13 18:08:28,SOLARIS_FIN_143,CIPHER_CAPITAL_110,216564.5,USD,KY,FR,normal,4590.0,0
AD53E24AEF9485F4,2024-01-26,2024-01-26 09:07:30,ECLIPSE_HOLDINGS_009,CORONA_CLEARING_196,56126.11,GBP,CY,DE,layering,11932.0,0
AD715CD294228444,2024-02-25,2024-02-25 19:27:24,CIPHER_CAPITAL_150,NEXUS_TRUST_091,8771.33,CHF,AE,AU,structuring,46.0,0
AD75C0AC7CA71E2D,2024-06-05,2024-06-05 22:25:25,NEXUS_TRUST_071,VORTEX_CREDIT_164,98015.28,HKD,AU,UK,normal,22974.0,0
ADA81C10BEF21044,2024-02-20,2024-02-20 06:07:36,NOVA_TRUST_021,AXIOM_PARTNERS_158,9040.15,SGD,DE,VG,structuring,101.0,0
ADB81D5E9949BDCF,2024-06-08,2024-06-08 21:33:32,NOVA_TRUST_181,PRIME_HOLDINGS_079,9442.2,AED,FR,PA,velocity_burst,8.0,0
ADB96C582ADEA8AA,2024-04-10,2024-04-10 02:23:27,VORTEX_CREDIT_064,ATLAS_BANCORP_042,7384.42,AED,UK,KY,normal,220.0,0
ADBC4CC45FDC21A1,2024-01-21,2024-01-21 22:35:43,VORTEX_CREDIT_084,AXIOM_PARTNERS_098,95377.83,CHF,UK,MT,layering,2238.0,0
ADBD9303DF46D38F,2024-05-27,2024-05-27 12:23:37,OMEGA_FIN_013,CIPHER_CAPITAL_010,123849.04,HKD,FR,DE,normal,3789.0,0
ADCF199AA83EC3C2,2024-01-10,2024-01-10 06:44:57,STRATUS_FUND_057,NOVA_TRUST_081,9572.35,HKD,MT,KY,structuring,21.0,0
ADDA5FA3C6F15750,2024-02-01,2024-02-01 21:05:48,DELTA_BANCORP_112,CORONA_CLEARING_116,3128.68,AED,KY,CY,normal,11264.0,0
ADED6E72E1133B1C,2024-06-13,2024-06-13 01:43:49,OBSIDIAN_PARTNERS_088,SOLARIS_FIN_183,8981.08,AED,JP,PA,structuring,58.0,0
AE0B609CF02643E2,2024-06-10,2024-06-10 04:17:48,CORONA_CLEARING_036,OMEGA_FIN_133,310048.67,HKD,CY,DE,high_risk_jx,10829.0,0
AE0CBA4A3D739125,2024-06-02,2024-06-02 00:49:34,PRIME_HOLDINGS_039,CORONA_CLEARING_156,7826.96,HKD,UK,KY,normal,4985.0,0
AE1581073A59C759,2024-06-22,2024-06-22 23:20:04,NOVA_TRUST_161,ZENITH_FUND_167,21420.95,USD,PA,LI,circular_flow,11095.0,0
AE184810DCC0C33A,2024-02-17,2024-02-17 21:07:28,HELIX_PAYMENTS_145,NEXUS_TRUST_151,8297.16,AED,PA,DE,structuring,48.0,0
AE27D0159D22FEB7,2024-04-03,2024-04-03 16:29:48,PRIME_HOLDINGS_199,APEX_CREDIT_014,9699.44,GBP,US,VG,structuring,58.0,0
AE2ADA1F3156F5AA,2024-03-11,2024-03-11 01:13:45,STRATUS_FUND_097,VORTEX_CREDIT_164,4563.42,AED,DE,UK,normal,10033.0,0
AE3B100565739C70,2024-03-31,2024-03-31 08:11:17,HELIX_PAYMENTS_065,VERTEX_PAYMENTS_055,11057.57,CHF,CY,AE,velocity_burst,12.0,0
AE40D787DE873F92,2024-04-30,2024-04-30 09:35:03,NEXUS_TRUST_191,APEX_CREDIT_074,27084.94,AED,MT,JP,normal,2392.0,0
AE42C6E47F5E7791,2024-05-31,2024-05-31 19:16:18,OBSIDIAN_PARTNERS_028,AXIOM_PARTNERS_138,6905.78,SGD,US,PA,velocity_burst,16.0,0
AE441699C10447B5,2024-02-11,2024-02-11 01:52:39,SOLARIS_FIN_023,QUANTUM_CLEARING_066,8029.32,AED,VG,DE,structuring,7.0,0
AE7E0C6E2A5AD54E,2024-01-03,2024-01-03 16:29:36,NOVA_TRUST_121,OBSIDIAN_PARTNERS_148,153265.44,SGD,UK,CY,normal,446.0,0
AE8620F88BE61113,2024-02-05,2024-02-05 08:47:47,AXIOM_PARTNERS_098,CIPHER_CAPITAL_050,196485.73,HKD,PA,CY,layering,67.0,0
AEA21B3073F98844,2024-01-26,2024-01-26 09:56:20,ZENITH_FUND_087,HELIX_PAYMENTS_165,43429.31,EUR,FR,LI,layering,354.0,0
AEB66F6D3FAA275E,2024-01-06,2024-01-06 01:04:48,VERTEX_PAYMENTS_055,PRIME_HOLDINGS_159,9504.81,GBP,JP,KY,structuring,1406.0,0
AEDE1BAE623A881,2024-02-07,2024-02-07 14:18:12,HELIX_PAYMENTS_125,VORTEX_CREDIT_044,52771.89,GBP,AE,SG,normal,6464.0,0
AEEB6B42A89CD73A,2024-03-01,2024-03-01 01:57:52,DELTA_BANCORP_072,OBSIDIAN_PARTNERS_068,38189.45,HKD,US,SG,normal,7225.0,0
AF02C7A650F379EA,2024-02-03,2024-02-03 11:01:53,DELTA_BANCORP_112,QUANTUM_CLEARING_126,45563.72,EUR,FR,VG,circular_flow,2662.0,0
AF0CE8C872A70E58,2024-06-20,2024-06-20 02:19:53,OMEGA_FIN_093,SOLARIS_FIN_183,1971.02,HKD,PA,KY,normal,10806.0,0
AF1848E14DE218CA,2024-03-28,2024-03-28 05:03:58,ZENITH_FUND_087,DELTA_BANCORP_172,2941.2,HKD,PA,AU,velocity_burst,4704.0,0
AF2947DAEA14AA06,2024-06-20,2024-06-20 12:48:50,OMEGA_FIN_133,PRIME_HOLDINGS_139,30011.82,USD,DE,LI,normal,4890.0,0
AF33857425A37831,2024-03-22,2024-03-22 19:28:33,NOVA_TRUST_181,QUANTUM_CLEARING_126,1241.54,SGD,UK,MT,velocity_burst,6.0,0
AF3564A6B48F2B3,2024-03-23,2024-03-23 23:17:54,SOLARIS_FIN_043,ZENITH_FUND_127,8340.3,SGD,DE,DE,structuring,144.0,1
AF36CEA415AC0EE3,2024-03-23,2024-03-23 13:24:52,ATLAS_BANCORP_062,ZENITH_FUND_027,4390.38,USD,LI,SG,normal,8197.0,0
AF4683865B58D15,2024-03-31,2024-03-31 08:10:25,HELIX_PAYMENTS_065,DELTA_BANCORP_052,1265.17,CHF,US,AE,velocity_burst,6.0,0
AF5BF7E15BBEA2B,2024-02-11,2024-02-11 01:47:43,ATLAS_BANCORP_142,STRATUS_FUND_117,11339.64,SGD,PA,KY,velocity_burst,11.0,1
AF87449DBE8A982C,2024-03-17,2024-03-17 04:03:53,CIPHER_CAPITAL_130,ZENITH_FUND_087,458765.86,CHF,MT,VG,high_risk_jx,895.0,0
AF99D7B4B6C1422,2024-06-13,2024-06-13 01:51:01,OBSIDIAN_PARTNERS_088,SOLARIS_FIN_103,8101.07,USD,UK,PA,structuring,432.0,0
AFA3AA18B0F674B4,2024-02-10,2024-02-10 17:37:09,NOVA_TRUST_021,VORTEX_CREDIT_044,8022.21,GBP,SG,LI,normal,2492.0,0
AFB37559EBF65DAF,2024-01-13,2024-01-13 07:06:18,HELIX_PAYMENTS_105,OMEGA_FIN_153,44967.98,HKD,JP,UK,circular_flow,312.0,0
AFB9CD08FDF1D9E6,2024-06-19,2024-06-19 06:37:16,STRATUS_FUND_177,DELTA_BANCORP_052,15294.79,USD,FR,MT,normal,16529.0,0
AFBA5A8044475605,2024-01-13,2024-01-13 23:35:58,DELTA_BANCORP_012,ATLAS_BANCORP_182,13833.94,USD,FR,JP,velocity_burst,5.0,0
AFBF3D76150D0498,2024-01-24,2024-01-24 16:28:31,OMEGA_FIN_053,DELTA_BANCORP_112,43737.43,EUR,LI,JP,layering,406.0,0
AFC5BFDE4B631689,2024-05-10,2024-05-10 07:35:22,VORTEX_CREDIT_184,AXIOM_PARTNERS_058,2670.07,SGD,PA,AE,velocity_burst,42.0,1
AFC97E7C3133CCD0,2024-01-11,2024-01-11 01:52:18,PRIME_HOLDINGS_199,ECLIPSE_HOLDINGS_149,750.37,GBP,KY,UK,velocity_burst,20.0,0
AFCF2E40318CBBFC,2024-04-01,2024-04-01 22:34:20,MERIDIAN_CAPITAL_060,NOVA_TRUST_061,9896.25,SGD,SG,DE,structuring,112.0,0
AFE04A27C3B72E5F,2024-05-29,2024-05-29 16:01:38,DELTA_BANCORP_012,DELTA_BANCORP_032,6101.98,HKD,AE,FR,normal,601.0,0
AFEDB27F466871D,2024-02-26,2024-02-26 02:59:37,AXIOM_PARTNERS_038,NOVA_TRUST_101,5860.16,GBP,AE,MT,velocity_burst,3.0,0
AFFC3EE1EBF95F65,2024-06-28,2024-06-28 04:25:20,NEXUS_TRUST_031,STRATUS_FUND_197,6639.38,SGD,CY,SG,velocity_burst,3.0,1
B0210D8D4382FABA,2024-01-26,2024-01-26 11:38:58,MERIDIAN_CAPITAL_180,CIPHER_CAPITAL_090,22118.76,USD,MT,SG,circular_flow,1221.0,0
B02224882CE3FA13,2024-01-23,2024-01-23 00:42:34,CIPHER_CAPITAL_090,OBSIDIAN_PARTNERS_088,9910.87,GBP,AE,PA,structuring,378.0,1
B02A31F3D1F0D155,2024-03-26,2024-03-26 19:47:45,QUANTUM_CLEARING_086,CIPHER_CAPITAL_090,9363.28,CHF,VG,AE,structuring,1243.0,0
B03C929A4258175F,2024-03-09,2024-03-09 03:58:17,NOVA_TRUST_121,ZENITH_FUND_107,192945.23,EUR,DE,CY,normal,269.0,0
B044085D603E3F3B,2024-06-01,2024-06-01 04:09:13,ECLIPSE_HOLDINGS_069,ECLIPSE_HOLDINGS_129,27415.53,EUR,KY,FR,normal,730.0,0
B04CF05158F6FE54,2024-06-15,2024-06-15 04:53:04,DELTA_BANCORP_092,NOVA_TRUST_041,5762.39,USD,KY,VG,normal,7388.0,0
B05EB22D66440AAC,2024-06-18,2024-06-18 13:55:07,APEX_CREDIT_054,ZENITH_FUND_087,14664.55,AED,KY,CY,normal,6338.0,0
B066F0CF44711199,2024-04-18,2024-04-18 03:19:48,DELTA_BANCORP_072,STRATUS_FUND_037,11405.46,GBP,UK,AU,velocity_burst,3.0,1
B06F1264B26D7D4C,2024-03-25,2024-03-25 21:18:45,DELTA_BANCORP_192,PRIME_HOLDINGS_179,39962.96,USD,AE,AE,normal,534.0,0
B07B3CC79B2DE828,2024-01-02,2024-01-02 11:04:03,NEXUS_TRUST_111,VORTEX_CREDIT_004,17968.18,AED,LI,CY,normal,3438.0,0
B08D87E9554019F4,2024-01-18,2024-01-18 01:44:47,APEX_CREDIT_094,HELIX_PAYMENTS_005,176125.29,USD,LI,LI,circular_flow,500.0,0
B09DF680120ABE4C,2024-03-19,2024-03-19 12:57:42,ECLIPSE_HOLDINGS_069,NEXUS_TRUST_191,7918.23,CHF,JP,LI,normal,1484.0,0
B09EA31D8B2A577F,2024-05-05,2024-05-05 01:11:47,QUANTUM_CLEARING_066,OBSIDIAN_PARTNERS_128,5249.82,CHF,LI,US,normal,6265.0,0
B09FC35864586A6E,2024-06-19,2024-06-19 15:09:52,ATLAS_BANCORP_022,DELTA_BANCORP_032,1859.47,AED,AE,PA,normal,3246.0,0
B09FE8E73A3177F7,2024-02-02,2024-02-02 20:49:09,ZENITH_FUND_087,ZENITH_FUND_167,539.01,USD,US,JP,normal,1466.0,0
B0A57FB54B225DEC,2024-02-01,2024-02-01 23:48:47,CORONA_CLEARING_076,CORONA_CLEARING_116,233.65,SGD,PA,JP,normal,9779.0,0
B0AE02AF576D7541,2024-04-01,2024-04-01 00:38:06,NEXUS_TRUST_051,CIPHER_CAPITAL_170,4326.61,AED,KY,LI,normal,14723.0,0
B0B42CF28C7D949,2024-05-07,2024-05-07 14:10:38,SOLARIS_FIN_143,NEXUS_TRUST_091,433777.73,CHF,PA,AU,normal,17641.0,0
B0B6C15E1341CC87,2024-05-15,2024-05-15 10:33:07,QUANTUM_CLEARING_166,QUANTUM_CLEARING_086,11557.71,SGD,CY,US,velocity_burst,1.0,0
B0BA0B91CCE4A318,2024-03-02,2024-03-02 13:46:05,MERIDIAN_CAPITAL_100,MERIDIAN_CAPITAL_040,14765.03,CHF,AU,CY,velocity_burst,4.0,0
B0C44F31E25EF79D,2024-05-06,2024-05-06 21:37:15,AXIOM_PARTNERS_078,PRIME_HOLDINGS_019,1947.98,CHF,PA,KY,normal,25349.0,0
B0E11E5081281C27,2024-06-22,2024-06-22 13:54:57,STRATUS_FUND_117,ECLIPSE_HOLDINGS_029,518349.29,GBP,FR,FR,normal,7182.0,0
B0E52F4AB661E1F2,2024-04-14,2024-04-14 17:10:39,OBSIDIAN_PARTNERS_088,ZENITH_FUND_167,1469.8,CHF,LI,CY,normal,1793.0,0
B0EC666E7D097F22,2024-02-13,2024-02-13 07:36:49,NEXUS_TRUST_051,CORONA_CLEARING_056,4532.75,EUR,DE,MT,normal,6059.0,0
B0FDCC69EF3BED7F,2024-04-09,2024-04-09 01:23:12,AXIOM_PARTNERS_018,ZENITH_FUND_067,11129.48,HKD,JP,AE,velocity_burst,3.0,0
B119BA847D991C22,2024-03-01,2024-03-01 22:03:25,NOVA_TRUST_141,ATLAS_BANCORP_022,394885.97,AED,KY,CY,layering,26454.0,0
B125C8654DC7657B,2024-05-22,2024-05-22 05:01:39,DELTA_BANCORP_192,HELIX_PAYMENTS_185,8086.63,HKD,DE,DE,velocity_burst,12.0,0
B13ABB0899AC2E99,2024-04-18,2024-04-18 22:21:18,APEX_CREDIT_054,PRIME_HOLDINGS_199,6163.41,HKD,JP,VG,velocity_burst,32495.0,0
B144C8DFA4FF840A,2024-03-30,2024-03-30 08:55:39,ATLAS_BANCORP_002,MERIDIAN_CAPITAL_000,728.57,GBP,AU,SG,normal,1837.0,0
B15366A2B686219B,2024-06-08,2024-06-08 21:33:45,NOVA_TRUST_181,AXIOM_PARTNERS_058,12378.88,CHF,JP,MT,velocity_burst,13.0,0
B1568126C7B7867E,2024-04-22,2024-04-22 23:50:55,AXIOM_PARTNERS_078,AXIOM_PARTNERS_198,6316.79,USD,DE,KY,normal,156.0,0
B15781C8CC8A0199,2024-01-15,2024-01-15 10:32:50,ZENITH_FUND_167,DELTA_BANCORP_192,124949.98,EUR,JP,MT,normal,1154.0,0
B174A2FD86387257,2024-01-02,2024-01-02 12:14:58,MERIDIAN_CAPITAL_000,ZENITH_FUND_127,3401.46,SGD,US,AU,velocity_burst,5.0,0
B18875C23FE05B51,2024-06-30,2024-06-30 09:56:47,NOVA_TRUST_021,APEX_CREDIT_054,93.32,HKD,KY,LI,normal,1460.0,0
B18D9559FE440794,2024-06-15,2024-06-15 10:16:09,ATLAS_BANCORP_182,NEXUS_TRUST_151,3706.82,USD,LI,SG,velocity_burst,2.0,0
B191E0065C6269DF,2024-03-08,2024-03-08 17:32:48,SOLARIS_FIN_143,ATLAS_BANCORP_162,34058.33,HKD,KY,CY,circular_flow,1278.0,0
B197BCA86199CFB0,2024-02-22,2024-02-22 22:02:49,ATLAS_BANCORP_162,VERTEX_PAYMENTS_155,20136.5,SGD,KY,PA,normal,14455.0,0
B1A85EA2EBF291C0,2024-06-03,2024-06-03 07:43:51,MERIDIAN_CAPITAL_000,APEX_CREDIT_034,2916.6,AED,PA,SG,normal,2091.0,0
B1B57BB82AA24F7E,2024-04-01,2024-04-01 04:10:20,MERIDIAN_CAPITAL_160,MERIDIAN_CAPITAL_060,8269.35,AED,MT,AE,structuring,33.0,1
B1C69AD665484ED7,2024-02-25,2024-02-25 14:15:14,QUANTUM_CLEARING_186,APEX_CREDIT_034,3625.26,USD,SG,DE,normal,650.0,0
B1E82373FAFCA220,2024-04-01,2024-04-01 13:28:16,APEX_CREDIT_034,APEX_CREDIT_194,2485.33,USD,AU,LI,normal,1644.0,0
B1EC35B98B8B4CE2,2024-03-24,2024-03-24 03:37:32,CIPHER_CAPITAL_010,AXIOM_PARTNERS_018,2107.6,CHF,CY,DE,normal,756.0,0
B1EFACA044F2C514,2024-01-06,2024-01-06 18:26:10,VERTEX_PAYMENTS_155,VERTEX_PAYMENTS_055,4452.17,AED,FR,FR,normal,7018.0,0
B1FC499FC6279716,2024-06-05,2024-06-05 04:21:13,ECLIPSE_HOLDINGS_189,DELTA_BANCORP_152,31283.0,SGD,US,AU,normal,2537.0,0
B2042A49E791A2B1,2024-02-26,2024-02-26 06:42:43,STRATUS_FUND_157,OMEGA_FIN_173,64916.72,AED,JP,AU,normal,7112.0,0
B208097D6EA47E9,2024-03-30,2024-03-30 01:44:29,NEXUS_TRUST_171,QUANTUM_CLEARING_066,100601.96,EUR,PA,PA,layering,128.0,0
B21400528A3363B9,2024-01-19,2024-01-19 01:15:43,QUANTUM_CLEARING_106,DELTA_BANCORP_132,1331.38,CHF,JP,AU,normal,6466.0,0
B21D3867EFCCA0F3,2024-03-14,2024-03-14 14:39:21,APEX_CREDIT_094,NOVA_TRUST_021,32464.68,HKD,AU,FR,circular_flow,948.0,0
B21EE0CF12708217,2024-01-29,2024-01-29 07:21:09,VERTEX_PAYMENTS_155,HELIX_PAYMENTS_105,862.91,CHF,VG,MT,normal,3645.0,0
B2234650D08E6691,2024-04-30,2024-04-30 18:51:57,ATLAS_BANCORP_122,ZENITH_FUND_047,6446.53,USD,JP,LI,normal,5835.0,0
B228B45E7ABBC1D6,2024-01-13,2024-01-13 19:37:23,ATLAS_BANCORP_062,ATLAS_BANCORP_082,1831.02,AED,UK,DE,normal,821.0,0
B22FBD8D994E3653,2024-01-11,2024-01-11 19:34:31,OBSIDIAN_PARTNERS_008,NOVA_TRUST_041,12247.76,HKD,SG,VG,normal,776.0,0
B2424B5A14028DD9,2024-01-05,2024-01-05 19:25:31,STRATUS_FUND_157,ATLAS_BANCORP_082,376974.06,EUR,MT,SG,layering,59.0,0
B245FF2CD580917F,2024-04-23,2024-04-23 14:18:51,ECLIPSE_HOLDINGS_129,MERIDIAN_CAPITAL_000,7561.26,SGD,MT,UK,normal,5022.0,0
B25B5389F40A05E2,2024-01-07,2024-01-07 10:46:42,MERIDIAN_CAPITAL_040,SOLARIS_FIN_043,35394.92,EUR,FR,FR,normal,25732.0,0
B2628D8AF6D72CA0,2024-01-22,2024-01-22 18:28:56,NEXUS_TRUST_071,MERIDIAN_CAPITAL_180,15194.1,HKD,UK,FR,circular_flow,4964.0,0
B2721DC358209F9D,2024-04-18,2024-04-18 03:35:05,VORTEX_CREDIT_044,OMEGA_FIN_013,72941.96,HKD,MT,FR,normal,651.0,0
B27B25968A505155,2024-03-03,2024-03-03 01:00:42,CORONA_CLEARING_016,APEX_CREDIT_194,173315.72,SGD,CY,FR,normal,1196.0,0
B28E10B35ABF2523,2024-01-02,2024-01-02 14:26:54,DELTA_BANCORP_152,NOVA_TRUST_081,9315.7,CHF,DE,FR,velocity_burst,16.0,0
B28E7310E97A17B9,2024-06-13,2024-06-13 21:53:22,HELIX_PAYMENTS_005,DELTA_BANCORP_132,281201.63,GBP,DE,AE,layering,1142.0,0
B29913B86B75F73E,2024-04-18,2024-04-18 13:19:43,SOLARIS_FIN_143,NEXUS_TRUST_091,1703.13,GBP,DE,MT,normal,2600.0,0
B2AC42BDF870F67F,2024-05-11,2024-05-11 17:30:30,OBSIDIAN_PARTNERS_148,AXIOM_PARTNERS_138,27080.93,EUR,JP,AE,normal,2909.0,0
B2B4FA72218DECFE,2024-06-29,2024-06-29 00:30:15,ATLAS_BANCORP_082,SOLARIS_FIN_123,11040.07,GBP,JP,LI,velocity_burst,9.0,0
B2C45EAC446259C5,2024-03-02,2024-03-02 04:30:27,STRATUS_FUND_157,SOLARIS_FIN_183,18278.76,EUR,LI,FR,circular_flow,133.0,0
B2CE6F3D41FD8E05,2024-03-14,2024-03-14 18:17:30,NEXUS_TRUST_011,DELTA_BANCORP_052,65492.86,AED,KY,VG,normal,3440.0,0
B2D1D66DF981316D,2024-02-15,2024-02-15 14:19:53,ATLAS_BANCORP_082,SOLARIS_FIN_083,118223.49,CHF,CY,VG,normal,9885.0,0
B2EC27ABB519C7F6,2024-02-09,2024-02-09 17:23:58,AXIOM_PARTNERS_098,CORONA_CLEARING_156,10224.67,USD,SG,VG,velocity_burst,1.0,0
B2F2BA88F78CC6D9,2024-02-11,2024-02-11 05:05:22,SOLARIS_FIN_063,VORTEX_CREDIT_024,409946.38,GBP,PA,KY,layering,476.0,0
B309EFD3C1E1B1CA,2024-01-22,2024-01-22 06:42:13,ECLIPSE_HOLDINGS_069,STRATUS_FUND_177,11694.1,CHF,DE,CY,velocity_burst,66.0,1
B3116E82E0FE492E,2024-01-13,2024-01-13 10:18:41,MERIDIAN_CAPITAL_000,APEX_CREDIT_014,473822.25,EUR,KY,AE,layering,475.0,0
B3167827CFB2B410,2024-04-22,2024-04-22 22:41:03,OMEGA_FIN_053,AXIOM_PARTNERS_138,9473.08,USD,UK,MT,structuring,48.0,0
B336D61C8AB1DD4A,2024-04-10,2024-04-10 07:52:38,OMEGA_FIN_193,ECLIPSE_HOLDINGS_109,11862.5,SGD,KY,SG,velocity_burst,14.0,1
B3446BC9C3DDE4F3,2024-06-22,2024-06-22 11:55:15,DELTA_BANCORP_152,SOLARIS_FIN_143,155334.16,EUR,UK,PA,normal,878.0,0
B356FAB21E0CDB98,2024-03-07,2024-03-07 07:57:03,AXIOM_PARTNERS_118,DELTA_BANCORP_032,51160.04,GBP,AE,KY,normal,6511.0,0
B35E2FB8DA531747,2024-04-25,2024-04-25 06:05:48,HELIX_PAYMENTS_165,ZENITH_FUND_127,12015.29,EUR,VG,PA,normal,7182.0,0
B3827DAFD13E3D26,2024-02-19,2024-02-19 09:31:07,CORONA_CLEARING_196,NEXUS_TRUST_111,2887.44,SGD,AE,DE,velocity_burst,1617.0,0
B38F0640E78AFE,2024-02-19,2024-02-19 07:02:42,ECLIPSE_HOLDINGS_089,DELTA_BANCORP_072,4370.67,CHF,VG,AE,normal,401.0,0
B39715EF287D0B9F,2024-01-20,2024-01-20 06:54:21,NEXUS_TRUST_151,HELIX_PAYMENTS_185,14106.38,HKD,UK,AU,velocity_burst,10.0,1
B39BDD0C493D7F2C,2024-03-26,2024-03-26 11:24:57,QUANTUM_CLEARING_166,OMEGA_FIN_093,8465.1,USD,AE,US,circular_flow,1592.0,0
B3A020A59EFBFA8,2024-03-14,2024-03-14 15:36:40,MERIDIAN_CAPITAL_100,STRATUS_FUND_097,116766.62,CHF,JP,DE,normal,2950.0,0
B3B5D44DF2E2A610,2024-06-30,2024-06-30 09:32:27,CIPHER_CAPITAL_190,DELTA_BANCORP_072,9277.08,SGD,KY,SG,normal,1986.0,0
B3BC55B952F9FF87,2024-04-04,2024-04-04 00:43:43,NEXUS_TRUST_151,NEXUS_TRUST_131,19253.69,CHF,AE,VG,normal,152.0,0
B3D3BC37DDE4CF4,2024-01-25,2024-01-25 12:20:44,STRATUS_FUND_097,VORTEX_CREDIT_024,55398.09,GBP,VG,US,normal,223.0,0
B3D5096FFF139A25,2024-06-27,2024-06-27 11:38:17,ATLAS_BANCORP_022,AXIOM_PARTNERS_078,8973.39,HKD,SG,AE,structuring,448.0,0
B3E1C9C7A066006F,2024-03-23,2024-03-23 08:35:19,MERIDIAN_CAPITAL_060,VORTEX_CREDIT_144,3188.96,USD,VG,PA,normal,1423.0,0
B3F4F1A99D42F72B,2024-04-03,2024-04-03 15:06:57,STRATUS_FUND_057,PRIME_HOLDINGS_179,8956.81,CHF,US,AE,structuring,17502.0,0
B3FA072BFA1332C7,2024-05-10,2024-05-10 05:05:40,ATLAS_BANCORP_142,CORONA_CLEARING_076,9327.11,GBP,US,AE,structuring,237.0,0
B407532D8673A3E4,2024-04-30,2024-04-30 13:21:34,ZENITH_FUND_107,HELIX_PAYMENTS_045,9868.06,HKD,US,CY,structuring,96.0,0
B412694338079330,2024-03-01,2024-03-01 14:42:31,MERIDIAN_CAPITAL_020,OMEGA_FIN_173,3055.33,EUR,AE,JP,normal,2199.0,0
B419D2EAD6661B94,2024-01-06,2024-01-06 15:20:41,STRATUS_FUND_017,NEXUS_TRUST_111,40409.68,EUR,AU,UK,circular_flow,1577.0,0
B41E4B637AD865C,2024-02-03,2024-02-03 11:29:57,STRATUS_FUND_057,MERIDIAN_CAPITAL_020,32123.28,CHF,VG,LI,normal,84.0,0
B42EA1E792B87EE8,2024-01-16,2024-01-16 00:36:11,MERIDIAN_CAPITAL_080,CIPHER_CAPITAL_170,117446.77,AED,KY,KY,layering,140.0,0
B43A1C58147760BB,2024-06-14,2024-06-14 13:39:36,AXIOM_PARTNERS_118,VORTEX_CREDIT_144,27156.66,HKD,AU,SG,normal,10541.0,0
B43B3ABA9A93FA1,2024-03-14,2024-03-14 17:20:10,OMEGA_FIN_113,SOLARIS_FIN_003,154104.0,SGD,AE,US,normal,3525.0,0
B43FE12A29021AE4,2024-07-05,2024-07-05 02:48:10,QUANTUM_CLEARING_126,ATLAS_BANCORP_002,329050.22,HKD,PA,LI,layering,2480.0,0
B447103DB55C826B,2024-07-07,2024-07-07 12:11:03,CORONA_CLEARING_156,ZENITH_FUND_187,3406.48,HKD,US,SG,normal,11719.0,0
B453183889ECFE83,2024-05-20,2024-05-20 20:24:51,NEXUS_TRUST_111,STRATUS_FUND_157,9350.25,AED,AU,MT,structuring,8660.0,0
B46330A2805672F1,2024-01-23,2024-01-23 14:07:00,AXIOM_PARTNERS_198,VORTEX_CREDIT_084,2029.94,CHF,AE,DE,normal,2318.0,0
B46BDD14960F48FE,2024-06-11,2024-06-11 09:39:17,NOVA_TRUST_041,NEXUS_TRUST_191,10572.34,HKD,VG,LI,normal,808.0,0
B475E055522E2EC2,2024-03-01,2024-03-01 09:40:21,ATLAS_BANCORP_002,OBSIDIAN_PARTNERS_068,41059.8,AED,DE,DE,normal,5564.0,0
B497DAA7A2555576,2024-03-12,2024-03-12 07:52:32,DELTA_BANCORP_192,NEXUS_TRUST_191,13045.24,USD,SG,VG,normal,5613.0,0
B4989510DED0E8F9,2024-02-26,2024-02-26 20:26:13,NEXUS_TRUST_131,NOVA_TRUST_001,150640.34,CHF,CY,VG,normal,2600.0,0
B499F0D9D51BC8EF,2024-02-13,2024-02-13 03:58:22,MERIDIAN_CAPITAL_060,QUANTUM_CLEARING_086,2346.99,CHF,AE,CY,velocity_burst,134.0,1
B4A0B59AA0A61A2,2024-01-01,2024-01-01 22:51:21,HELIX_PAYMENTS_085,CIPHER_CAPITAL_190,9156.16,CHF,FR,CY,velocity_burst,42.0,0
B4A223FD6DD46D3B,2024-04-01,2024-04-01 16:44:34,SOLARIS_FIN_063,VERTEX_PAYMENTS_155,13993.0,USD,AE,SG,velocity_burst,5798.0,0
B4A254FC6455FD86,2024-03-01,2024-03-01 10:03:28,QUANTUM_CLEARING_086,ATLAS_BANCORP_022,999.23,EUR,DE,PA,normal,7.0,0
B4AB3FC65D7F514B,2024-01-21,2024-01-21 05:15:49,SOLARIS_FIN_163,DELTA_BANCORP_092,260488.16,SGD,AU,PA,normal,3942.0,0
B4AEC101C109EAE2,2024-03-23,2024-03-23 23:09:48,SOLARIS_FIN_043,CIPHER_CAPITAL_090,9506.86,AED,PA,AU,structuring,60.0,0
B4BAF594FCC0A3B9,2024-06-19,2024-06-19 18:51:56,VERTEX_PAYMENTS_055,ECLIPSE_HOLDINGS_049,40516.56,HKD,MT,FR,circular_flow,207.0,0
B4BFD9A02A710D2E,2024-02-22,2024-02-22 08:26:05,HELIX_PAYMENTS_005,STRATUS_FUND_037,1710.36,HKD,AE,MT,velocity_burst,1.0,0
B4C43174CDFD2DBF,2024-03-10,2024-03-10 14:46:11,OMEGA_FIN_153,VORTEX_CREDIT_144,6835.31,EUR,KY,MT,normal,2662.0,0
B4D219C8BC43D89D,2024-06-24,2024-06-24 10:07:22,HELIX_PAYMENTS_185,OBSIDIAN_PARTNERS_128,53919.26,EUR,CY,CY,normal,1506.0,0
B4DF70F71BDE3C69,2024-06-11,2024-06-11 21:28:13,APEX_CREDIT_054,NEXUS_TRUST_091,142791.55,EUR,AE,AE,layering,134.0,0
B4FA4795CE2EE20B,2024-06-09,2024-06-09 23:19:23,NEXUS_TRUST_091,MERIDIAN_CAPITAL_000,33729.76,SGD,PA,AU,normal,1766.0,0
B50762A99A4B8AC,2024-01-04,2024-01-04 03:58:37,VORTEX_CREDIT_024,ZENITH_FUND_027,85749.57,HKD,AE,FR,circular_flow,684.0,0
B532370191A1D1B6,2024-01-20,2024-01-20 06:54:11,NEXUS_TRUST_151,VORTEX_CREDIT_044,3541.27,EUR,KY,LI,velocity_burst,13.0,0
B54C40599CBCF4C3,2024-04-30,2024-04-30 21:45:33,ECLIPSE_HOLDINGS_089,NOVA_TRUST_001,267.75,CHF,LI,MT,normal,10416.0,0
B568CB04E1F18865,2024-03-27,2024-03-27 09:21:06,PRIME_HOLDINGS_139,AXIOM_PARTNERS_038,2442.06,HKD,DE,PA,normal,255.0,0
B56FCB5B250E4786,2024-04-18,2024-04-18 22:27:06,APEX_CREDIT_054,VORTEX_CREDIT_124,9647.28,AED,KY,MT,velocity_burst,124.0,1
B59007E454699BDA,2024-01-28,2024-01-28 08:18:50,QUANTUM_CLEARING_166,APEX_CREDIT_074,6015.35,USD,US,SG,normal,4420.0,0
B5BA1F5E93B5FDA0,2024-02-13,2024-02-13 20:10:08,DELTA_BANCORP_152,ATLAS_BANCORP_102,1596.85,SGD,VG,DE,normal,7300.0,0
B5BC0D0765308BA,2024-03-09,2024-03-09 13:38:27,AXIOM_PARTNERS_038,VORTEX_CREDIT_044,95664.76,AED,JP,US,normal,4498.0,0
B5C3C518D9C4DC05,2024-02-11,2024-02-11 21:03:16,NOVA_TRUST_121,ZENITH_FUND_107,9914.86,CHF,FR,US,structuring,45.0,0
B5C41AE88218A409,2024-01-23,2024-01-23 02:15:42,CORONA_CLEARING_076,SOLARIS_FIN_143,8165.64,CHF,UK,KY,structuring,49.0,0
B5C45471EA49F1AA,2024-04-01,2024-04-01 12:54:47,ZENITH_FUND_007,NOVA_TRUST_161,6842.77,CHF,MT,DE,velocity_burst,14.0,0
B5CF1A6ECD7781C0,2024-02-21,2024-02-21 03:58:28,CIPHER_CAPITAL_050,PRIME_HOLDINGS_159,21519.4,EUR,SG,VG,normal,3921.0,0
B5DAC4042A329B3A,2024-07-06,2024-07-06 16:27:23,CIPHER_CAPITAL_150,QUANTUM_CLEARING_066,13752.13,EUR,US,US,velocity_burst,26.0,0
B5E34B85F02CCD30,2024-02-15,2024-02-15 11:35:08,ZENITH_FUND_187,VERTEX_PAYMENTS_115,430219.27,HKD,US,SG,normal,5090.0,0
B5FBC8CF24DBAE58,2024-03-04,2024-03-04 03:41:22,PRIME_HOLDINGS_059,AXIOM_PARTNERS_078,5765.75,CHF,VG,AE,normal,930.0,0
B6030F6DA5D90624,2024-05-04,2024-05-04 23:22:05,APEX_CREDIT_014,ATLAS_BANCORP_162,8966.19,HKD,JP,MT,velocity_burst,2.0,0
B60406CF27C2318C,2024-01-10,2024-01-10 21:28:10,CIPHER_CAPITAL_150,OBSIDIAN_PARTNERS_128,8878.26,GBP,AE,JP,structuring,61.0,0
B60B65F0F77C4D39,2024-05-06,2024-05-06 07:31:08,OMEGA_FIN_053,VERTEX_PAYMENTS_115,39089.74,EUR,FR,US,normal,1985.0,0
B60E7ED9553A01B9,2024-05-01,2024-05-01 13:54:17,HELIX_PAYMENTS_125,VERTEX_PAYMENTS_075,12698.07,HKD,KY,DE,normal,7604.0,0
B638FC06592A794A,2024-01-22,2024-01-22 06:44:49,ECLIPSE_HOLDINGS_069,DELTA_BANCORP_012,4056.77,HKD,MT,DE,velocity_burst,54.0,1
B643A42F69DEC5A1,2024-05-02,2024-05-02 04:01:29,CIPHER_CAPITAL_090,AXIOM_PARTNERS_178,5260.76,GBP,MT,MT,velocity_burst,18.0,0
B65B5675636A75B1,2024-04-24,2024-04-24 07:14:11,HELIX_PAYMENTS_145,NEXUS_TRUST_071,7277.51,HKD,AE,MT,velocity_burst,18446.0,0
B660A16C348C1FA1,2024-06-28,2024-06-28 04:25:17,NEXUS_TRUST_031,APEX_CREDIT_134,13054.17,EUR,SG,VG,velocity_burst,9.0,1
B6623ABCD680E9D1,2024-04-01,2024-04-01 09:35:25,QUANTUM_CLEARING_166,VORTEX_CREDIT_184,8537.86,GBP,KY,AU,structuring,271.0,1
B66705C5A33A72E6,2024-05-17,2024-05-17 16:59:20,CIPHER_CAPITAL_110,QUANTUM_CLEARING_166,2725.09,EUR,MT,US,normal,2393.0,0
B66889BB2A6E05A3,2024-06-18,2024-06-18 12:09:29,ZENITH_FUND_067,CIPHER_CAPITAL_110,23603.81,AED,VG,VG,normal,15116.0,0
B66DBF69B5B705B2,2024-06-02,2024-06-02 18:24:50,NEXUS_TRUST_131,QUANTUM_CLEARING_086,620065.17,GBP,DE,UK,normal,2893.0,0
B67F4B56DABC395E,2024-02-10,2024-02-10 10:47:23,ZENITH_FUND_047,VERTEX_PAYMENTS_195,13171.37,EUR,MT,JP,normal,516.0,0
B68AB672B0DCDB8C,2024-06-24,2024-06-24 17:06:43,HELIX_PAYMENTS_045,PRIME_HOLDINGS_119,10240.69,USD,PA,PA,velocity_burst,1.0,0
B68E7E09D54E2042,2024-02-11,2024-02-11 04:57:26,OMEGA_FIN_133,SOLARIS_FIN_063,431522.51,GBP,MT,DE,layering,10542.0,0
B691BE0458D8EE6E,2024-04-02,2024-04-02 22:58:22,NOVA_TRUST_181,VERTEX_PAYMENTS_035,16742.29,CHF,KY,LI,circular_flow,275.0,0
B6A8C1BF40488AD4,2024-05-24,2024-05-24 01:09:03,CIPHER_CAPITAL_030,APEX_CREDIT_134,9145.56,EUR,JP,DE,structuring,168.0,0
B6B8B87CFB4E7D59,2024-03-12,2024-03-12 19:27:41,NOVA_TRUST_001,SOLARIS_FIN_143,9174.38,EUR,VG,UK,normal,2187.0,0
B6C239FAFA0C2061,2024-03-02,2024-03-02 13:47:50,MERIDIAN_CAPITAL_100,QUANTUM_CLEARING_106,1441.84,HKD,AU,MT,velocity_burst,4.0,1
B6C6CDE395B97927,2024-06-22,2024-06-22 16:32:04,AXIOM_PARTNERS_038,AXIOM_PARTNERS_098,418385.04,CHF,AU,UK,layering,390.0,0
B6D7F4B06D441E57,2024-06-07,2024-06-07 07:54:15,CORONA_CLEARING_196,HELIX_PAYMENTS_105,961.81,CHF,KY,PA,normal,11330.0,0
B6DBC1BA6A07FD33,2024-06-29,2024-06-29 00:30:48,ATLAS_BANCORP_082,CIPHER_CAPITAL_090,11384.32,HKD,PA,US,velocity_burst,6.0,0
B6DC5386D63FA11B,2024-01-30,2024-01-30 05:13:54,ECLIPSE_HOLDINGS_169,VORTEX_CREDIT_144,2863.34,HKD,LI,KY,normal,13300.0,0
B6DF1FBC24AE0BC8,2024-01-27,2024-01-27 05:16:24,HELIX_PAYMENTS_065,CORONA_CLEARING_156,3245.27,SGD,DE,AE,normal,401.0,0
B6E30A669474253E,2024-06-28,2024-06-28 05:52:36,DELTA_BANCORP_152,CIPHER_CAPITAL_030,4817.94,CHF,UK,PA,normal,5103.0,0
B730F3F63009ACC1,2024-02-03,2024-02-03 01:28:21,NOVA_TRUST_181,AXIOM_PARTNERS_138,17231.3,EUR,FR,DE,normal,4363.0,0
B752852BE073384,2024-04-04,2024-04-04 16:52:54,ZENITH_FUND_067,CORONA_CLEARING_036,259932.43,SGD,VG,AU,layering,680.0,0
B75C06FF689077C1,2024-04-08,2024-04-08 17:53:09,NEXUS_TRUST_091,ECLIPSE_HOLDINGS_149,5867.28,AED,FR,KY,normal,1484.0,0
B75E7A621510039C,2024-01-01,2024-01-01 22:50:39,HELIX_PAYMENTS_085,ATLAS_BANCORP_102,10267.13,EUR,MT,SG,velocity_burst,40.0,0
B761D939C3476EB,2024-02-06,2024-02-06 22:27:14,PRIME_HOLDINGS_139,OMEGA_FIN_133,15201.3,HKD,AU,VG,normal,2750.0,0
B7795427F038A350,2024-07-07,2024-07-07 01:15:01,APEX_CREDIT_074,NEXUS_TRUST_171,253985.14,USD,LI,VG,layering,642.0,0
B77AA34A76E0EC54,2024-01-11,2024-01-11 01:51:18,PRIME_HOLDINGS_199,HELIX_PAYMENTS_005,11843.12,HKD,UK,MT,velocity_burst,40.0,0
B78A993972C6AB98,2024-01-10,2024-01-10 04:47:43,AXIOM_PARTNERS_118,VORTEX_CREDIT_064,449339.02,HKD,DE,AE,normal,5196.0,0
B7C57CE935BF0AF9,2024-04-18,2024-04-18 22:21:54,APEX_CREDIT_054,VERTEX_PAYMENTS_095,11244.18,HKD,SG,FR,velocity_burst,20.0,0
B7E2663B1DA47052,2024-04-10,2024-04-10 07:52:56,OMEGA_FIN_193,AXIOM_PARTNERS_158,13270.53,HKD,PA,CY,velocity_burst,18.0,1
B81C7620FBD6440E,2024-06-09,2024-06-09 04:04:41,CIPHER_CAPITAL_150,PRIME_HOLDINGS_199,1098.43,USD,US,DE,normal,11863.0,0
B820F6C83DC1A56E,2024-01-27,2024-01-27 05:09:43,AXIOM_PARTNERS_018,CIPHER_CAPITAL_090,10091.34,AED,SG,JP,normal,789.0,0
B82144F07CE7C2FD,2024-04-11,2024-04-11 06:59:50,VORTEX_CREDIT_184,APEX_CREDIT_034,133677.23,USD,UK,AU,normal,5830.0,0
B8269AE08C9C85A3,2024-03-04,2024-03-04 20:16:21,QUANTUM_CLEARING_126,VORTEX_CREDIT_064,1475237.96,GBP,LI,LI,normal,3091.0,0
B836111DDD481A03,2024-01-12,2024-01-12 16:42:06,CORONA_CLEARING_076,OMEGA_FIN_033,8670.27,AED,SG,CY,normal,14578.0,0
B84ABB1F81522A04,2024-06-03,2024-06-03 21:11:13,APEX_CREDIT_094,AXIOM_PARTNERS_198,208863.87,USD,CY,VG,normal,10070.0,0
B869C170A99FA510,2024-06-12,2024-06-12 14:35:16,ATLAS_BANCORP_082,STRATUS_FUND_197,335138.51,CHF,MT,VG,normal,414.0,0
B86C9D86B0C6DF51,2024-04-29,2024-04-29 12:06:08,HELIX_PAYMENTS_185,AXIOM_PARTNERS_118,9857.95,CHF,DE,CY,structuring,100.0,0
B8784DE1601D9693,2024-05-18,2024-05-18 09:08:07,ZENITH_FUND_187,OMEGA_FIN_113,11604.55,HKD,MT,FR,normal,2282.0,0
B881ADBAD4796DE1,2024-04-18,2024-04-18 22:21:32,APEX_CREDIT_054,NEXUS_TRUST_091,9450.62,HKD,MT,PA,velocity_burst,14.0,0
B88938B547B1C88A,2024-06-29,2024-06-29 18:50:00,NEXUS_TRUST_011,CIPHER_CAPITAL_010,1388.51,AED,UK,DE,normal,22088.0,0
B890F9F3EF3D3116,2024-01-18,2024-01-18 06:58:59,MERIDIAN_CAPITAL_160,DELTA_BANCORP_152,777.86,EUR,MT,JP,normal,276.0,0
B8917258DC302BD8,2024-06-27,2024-06-27 11:28:54,ATLAS_BANCORP_022,APEX_CREDIT_114,8655.87,EUR,JP,LI,structuring,132.0,0
B8A65FD7384AA1C7,2024-05-18,2024-05-18 01:02:11,CIPHER_CAPITAL_130,NEXUS_TRUST_091,17629.74,HKD,UK,SG,normal,6681.0,0
B8ADAB85A1472FD0,2024-03-22,2024-03-22 03:56:34,AXIOM_PARTNERS_078,DELTA_BANCORP_172,14618.18,HKD,CY,MT,normal,13052.0,0
B8BD3D377505D2F0,2024-03-08,2024-03-08 22:34:31,OBSIDIAN_PARTNERS_148,DELTA_BANCORP_112,5281.64,AED,DE,UK,normal,5182.0,0
B8BFEAD877E5D66E,2024-05-15,2024-05-15 10:35:38,QUANTUM_CLEARING_166,MERIDIAN_CAPITAL_060,2864.84,SGD,MT,US,velocity_burst,39.0,1
B8C6E3F8760F45E8,2024-02-05,2024-02-05 18:29:28,ATLAS_BANCORP_002,APEX_CREDIT_054,1116.3,HKD,DE,MT,velocity_burst,81.0,1
B8EFBE5C571F1ABA,2024-04-09,2024-04-09 19:14:39,AXIOM_PARTNERS_058,QUANTUM_CLEARING_106,9351.99,USD,VG,MT,normal,7648.0,0
B8FA695A818FC6E1,2024-04-11,2024-04-11 20:07:33,NOVA_TRUST_141,OBSIDIAN_PARTNERS_028,38098.48,EUR,AU,US,normal,9449.0,0
B90A614AF62B7D26,2024-07-03,2024-07-03 16:03:57,QUANTUM_CLEARING_146,NOVA_TRUST_161,8375.52,AED,PA,MT,structuring,248.0,1
B90B45E24170571D,2024-01-28,2024-01-28 00:51:28,AXIOM_PARTNERS_198,NOVA_TRUST_101,718905.79,SGD,MT,UK,normal,405.0,0
B926B718556A611C,2024-05-19,2024-05-19 19:49:10,ECLIPSE_HOLDINGS_169,OBSIDIAN_PARTNERS_048,1828.69,CHF,VG,DE,velocity_burst,16.0,0
B9315D7D209C364D,2024-01-06,2024-01-06 19:25:36,APEX_CREDIT_074,OMEGA_FIN_013,200319.95,SGD,PA,DE,normal,3493.0,0
B93480162C74996B,2024-01-22,2024-01-22 20:00:30,QUANTUM_CLEARING_166,STRATUS_FUND_037,3225.92,SGD,CY,US,velocity_burst,3.0,1
B938AA698F12D243,2024-06-30,2024-06-30 15:49:36,VERTEX_PAYMENTS_035,NOVA_TRUST_061,35982.54,HKD,MT,AU,normal,1559.0,0
B967F6211C8AE959,2024-01-21,2024-01-21 21:21:06,AXIOM_PARTNERS_038,CIPHER_CAPITAL_030,164516.3,EUR,AU,VG,normal,10052.0,0
B9746771AD7932BE,2024-06-16,2024-06-16 08:59:28,NEXUS_TRUST_091,ATLAS_BANCORP_102,6324.4,AED,PA,KY,normal,396.0,0
B97DFA04389E9BBB,2024-03-23,2024-03-23 22:36:40,NOVA_TRUST_121,QUANTUM_CLEARING_026,20811.02,EUR,FR,KY,normal,10387.0,0
B9921D9A3C71CA0A,2024-06-27,2024-06-27 13:38:47,NOVA_TRUST_081,ZENITH_FUND_147,4901.55,USD,AU,AE,normal,6413.0,0
B99EB646F02A0A88,2024-03-12,2024-03-12 02:46:41,CORONA_CLEARING_096,OMEGA_FIN_053,42278.54,EUR,MT,SG,normal,6275.0,0
B9A4C4D21F67B78A,2024-01-20,2024-01-20 03:01:12,APEX_CREDIT_054,SOLARIS_FIN_023,640.71,EUR,LI,UK,velocity_burst,21.0,1
B9C3F4656BA9B03A,2024-01-20,2024-01-20 10:36:00,VORTEX_CREDIT_164,OBSIDIAN_PARTNERS_188,6489.43,CHF,JP,MT,circular_flow,991.0,0
B9EEFD2357653F8,2024-04-15,2024-04-15 04:39:10,CIPHER_CAPITAL_010,CIPHER_CAPITAL_110,8582.97,SGD,JP,UK,structuring,86.0,0
B9F7CCC82ABB5DBB,2024-02-27,2024-02-27 23:47:01,VERTEX_PAYMENTS_075,CORONA_CLEARING_036,9014.07,HKD,JP,PA,structuring,467.0,1
B9FC0214834FEC43,2024-06-28,2024-06-28 04:25:20,NEXUS_TRUST_031,MERIDIAN_CAPITAL_140,1927.97,HKD,JP,KY,velocity_burst,0.0,1
B9FF4869D9BC9D2,2024-06-22,2024-06-22 16:59:34,SOLARIS_FIN_183,HELIX_PAYMENTS_005,47345.41,AED,MT,UK,normal,818.0,0
BA00E224CF36AB8A,2024-06-10,2024-06-10 20:18:30,NOVA_TRUST_161,APEX_CREDIT_094,1980.28,CHF,SG,AE,normal,7449.0,0
BA01AA3E2E23C904,2024-02-22,2024-02-22 04:44:41,QUANTUM_CLEARING_166,VERTEX_PAYMENTS_035,49548.65,SGD,UK,DE,normal,13216.0,0
BA04C2813C3553B7,2024-02-24,2024-02-24 18:20:48,CIPHER_CAPITAL_050,QUANTUM_CLEARING_026,379597.96,SGD,UK,VG,normal,3094.0,0
BA0BCA58BF01BA92,2024-04-25,2024-04-25 23:14:51,MERIDIAN_CAPITAL_180,MERIDIAN_CAPITAL_140,387.04,CHF,VG,JP,normal,2116.0,0
BA10AF6417EE19F1,2024-05-02,2024-05-02 04:02:23,CIPHER_CAPITAL_090,ATLAS_BANCORP_062,1032.51,USD,MT,AE,velocity_burst,20.0,1
BA162A19C5ACE324,2024-01-13,2024-01-13 17:11:02,NOVA_TRUST_101,ATLAS_BANCORP_122,38015.88,AED,JP,US,normal,11585.0,0
BA20CB316311402D,2024-04-08,2024-04-08 05:55:25,DELTA_BANCORP_132,VORTEX_CREDIT_124,407749.48,AED,VG,US,layering,342.0,0
BA2FCA896AE66DF5,2024-07-02,2024-07-02 10:00:19,AXIOM_PARTNERS_058,ZENITH_FUND_027,25611.35,USD,CY,VG,normal,2559.0,0
BA4E9657AA4B4811,2024-03-28,2024-03-28 18:32:54,CORONA_CLEARING_176,ZENITH_FUND_007,6328.23,USD,SG,VG,normal,7084.0,0
BA5113CA857A962D,2024-06-04,2024-06-04 13:53:57,AXIOM_PARTNERS_138,HELIX_PAYMENTS_005,9449.03,GBP,AU,AE,normal,8617.0,0
BA7948284EBEB984,2024-04-25,2024-04-25 17:11:14,AXIOM_PARTNERS_058,DELTA_BANCORP_152,14617.57,SGD,LI,PA,velocity_burst,41.0,1
BA9016C210CCD68A,2024-04-24,2024-04-24 15:59:48,STRATUS_FUND_097,DELTA_BANCORP_012,80050.4,USD,PA,CY,normal,8247.0,0
BAAF12D14037FEF3,2024-01-20,2024-01-20 02:58:00,APEX_CREDIT_054,QUANTUM_CLEARING_146,2314.67,CHF,UK,VG,velocity_burst,16.0,0
BAAF896BD132044,2024-01-17,2024-01-17 09:09:05,ECLIPSE_HOLDINGS_069,ECLIPSE_HOLDINGS_169,2259.35,USD,US,KY,normal,7292.0,0
BAB1F8E398C544FE,2024-07-06,2024-07-06 14:55:01,HELIX_PAYMENTS_145,VERTEX_PAYMENTS_175,6649.63,EUR,KY,PA,circular_flow,1440.0,0
BAB49C43B55193D4,2024-05-16,2024-05-16 06:30:31,CIPHER_CAPITAL_090,AXIOM_PARTNERS_058,115215.24,USD,AU,SG,circular_flow,257.0,0
BAB6501019C8B9E3,2024-05-03,2024-05-03 14:37:34,HELIX_PAYMENTS_125,OBSIDIAN_PARTNERS_128,51012.5,HKD,CY,KY,layering,582.0,0
BAC26A3CDD74678C,2024-02-14,2024-02-14 00:56:26,SOLARIS_FIN_143,STRATUS_FUND_077,144833.9,SGD,US,KY,normal,2456.0,0
BAD1BE1830171627,2024-02-29,2024-02-29 00:06:10,APEX_CREDIT_194,MERIDIAN_CAPITAL_180,110090.73,GBP,SG,UK,circular_flow,305.0,0
BADCAC575B520271,2024-05-19,2024-05-19 09:08:25,OMEGA_FIN_013,HELIX_PAYMENTS_085,350572.26,SGD,SG,VG,layering,899.0,0
BAEFF0666521402F,2024-04-18,2024-04-18 01:14:52,PRIME_HOLDINGS_039,OMEGA_FIN_033,1505.59,EUR,DE,LI,normal,924.0,0
BAF370B01B02069F,2024-06-25,2024-06-25 03:01:41,CORONA_CLEARING_156,VORTEX_CREDIT_084,40389.71,AED,VG,PA,normal,5092.0,0
BB03DE9E11BE14F9,2024-02-17,2024-02-17 08:25:05,HELIX_PAYMENTS_025,ZENITH_FUND_027,167203.46,SGD,PA,DE,normal,11520.0,0
BB1455432CB753C8,2024-04-13,2024-04-13 03:23:48,ZENITH_FUND_187,APEX_CREDIT_054,8542.18,SGD,CY,DE,structuring,152.0,0
BB16227582176755,2024-04-01,2024-04-01 12:53:58,ZENITH_FUND_007,ECLIPSE_HOLDINGS_009,5369.81,USD,JP,AU,velocity_burst,4.0,0
BB2056869409ECE0,2024-05-08,2024-05-08 07:12:00,NOVA_TRUST_041,STRATUS_FUND_037,8535.18,EUR,SG,US,structuring,105.0,0
BB29592395096CE5,2024-06-01,2024-06-01 17:11:03,APEX_CREDIT_154,VORTEX_CREDIT_124,3097.91,SGD,KY,AE,normal,3870.0,0
BB391775F73E62A,2024-05-03,2024-05-03 14:53:14,CORONA_CLEARING_196,HELIX_PAYMENTS_125,53697.37,GBP,VG,CY,layering,933.0,0
BB594D3B4B2240FF,2024-04-22,2024-04-22 15:28:13,VERTEX_PAYMENTS_175,STRATUS_FUND_097,198144.09,EUR,SG,US,normal,4911.0,0
BB69D9AA68883855,2024-04-04,2024-04-04 11:24:00,VORTEX_CREDIT_104,ECLIPSE_HOLDINGS_169,4780.11,AED,SG,MT,normal,7750.0,0
BB6DC9CBFC8ABA6,2024-07-03,2024-07-03 00:36:16,CIPHER_CAPITAL_150,OMEGA_FIN_073,14602.67,HKD,UK,AU,normal,3617.0,0
BB7AD531223CD6F8,2024-04-27,2024-04-27 11:13:24,VERTEX_PAYMENTS_175,STRATUS_FUND_177,486992.96,AED,DE,AE,normal,6522.0,0
BB848AE141C30E07,2024-06-21,2024-06-21 02:21:52,APEX_CREDIT_154,AXIOM_PARTNERS_078,5985.42,EUR,AU,PA,velocity_burst,17.0,0
BB8525A4E372D3B3,2024-03-06,2024-03-06 19:31:41,QUANTUM_CLEARING_006,OMEGA_FIN_033,936.01,AED,PA,PA,normal,9911.0,0
BB8A98D863252656,2024-02-05,2024-02-05 18:26:39,ATLAS_BANCORP_002,CIPHER_CAPITAL_030,5400.18,USD,SG,LI,velocity_burst,1.0,1
BB8CC11D640C67D1,2024-03-31,2024-03-31 01:51:45,APEX_CREDIT_114,NEXUS_TRUST_071,75709.82,SGD,CY,MT,layering,99.0,0
BB9184FCA505A3D9,2024-05-26,2024-05-26 22:53:24,VORTEX_CREDIT_124,ECLIPSE_HOLDINGS_049,50659.27,SGD,MT,MT,normal,7636.0,0
BBACCA089890506A,2024-04-19,2024-04-19 02:44:46,HELIX_PAYMENTS_005,VORTEX_CREDIT_104,25944.31,EUR,MT,SG,normal,5820.0,0
BBAF6D7D16C0518,2024-04-09,2024-04-09 01:25:18,AXIOM_PARTNERS_018,QUANTUM_CLEARING_146,14596.4,USD,MT,PA,velocity_burst,9.0,1
BBCF507FAC8654CF,2024-01-02,2024-01-02 14:27:20,DELTA_BANCORP_152,ATLAS_BANCORP_182,9966.14,HKD,CY,DE,velocity_burst,26.0,0
BBF3BF071F0F245A,2024-02-28,2024-02-28 18:45:36,AXIOM_PARTNERS_018,ZENITH_FUND_007,45532.94,SGD,US,US,normal,3099.0,0
BC157D743C766E9D,2024-03-30,2024-03-30 06:22:13,AXIOM_PARTNERS_138,VERTEX_PAYMENTS_175,10509.4,CHF,AU,LI,normal,828.0,0
BC2389EB5CCD727B,2024-05-10,2024-05-10 08:19:57,ATLAS_BANCORP_022,DELTA_BANCORP_132,20121.92,GBP,AE,SG,normal,2588.0,0
BC33DC5E2FE1E032,2024-02-11,2024-02-11 01:48:27,ATLAS_BANCORP_142,SOLARIS_FIN_043,10792.39,CHF,LI,UK,velocity_burst,2.0,1
BC3EB564E36D9BCE,2024-02-10,2024-02-10 15:33:25,QUANTUM_CLEARING_126,NEXUS_TRUST_171,538003.0,HKD,US,JP,normal,4994.0,0
BC3FC781EA790D14,2024-06-26,2024-06-26 15:07:37,SOLARIS_FIN_063,VORTEX_CREDIT_184,987.58,SGD,KY,UK,normal,5215.0,0
BC4333886E487ADE,2024-01-22,2024-01-22 23:18:38,STRATUS_FUND_017,VERTEX_PAYMENTS_155,207784.17,AED,MT,PA,high_risk_jx,848.0,0
BC462541D62CAF4F,2024-02-02,2024-02-02 18:14:18,ECLIPSE_HOLDINGS_109,NEXUS_TRUST_051,7185.42,GBP,UK,US,normal,693.0,0
BC56832BB2E13704,2024-06-04,2024-06-04 01:26:56,CORONA_CLEARING_036,OBSIDIAN_PARTNERS_188,741.96,EUR,KY,DE,velocity_burst,20.0,0
BC58C8CCCB0BEEA1,2024-05-29,2024-05-29 02:42:39,AXIOM_PARTNERS_178,APEX_CREDIT_194,78975.99,GBP,LI,US,normal,378.0,0
BC5EC626E73DEDEC,2024-03-07,2024-03-07 17:24:17,STRATUS_FUND_037,CIPHER_CAPITAL_010,49380.63,CHF,SG,JP,normal,10837.0,0
BC646EAB1D3DB559,2024-01-04,2024-01-04 02:54:02,ZENITH_FUND_147,CORONA_CLEARING_196,93037.03,AED,KY,LI,circular_flow,1117.0,0
BC69BDF9E89599CD,2024-03-26,2024-03-26 10:48:32,CORONA_CLEARING_036,VERTEX_PAYMENTS_075,7414.91,AED,JP,KY,circular_flow,257.0,0
BC6F5952911A1AED,2024-06-25,2024-06-25 17:42:37,HELIX_PAYMENTS_185,HELIX_PAYMENTS_145,90191.44,USD,KY,FR,normal,14339.0,0
BC7A006AC9D7C54F,2024-05-17,2024-05-17 12:11:23,QUANTUM_CLEARING_106,DELTA_BANCORP_052,2568.8,USD,SG,SG,normal,6158.0,0
BC89585FC9480FB2,2024-05-28,2024-05-28 12:03:25,DELTA_BANCORP_072,SOLARIS_FIN_103,1708.54,CHF,AU,PA,normal,8126.0,0
BC8C086FAAF0AB52,2024-06-04,2024-06-04 09:14:30,OBSIDIAN_PARTNERS_108,STRATUS_FUND_197,1833.2,AED,UK,US,normal,9142.0,0
BC95227FAF32A6CA,2024-04-01,2024-04-01 11:20:01,QUANTUM_CLEARING_046,APEX_CREDIT_094,24952.93,USD,PA,US,normal,5544.0,0
BC95F19D43C0C854,2024-02-18,2024-02-18 19:49:41,VORTEX_CREDIT_064,NEXUS_TRUST_071,56081.47,SGD,US,AU,layering,193.0,0
BC96622AEF76CD53,2024-03-08,2024-03-08 19:18:40,ZENITH_FUND_007,STRATUS_FUND_097,29974.78,CHF,US,AE,normal,3419.0,0
BC9A962227E61B96,2024-04-24,2024-04-24 07:14:37,HELIX_PAYMENTS_145,PRIME_HOLDINGS_199,3520.01,CHF,DE,PA,velocity_burst,0.0,0
BCB05065A3C8335D,2024-04-28,2024-04-28 02:30:11,ZENITH_FUND_047,ATLAS_BANCORP_062,5323.36,EUR,CY,SG,normal,9699.0,0
BCBE3847F4DF0980,2024-03-17,2024-03-17 03:26:42,PRIME_HOLDINGS_079,NOVA_TRUST_181,12564.61,USD,UK,VG,velocity_burst,8.0,0
BCCACA14717EAA29,2024-04-25,2024-04-25 07:32:18,ECLIPSE_HOLDINGS_049,CIPHER_CAPITAL_090,9390.22,GBP,FR,VG,normal,3077.0,0
BCCB1877C8027B1D,2024-01-11,2024-01-11 15:30:28,CIPHER_CAPITAL_190,AXIOM_PARTNERS_138,8861.26,CHF,MT,US,structuring,60.0,0
BCD122CDF8AC381A,2024-01-13,2024-01-13 06:25:23,OBSIDIAN_PARTNERS_048,SOLARIS_FIN_103,14594.21,AED,MT,MT,normal,3986.0,0
BCD6AD312801C41,2024-02-13,2024-02-13 03:54:39,MERIDIAN_CAPITAL_060,QUANTUM_CLEARING_086,8597.83,CHF,PA,VG,velocity_burst,1.0,0
BCDA84943D7DB563,2024-04-06,2024-04-06 15:05:25,HELIX_PAYMENTS_045,ZENITH_FUND_067,4036.37,AED,MT,LI,velocity_burst,24.0,0
BCDED08098BCE9F6,2024-01-24,2024-01-24 04:08:26,HELIX_PAYMENTS_045,ZENITH_FUND_187,13963.4,HKD,FR,LI,circular_flow,4196.0,0
BCDFF7B054724068,2024-04-21,2024-04-21 10:04:19,CORONA_CLEARING_096,APEX_CREDIT_094,12918.81,CHF,UK,AE,velocity_burst,2.0,1
BCED5B08F580DF37,2024-05-04,2024-05-04 05:02:01,OBSIDIAN_PARTNERS_168,MERIDIAN_CAPITAL_160,4170.13,AED,PA,JP,normal,1339.0,0
BCF5FE67EA3E30A4,2024-05-05,2024-05-05 16:58:56,VERTEX_PAYMENTS_035,HELIX_PAYMENTS_005,9152.25,SGD,KY,UK,structuring,1000.0,1
BCFBF620D0E2F58F,2024-06-13,2024-06-13 01:53:23,OBSIDIAN_PARTNERS_088,SOLARIS_FIN_043,8514.57,GBP,FR,VG,structuring,142.0,1
BD023E413EE9B5B9,2024-05-13,2024-05-13 20:40:10,PRIME_HOLDINGS_179,VORTEX_CREDIT_164,54696.17,HKD,MT,SG,normal,597.0,0
BD100CC8BDE72932,2024-01-20,2024-01-20 11:26:45,MERIDIAN_CAPITAL_080,ZENITH_FUND_027,7122.94,EUR,FR,VG,circular_flow,329.0,0
BD106853389E2915,2024-01-31,2024-01-31 20:03:09,VERTEX_PAYMENTS_035,MERIDIAN_CAPITAL_020,15562.41,HKD,UK,VG,normal,1153.0,0
BD4FAD984642E94F,2024-03-15,2024-03-15 14:11:22,OMEGA_FIN_133,HELIX_PAYMENTS_085,37238.41,SGD,CY,LI,normal,10924.0,0
BD52F5F26A14C484,2024-04-08,2024-04-08 17:04:57,MERIDIAN_CAPITAL_020,OMEGA_FIN_193,9353.03,GBP,MT,CY,structuring,132.0,1
BD55C3EFD798250D,2024-03-14,2024-03-14 18:31:16,VORTEX_CREDIT_164,NOVA_TRUST_141,338.86,AED,KY,UK,normal,826.0,0
BD63E5E815D6A2D5,2024-04-25,2024-04-25 23:32:05,CIPHER_CAPITAL_070,APEX_CREDIT_134,16335.88,CHF,AU,VG,circular_flow,1034.0,0
BD67522C1D52A4A8,2024-03-29,2024-03-29 13:23:53,ZENITH_FUND_007,NEXUS_TRUST_151,14125.85,AED,MT,UK,normal,4494.0,0
BD776B88A825ECAF,2024-01-07,2024-01-07 17:13:19,CIPHER_CAPITAL_090,CIPHER_CAPITAL_010,8788.84,AED,MT,SG,structuring,192.0,0
BD9B56342554A959,2024-02-19,2024-02-19 16:37:14,VERTEX_PAYMENTS_135,SOLARIS_FIN_183,56395.95,AED,DE,KY,circular_flow,536.0,0
BDBE0612A3AF98D8,2024-06-01,2024-06-01 16:06:33,AXIOM_PARTNERS_058,MERIDIAN_CAPITAL_060,41231.12,CHF,VG,AU,normal,5910.0,0
BDBF4802A18C4434,2024-07-06,2024-07-06 01:57:48,STRATUS_FUND_157,ZENITH_FUND_147,66593.73,AED,SG,FR,normal,8321.0,0
BDC5612692A2F9C,2024-04-01,2024-04-01 12:54:16,ZENITH_FUND_007,OMEGA_FIN_033,5097.95,GBP,VG,AU,velocity_burst,18.0,0
BDC647E74538EA77,2024-05-19,2024-05-19 04:36:58,ECLIPSE_HOLDINGS_189,ZENITH_FUND_027,3041.16,EUR,UK,PA,normal,1304.0,0
BDCFA9244D44C43B,2024-06-21,2024-06-21 02:22:28,APEX_CREDIT_154,AXIOM_PARTNERS_058,500.9,GBP,KY,AU,velocity_burst,36.0,1
BDDFD84D65443288,2024-02-04,2024-02-04 12:51:07,MERIDIAN_CAPITAL_100,CORONA_CLEARING_036,1069.44,CHF,AU,VG,velocity_burst,13.0,1
BDEF737CA11C931C,2024-06-09,2024-06-09 00:46:58,VORTEX_CREDIT_004,ZENITH_FUND_007,2748.51,USD,AU,UK,velocity_burst,57.0,1
BE01460C76F32850,2024-07-05,2024-07-05 23:39:07,MERIDIAN_CAPITAL_060,NEXUS_TRUST_151,333570.99,HKD,SG,JP,normal,1453.0,0
BE19018B726FC768,2024-01-06,2024-01-06 16:29:12,OMEGA_FIN_153,CORONA_CLEARING_116,1806.14,EUR,JP,JP,normal,2213.0,0
BE1DFE0D6DD320C2,2024-04-27,2024-04-27 15:41:15,SOLARIS_FIN_163,NOVA_TRUST_041,8243.7,HKD,DE,FR,normal,601.0,0
BE36B69F70C76877,2024-02-26,2024-02-26 10:20:09,ECLIPSE_HOLDINGS_089,ECLIPSE_HOLDINGS_109,14188.71,EUR,CY,CY,velocity_burst,5.0,0
BE37EE7378F6A83F,2024-04-20,2024-04-20 13:58:12,DELTA_BANCORP_032,ECLIPSE_HOLDINGS_189,16089.87,GBP,PA,AE,normal,15274.0,0
BE493F0C8B5C37FC,2024-04-13,2024-04-13 07:34:03,MERIDIAN_CAPITAL_060,DELTA_BANCORP_192,51263.97,EUR,UK,US,circular_flow,41.0,0
BE4BF32D2E092413,2024-01-10,2024-01-10 06:35:57,STRATUS_FUND_057,ATLAS_BANCORP_102,9837.29,CHF,UK,FR,structuring,6494.0,0
BE5B0EFFF9B47590,2024-06-27,2024-06-27 07:59:46,VERTEX_PAYMENTS_135,NEXUS_TRUST_131,54.03,CHF,AE,KY,normal,34956.0,0
BE5C035555EE1FAB,2024-02-21,2024-02-21 02:53:07,MERIDIAN_CAPITAL_180,CIPHER_CAPITAL_110,88447.26,SGD,SG,VG,normal,3713.0,0
BE6200154AAAA658,2024-06-21,2024-06-21 22:12:19,OMEGA_FIN_173,QUANTUM_CLEARING_026,321084.53,CHF,AE,CY,normal,6503.0,0
BE6AA3B86C776AC8,2024-05-09,2024-05-09 11:23:37,PRIME_HOLDINGS_159,CORONA_CLEARING_156,196259.06,AED,LI,LI,normal,6287.0,0
BE6E7CD49B6F27BE,2024-04-04,2024-04-04 15:51:39,SOLARIS_FIN_083,HELIX_PAYMENTS_105,335925.09,HKD,LI,FR,layering,1894.0,0
BE74DA99FCBA3943,2024-05-17,2024-05-17 13:08:16,DELTA_BANCORP_132,CORONA_CLEARING_016,9539.01,AED,AE,VG,structuring,32.0,0
BE802BA3D98D52E0,2024-03-23,2024-03-23 00:16:47,VERTEX_PAYMENTS_095,MERIDIAN_CAPITAL_020,5917.37,CHF,PA,KY,normal,8628.0,0
BE823C576DE2DA66,2024-03-15,2024-03-15 03:35:25,QUANTUM_CLEARING_026,MERIDIAN_CAPITAL_060,290488.17,USD,MT,LI,normal,11326.0,0
BE8F52F49F3A13FD,2024-05-28,2024-05-28 20:30:33,AXIOM_PARTNERS_038,STRATUS_FUND_157,151415.17,SGD,KY,CY,layering,10.0,0
BE9673908C1EED,2024-03-14,2024-03-14 01:36:24,ATLAS_BANCORP_082,SOLARIS_FIN_063,6576.15,CHF,SG,JP,normal,4839.0,0
BEC47E5C7B5106AA,2024-04-24,2024-04-24 19:44:04,ECLIPSE_HOLDINGS_029,DELTA_BANCORP_072,256875.52,GBP,SG,MT,normal,4127.0,0
BEE8A92CBF8E18F3,2024-03-30,2024-03-30 23:46:56,VORTEX_CREDIT_164,SOLARIS_FIN_143,150656.01,USD,PA,VG,layering,523.0,0
BEEE8B308B08F6C9,2024-03-02,2024-03-02 03:53:27,APEX_CREDIT_154,HELIX_PAYMENTS_025,18721.71,HKD,KY,SG,circular_flow,1299.0,0
BEF79F9D6319ABA5,2024-05-04,2024-05-04 05:35:12,MERIDIAN_CAPITAL_000,ATLAS_BANCORP_122,301659.9,AED,LI,DE,normal,609.0,0
BF0325CEA8A5ED40,2024-04-16,2024-04-16 12:59:41,AXIOM_PARTNERS_098,ZENITH_FUND_067,170355.31,GBP,AE,DE,normal,819.0,0
BF0C542D99F1F0E9,2024-04-04,2024-04-04 09:14:50,MERIDIAN_CAPITAL_040,APEX_CREDIT_134,888.69,EUR,DE,SG,normal,1031.0,0
BF0CEDAD3CB79D14,2024-01-02,2024-01-02 12:17:12,MERIDIAN_CAPITAL_000,ATLAS_BANCORP_042,14427.08,GBP,MT,US,velocity_burst,12.0,0
BF1F4D3738C29BC,2024-02-09,2024-02-09 17:25:41,AXIOM_PARTNERS_098,AXIOM_PARTNERS_198,1025.17,GBP,CY,AE,velocity_burst,13.0,1
BF29B9FB19406387,2024-01-22,2024-01-22 11:05:50,DELTA_BANCORP_052,OMEGA_FIN_133,316.27,AED,MT,AE,normal,577.0,0
BF2F124D4B031C97,2024-03-02,2024-03-02 23:32:36,OBSIDIAN_PARTNERS_088,DELTA_BANCORP_112,6139.74,EUR,US,LI,velocity_burst,50.0,1
BF3100295E929327,2024-06-02,2024-06-02 05:32:25,SOLARIS_FIN_003,CORONA_CLEARING_096,139312.41,SGD,US,JP,normal,1425.0,0
BF396CC99117C930,2024-06-28,2024-06-28 18:52:37,VORTEX_CREDIT_084,DELTA_BANCORP_152,137724.76,HKD,KY,PA,high_risk_jx,3247.0,0
BF5372C4AAA4744F,2024-02-26,2024-02-26 01:33:07,PRIME_HOLDINGS_039,OMEGA_FIN_173,4258.01,AED,FR,US,normal,696.0,0
BF5E5EC1CA66799C,2024-02-17,2024-02-17 17:23:09,OBSIDIAN_PARTNERS_168,VORTEX_CREDIT_084,3084.86,GBP,AE,AU,normal,3361.0,0
BF659AA6B6F00586,2024-03-30,2024-03-30 13:49:56,DELTA_BANCORP_112,OMEGA_FIN_173,3479.88,GBP,US,US,velocity_burst,79.0,1
BF6C46EF45BAC8F0,2024-01-22,2024-01-22 09:35:47,ATLAS_BANCORP_162,CIPHER_CAPITAL_070,8808.81,AED,SG,FR,structuring,4.0,0
BF748B64CB076C59,2024-05-31,2024-05-31 17:20:27,DELTA_BANCORP_192,CIPHER_CAPITAL_070,1996.49,SGD,VG,JP,normal,680.0,0
BF759976D14C9B23,2024-02-13,2024-02-13 03:55:44,MERIDIAN_CAPITAL_060,ECLIPSE_HOLDINGS_189,13476.86,GBP,KY,UK,velocity_burst,42.0,1
BF7FC9724321463C,2024-05-29,2024-05-29 19:28:02,PRIME_HOLDINGS_159,OMEGA_FIN_013,244525.84,USD,MT,AU,normal,3157.0,0
BF844EA756A387F6,2024-02-22,2024-02-22 08:27:21,HELIX_PAYMENTS_005,NEXUS_TRUST_191,8565.3,SGD,VG,US,velocity_burst,18.0,1
BF9F6A0F1DCFD63D,2024-05-17,2024-05-17 16:19:27,CORONA_CLEARING_196,DELTA_BANCORP_012,4138835.68,EUR,VG,PA,normal,1933.0,0
BFA1FA718AF78810,2024-01-13,2024-01-13 23:36:53,DELTA_BANCORP_012,HELIX_PAYMENTS_045,5308.91,GBP,JP,MT,velocity_burst,0.0,0
BFA26CF5AA9C940A,2024-04-14,2024-04-14 14:27:27,QUANTUM_CLEARING_046,ECLIPSE_HOLDINGS_009,14993.52,USD,VG,JP,circular_flow,281.0,0
BFA2FD27E7E7656E,2024-02-26,2024-02-26 15:39:56,PRIME_HOLDINGS_099,PRIME_HOLDINGS_119,45979.07,HKD,US,US,normal,7184.0,0
BFA3AFD2F9C9F509,2024-03-04,2024-03-04 20:48:21,VORTEX_CREDIT_024,ZENITH_FUND_127,12363.31,SGD,UK,AE,normal,1920.0,0
BFA9B5CD951328E6,2024-01-04,2024-01-04 03:47:13,ZENITH_FUND_027,MERIDIAN_CAPITAL_120,92264.58,GBP,UK,CY,circular_flow,766.0,0
BFABB9FC39D7C634,2024-02-15,2024-02-15 05:41:50,VERTEX_PAYMENTS_035,QUANTUM_CLEARING_146,83.69,SGD,AU,US,normal,384.0,0
BFAE2893B0F3F56B,2024-02-05,2024-02-05 17:27:27,PRIME_HOLDINGS_099,PRIME_HOLDINGS_139,33974.09,HKD,AE,DE,normal,3005.0,0
BFB2215799218F8A,2024-02-21,2024-02-21 00:13:54,ECLIPSE_HOLDINGS_049,AXIOM_PARTNERS_138,8328.25,SGD,JP,US,normal,4063.0,0
BFCDD8DDB950376C,2024-01-26,2024-01-26 05:42:09,ECLIPSE_HOLDINGS_089,HELIX_PAYMENTS_085,8643.59,AED,AU,CY,structuring,132.0,1
BFD11498D757ECD4,2024-05-31,2024-05-31 01:41:59,ZENITH_FUND_007,VERTEX_PAYMENTS_155,12024.36,SGD,DE,DE,velocity_burst,77.0,1
BFD4389E57FABED7,2024-01-24,2024-01-24 16:56:01,OBSIDIAN_PARTNERS_188,MERIDIAN_CAPITAL_120,10047.06,CHF,PA,FR,normal,1650.0,0
BFD94C841BE6394A,2024-01-05,2024-01-05 19:15:28,MERIDIAN_CAPITAL_180,STRATUS_FUND_157,396814.8,EUR,PA,UK,layering,5170.0,0
BFDAAB88BB132E54,2024-03-19,2024-03-19 07:45:42,STRATUS_FUND_057,NOVA_TRUST_181,8292.8,CHF,SG,CY,normal,1441.0,0
BFE06A9EC4883DEF,2024-05-22,2024-05-22 12:35:57,ATLAS_BANCORP_102,APEX_CREDIT_114,53175.92,AED,KY,CY,layering,867.0,0
BFEFC0581A2E5E1C,2024-02-26,2024-02-26 04:44:11,ECLIPSE_HOLDINGS_029,NOVA_TRUST_001,191598.12,CHF,PA,VG,high_risk_jx,56.0,0
C006C6F7BD0640A4,2024-03-14,2024-03-14 00:05:18,OMEGA_FIN_073,PRIME_HOLDINGS_039,8322.69,HKD,VG,UK,structuring,164.0,1
C025CA2A6590350B,2024-07-06,2024-07-06 15:01:58,MERIDIAN_CAPITAL_180,CORONA_CLEARING_176,7042.18,USD,LI,SG,circular_flow,417.0,0
C03BAF1437475C9,2024-03-28,2024-03-28 03:45:34,OBSIDIAN_PARTNERS_068,QUANTUM_CLEARING_046,119120.48,USD,MT,CY,normal,7333.0,0
C05FFF80FE17F5A4,2024-04-08,2024-04-08 17:19:04,ECLIPSE_HOLDINGS_189,QUANTUM_CLEARING_146,1174.65,GBP,MT,JP,normal,192.0,0
C060A17AC9950877,2024-07-06,2024-07-06 03:35:44,ZENITH_FUND_147,STRATUS_FUND_037,90866.08,HKD,DE,JP,normal,226.0,0
C060DFA8EBD2D9CE,2024-04-18,2024-04-18 12:36:23,AXIOM_PARTNERS_138,HELIX_PAYMENTS_045,20112.66,CHF,US,AE,normal,12323.0,0
C06E2845B87D970,2024-04-30,2024-04-30 23:42:54,PRIME_HOLDINGS_019,CIPHER_CAPITAL_170,1274.26,USD,DE,FR,normal,330.0,0
C075A77546964E33,2024-06-03,2024-06-03 05:03:24,QUANTUM_CLEARING_026,NEXUS_TRUST_171,2218.07,EUR,PA,SG,normal,338.0,0
C07966D4701C0023,2024-06-01,2024-06-01 01:30:01,APEX_CREDIT_174,VERTEX_PAYMENTS_055,15475.14,GBP,KY,LI,normal,2658.0,0
C07BC6CDFB0E28F9,2024-04-09,2024-04-09 07:43:51,APEX_CREDIT_194,ECLIPSE_HOLDINGS_149,9822.97,EUR,DE,JP,structuring,79.0,0
C0A83C3FF0C94250,2024-03-22,2024-03-22 19:29:20,NOVA_TRUST_181,NOVA_TRUST_081,6669.17,HKD,VG,FR,velocity_burst,35.0,0
C0B1ECBE65D891BF,2024-02-13,2024-02-13 03:54:48,MERIDIAN_CAPITAL_060,STRATUS_FUND_117,4623.71,SGD,KY,AE,velocity_burst,0.0,1
C0C0AD693B713E7E,2024-07-03,2024-07-03 11:17:00,OBSIDIAN_PARTNERS_108,OMEGA_FIN_193,1594.1,CHF,KY,LI,normal,3807.0,0
C0CEF6C4A062B2A1,2024-01-06,2024-01-06 22:10:43,ATLAS_BANCORP_182,APEX_CREDIT_094,7703.13,SGD,PA,CY,normal,9907.0,0
C0E980E8FFACDAC,2024-06-21,2024-06-21 03:34:05,CIPHER_CAPITAL_070,STRATUS_FUND_077,1635.85,EUR,VG,DE,normal,517.0,0
C0FB31E0F4577B28,2024-05-10,2024-05-10 13:36:14,PRIME_HOLDINGS_019,NOVA_TRUST_101,13170.31,CHF,AU,MT,velocity_burst,0.0,0
C11020ACDCF56589,2024-03-15,2024-03-15 11:09:18,NOVA_TRUST_061,CORONA_CLEARING_036,2539.06,GBP,MT,US,normal,4810.0,0
C11B14BEEA465228,2024-06-29,2024-06-29 00:30:06,ATLAS_BANCORP_082,CIPHER_CAPITAL_070,2604.45,GBP,UK,UK,velocity_burst,18.0,0
C1298DEEF8EB2B85,2024-02-09,2024-02-09 08:25:14,QUANTUM_CLEARING_186,STRATUS_FUND_137,464027.94,HKD,CY,LI,layering,2196.0,0
C12EEBB2F5598CDF,2024-01-22,2024-01-22 19:50:12,HELIX_PAYMENTS_145,AXIOM_PARTNERS_038,409684.96,EUR,AE,KY,layering,190.0,0
C13E0C181CB1F999,2024-06-29,2024-06-29 11:24:48,OMEGA_FIN_173,APEX_CREDIT_034,9319.99,USD,UK,AE,structuring,251.0,1
C13E854413427208,2024-05-15,2024-05-15 10:38:55,QUANTUM_CLEARING_166,STRATUS_FUND_117,4941.77,GBP,LI,AU,velocity_burst,86.0,1
C14F6C1C4B78AA5A,2024-03-14,2024-03-14 23:46:48,ZENITH_FUND_147,OBSIDIAN_PARTNERS_128,3972.9,USD,LI,PA,velocity_burst,6.0,1
C156E39254B916E6,2024-03-31,2024-03-31 20:11:11,ZENITH_FUND_047,HELIX_PAYMENTS_085,47113.12,GBP,US,FR,normal,5972.0,0
C15B2C7D9FD3DCD7,2024-05-25,2024-05-25 02:47:05,ECLIPSE_HOLDINGS_049,AXIOM_PARTNERS_138,6054.18,CHF,KY,LI,normal,1676.0,0
C15BC8788B2A7892,2024-06-28,2024-06-28 02:35:35,VERTEX_PAYMENTS_135,HELIX_PAYMENTS_145,2094.46,EUR,LI,DE,normal,3124.0,0
C1690274BA461795,2024-05-02,2024-05-02 04:02:37,CIPHER_CAPITAL_090,AXIOM_PARTNERS_118,1314.47,USD,SG,US,velocity_burst,8.0,1
C1825501AE0C41C9,2024-04-19,2024-04-19 13:39:07,PRIME_HOLDINGS_099,CORONA_CLEARING_116,10570.2,USD,DE,KY,velocity_burst,58.0,0
C1864FDB5FE59B94,2024-02-13,2024-02-13 03:56:08,MERIDIAN_CAPITAL_060,SOLARIS_FIN_083,8966.88,HKD,KY,CY,velocity_burst,19.0,1
C188C0496462DD26,2024-04-29,2024-04-29 01:50:52,ECLIPSE_HOLDINGS_069,ECLIPSE_HOLDINGS_129,162231.1,GBP,AE,DE,normal,2387.0,0
C18E347892F53373,2024-02-11,2024-02-11 01:59:43,SOLARIS_FIN_023,CORONA_CLEARING_016,8597.53,GBP,VG,AE,structuring,398.0,0
C192A3C6EA7C2F85,2024-04-03,2024-04-03 16:32:42,PRIME_HOLDINGS_199,VORTEX_CREDIT_124,8872.84,GBP,FR,VG,structuring,174.0,0
C1A4B1DB5584430E,2024-06-08,2024-06-08 12:01:34,DELTA_BANCORP_172,ZENITH_FUND_007,3241.58,GBP,VG,US,normal,4330.0,0
C1B83BB8DED582E1,2024-03-25,2024-03-25 21:09:28,STRATUS_FUND_137,DELTA_BANCORP_072,59911.94,HKD,UK,LI,normal,14879.0,0
C1C6702BD3074445,2024-01-04,2024-01-04 06:43:43,SOLARIS_FIN_103,QUANTUM_CLEARING_186,28510.24,AED,US,VG,circular_flow,2917.0,0
C1CD5EC73029C4BE,2024-03-21,2024-03-21 07:37:23,AXIOM_PARTNERS_058,APEX_CREDIT_174,46239.74,SGD,UK,AU,normal,1730.0,0
C1CEB427AF62D7B8,2024-04-01,2024-04-01 05:53:02,SOLARIS_FIN_163,AXIOM_PARTNERS_038,24666.49,GBP,MT,US,normal,5067.0,0
C1D331B415E9D7DC,2024-06-11,2024-06-11 00:12:26,CIPHER_CAPITAL_010,PRIME_HOLDINGS_099,269358.27,HKD,PA,JP,layering,1021.0,0
C1E8A19F601DBE84,2024-04-05,2024-04-05 19:05:54,HELIX_PAYMENTS_065,OMEGA_FIN_133,9690.36,SGD,KY,UK,structuring,68.0,0
C1ED7C85B13F175D,2024-01-01,2024-01-01 01:17:44,HELIX_PAYMENTS_105,SOLARIS_FIN_043,8300.16,SGD,JP,FR,structuring,168.0,0
C1EE96E6E1F0C09F,2024-04-01,2024-04-01 16:44:53,SOLARIS_FIN_063,NOVA_TRUST_181,665.24,GBP,UK,AE,velocity_burst,7.0,0
C1F3040F3921B07,2024-01-24,2024-01-24 12:38:49,PRIME_HOLDINGS_039,OBSIDIAN_PARTNERS_088,1799.72,HKD,SG,MT,normal,7839.0,0
C20E2DF9E576AADB,2024-02-29,2024-02-29 00:27:55,OBSIDIAN_PARTNERS_088,ECLIPSE_HOLDINGS_069,115290.58,HKD,PA,DE,circular_flow,818.0,0
C244ED467370703E,2024-01-02,2024-01-02 10:06:45,ATLAS_BANCORP_082,ATLAS_BANCORP_162,790.75,GBP,UK,LI,normal,8764.0,0
C24CDB1976AEEF15,2024-01-21,2024-01-21 17:43:22,MERIDIAN_CAPITAL_120,VERTEX_PAYMENTS_075,8305.16,EUR,US,AE,normal,16678.0,0
C263DE77B626CB89,2024-02-17,2024-02-17 10:19:37,ECLIPSE_HOLDINGS_169,HELIX_PAYMENTS_145,8062.02,SGD,AE,MT,structuring,200.0,1
C265084A53A7464C,2024-05-10,2024-05-10 07:31:14,VORTEX_CREDIT_184,NOVA_TRUST_141,9617.63,CHF,PA,US,velocity_burst,4.0,0
C26D457C937BF5F6,2024-06-11,2024-06-11 08:45:40,ZENITH_FUND_127,VERTEX_PAYMENTS_175,8198.94,CHF,CY,LI,normal,4659.0,0
C26F9247684DFFC9,2024-03-07,2024-03-07 05:32:27,DELTA_BANCORP_072,QUANTUM_CLEARING_126,10944.81,AED,AE,UK,normal,4194.0,0
C28664A860DA4C8B,2024-06-12,2024-06-12 14:17:46,CIPHER_CAPITAL_030,PRIME_HOLDINGS_039,5117.73,HKD,AU,AE,normal,25689.0,0
C28818ED3CD9EDAB,2024-06-14,2024-06-14 07:08:33,VORTEX_CREDIT_124,ATLAS_BANCORP_062,556.67,AED,AU,UK,normal,3104.0,0
C2A40E2CAABBFC99,2024-03-20,2024-03-20 02:23:59,QUANTUM_CLEARING_146,VORTEX_CREDIT_044,104345.16,USD,AU,JP,normal,2106.0,0
C2A50B7C58254067,2024-05-24,2024-05-24 14:25:06,HELIX_PAYMENTS_065,APEX_CREDIT_194,75154.1,AED,MT,DE,normal,3193.0,0
C2A50E303111E84A,2024-01-28,2024-01-28 13:36:25,OBSIDIAN_PARTNERS_008,STRATUS_FUND_157,1534.62,HKD,AE,MT,velocity_burst,6158.0,0
C2C2A9EE3E5B21C1,2024-04-24,2024-04-24 07:15:41,HELIX_PAYMENTS_145,PRIME_HOLDINGS_039,13434.81,EUR,JP,LI,velocity_burst,13.0,1
C2C482F474596183,2024-07-07,2024-07-07 21:20:45,OMEGA_FIN_113,AXIOM_PARTNERS_138,242267.33,CHF,FR,AU,normal,15319.0,0
C2C66768868464F2,2024-01-05,2024-01-05 23:21:31,SOLARIS_FIN_043,VERTEX_PAYMENTS_055,21790.96,EUR,JP,FR,circular_flow,1119.0,0
C2F40CDD8066D3EC,2024-04-26,2024-04-26 11:36:02,ZENITH_FUND_027,CIPHER_CAPITAL_110,8746.74,GBP,US,FR,normal,7379.0,0
C302CEFEFE71B02A,2024-02-08,2024-02-08 20:14:06,ATLAS_BANCORP_042,APEX_CREDIT_094,64711.32,AED,DE,UK,normal,973.0,0
C304DDC7136DCE83,2024-01-31,2024-01-31 00:31:53,MERIDIAN_CAPITAL_100,ATLAS_BANCORP_082,8506.68,AED,AE,LI,structuring,96.0,1
C314483A4EB4650E,2024-06-11,2024-06-11 21:25:59,MERIDIAN_CAPITAL_080,QUANTUM_CLEARING_106,1478.74,CHF,LI,CY,normal,489.0,0
C32B9FE82F4074E0,2024-04-04,2024-04-04 15:54:24,HELIX_PAYMENTS_105,NEXUS_TRUST_051,319128.84,HKD,CY,UK,layering,165.0,0
C33C9C409B3AA08F,2024-02-05,2024-02-05 18:25:43,ATLAS_BANCORP_002,NOVA_TRUST_101,12232.9,EUR,KY,SG,velocity_burst,3496.0,0
C33E65BBAABD152B,2024-01-17,2024-01-17 11:42:59,ATLAS_BANCORP_082,NEXUS_TRUST_111,8957.45,USD,AE,CY,normal,1841.0,0
C34AAFD863E7BF6F,2024-02-27,2024-02-27 15:16:33,MERIDIAN_CAPITAL_000,VORTEX_CREDIT_024,9176.19,CHF,SG,VG,structuring,327.0,1
C35CC501D062D330,2024-01-11,2024-01-11 01:52:26,PRIME_HOLDINGS_199,NEXUS_TRUST_191,6896.16,SGD,US,SG,velocity_burst,8.0,0
C36042CFC114FECD,2024-02-24,2024-02-24 00:00:53,OBSIDIAN_PARTNERS_148,CORONA_CLEARING_096,40632.1,CHF,PA,SG,normal,5157.0,0
C366E1D4824B277E,2024-03-08,2024-03-08 00:55:45,VORTEX_CREDIT_044,VORTEX_CREDIT_104,8903.88,SGD,CY,UK,velocity_burst,50.0,1
C36939B16A958F46,2024-02-10,2024-02-10 10:10:22,NOVA_TRUST_141,VORTEX_CREDIT_104,5766.15,CHF,CY,FR,normal,822.0,0
C36D557F4EF8D270,2024-01-12,2024-01-12 08:55:29,OMEGA_FIN_193,MERIDIAN_CAPITAL_020,4321.57,USD,VG,CY,normal,2259.0,0
C378EA31DEC595C7,2024-04-03,2024-04-03 02:44:12,DELTA_BANCORP_052,AXIOM_PARTNERS_098,920.09,GBP,LI,CY,normal,2822.0,0
C381151FAB17DADD,2024-04-09,2024-04-09 14:02:35,NOVA_TRUST_181,PRIME_HOLDINGS_079,881.34,HKD,FR,US,normal,998.0,0
C387F908D29658FD,2024-02-26,2024-02-26 02:59:47,AXIOM_PARTNERS_038,HELIX_PAYMENTS_185,6982.35,EUR,LI,LI,velocity_burst,4.0,1
C388956F4E8D5D73,2024-02-02,2024-02-02 06:43:25,ZENITH_FUND_067,ECLIPSE_HOLDINGS_029,230996.69,SGD,DE,AE,normal,1151.0,0
C3ACDF0DEA90BE8,2024-06-06,2024-06-06 13:31:34,ECLIPSE_HOLDINGS_049,STRATUS_FUND_097,2320.57,EUR,VG,AE,normal,5111.0,0
C3C618A689A202A7,2024-06-14,2024-06-14 23:43:53,STRATUS_FUND_197,OBSIDIAN_PARTNERS_148,9832.64,AED,LI,AE,structuring,409.0,0
C3D57EAA5EDB7608,2024-04-10,2024-04-10 07:49:36,OMEGA_FIN_193,CIPHER_CAPITAL_110,1707.73,CHF,AE,DE,velocity_burst,1294.0,0
C3D5BD368C0B993B,2024-01-22,2024-01-22 20:00:26,QUANTUM_CLEARING_166,QUANTUM_CLEARING_106,5454.51,EUR,US,LI,velocity_burst,450.0,0
C3F5BC6DCAD0CF7E,2024-02-02,2024-02-02 06:24:14,ATLAS_BANCORP_142,QUANTUM_CLEARING_066,240070.38,AED,AE,PA,normal,380.0,0
C40228BA7459640E,2024-05-18,2024-05-18 10:22:11,CORONA_CLEARING_116,DELTA_BANCORP_172,124334.53,HKD,AU,UK,normal,4444.0,0
C4061F8FABC81D53,2024-02-11,2024-02-11 01:45:53,ATLAS_BANCORP_142,ZENITH_FUND_147,8496.59,HKD,JP,SG,velocity_burst,18.0,0
C40875DED3B312F1,2024-04-09,2024-04-09 01:24:06,AXIOM_PARTNERS_018,MERIDIAN_CAPITAL_180,5945.05,HKD,SG,KY,velocity_burst,10.0,1
C40901D826E1DD94,2024-01-20,2024-01-20 06:54:28,NEXUS_TRUST_151,HELIX_PAYMENTS_085,7749.99,HKD,DE,KY,velocity_burst,7.0,1
C40E56F0D27CEEF4,2024-05-21,2024-05-21 10:29:24,OBSIDIAN_PARTNERS_008,STRATUS_FUND_057,8969.47,GBP,FR,UK,structuring,57.0,0
C412FDF0B7D8C37,2024-04-08,2024-04-08 21:15:45,HELIX_PAYMENTS_025,PRIME_HOLDINGS_019,2453.58,CHF,JP,DE,normal,5098.0,0
C42B91A39A0C1FC4,2024-07-07,2024-07-07 00:34:06,OBSIDIAN_PARTNERS_008,NEXUS_TRUST_031,6966.68,EUR,AU,CY,normal,2405.0,0
C43572776AC984BA,2024-02-04,2024-02-04 12:50:54,MERIDIAN_CAPITAL_100,OBSIDIAN_PARTNERS_028,5863.8,SGD,UK,FR,velocity_burst,29.0,1
C441039A7ACEAF72,2024-07-06,2024-07-06 21:12:44,ZENITH_FUND_147,HELIX_PAYMENTS_105,99058.52,HKD,KY,CY,high_risk_jx,3814.0,0
C44C8B0B3C68D3D1,2024-02-26,2024-02-26 03:03:45,AXIOM_PARTNERS_038,ECLIPSE_HOLDINGS_029,12741.59,HKD,UK,DE,velocity_burst,6.0,1
C46056924075288D,2024-06-03,2024-06-03 13:53:11,APEX_CREDIT_094,SOLARIS_FIN_143,49429.21,HKD,FR,AE,circular_flow,241.0,0
C46FBBA155AE2F71,2024-04-26,2024-04-26 23:30:09,DELTA_BANCORP_172,PRIME_HOLDINGS_199,19936.58,SGD,FR,DE,normal,1144.0,0
C4841C70A74F5C2A,2024-03-26,2024-03-26 19:27:02,VERTEX_PAYMENTS_135,OMEGA_FIN_193,84118.15,AED,AE,US,normal,8103.0,0
C49BE163567CE7FF,2024-02-04,2024-02-04 12:47:13,MERIDIAN_CAPITAL_100,APEX_CREDIT_194,12910.69,SGD,JP,US,velocity_burst,1736.0,0
C4B2BFF4196E2471,2024-02-08,2024-02-08 10:03:23,PRIME_HOLDINGS_179,VERTEX_PAYMENTS_155,740.54,SGD,JP,JP,normal,4199.0,0
C4BC6C2BCB857ECC,2024-01-28,2024-01-28 23:46:02,ECLIPSE_HOLDINGS_149,QUANTUM_CLEARING_066,8025.51,USD,UK,UK,structuring,158.0,1
C4CA3D464D6D9077,2024-04-17,2024-04-17 14:13:11,PRIME_HOLDINGS_199,VERTEX_PAYMENTS_155,39919.94,HKD,PA,KY,normal,592.0,0
C4D152A32C3DECD8,2024-05-08,2024-05-08 10:54:22,VORTEX_CREDIT_064,OMEGA_FIN_033,96821.15,GBP,DE,VG,normal,7176.0,0
C4D70F2F5F2C4B5E,2024-04-04,2024-04-04 16:15:43,HELIX_PAYMENTS_065,ZENITH_FUND_067,273613.09,HKD,LI,KY,layering,210.0,0
C4D8003C755FB806,2024-05-05,2024-05-05 16:34:04,VERTEX_PAYMENTS_035,STRATUS_FUND_097,9029.44,USD,DE,VG,structuring,104.0,0
C4EBA4D73719BE6A,2024-04-07,2024-04-07 01:01:15,SOLARIS_FIN_103,CORONA_CLEARING_096,20074.11,EUR,JP,US,normal,1910.0,0
C513543D8CCD25BF,2024-02-20,2024-02-20 06:19:34,NOVA_TRUST_021,NOVA_TRUST_001,9104.9,USD,SG,DE,structuring,595.0,0
C52392549E151A20,2024-06-03,2024-06-03 13:43:09,CIPHER_CAPITAL_010,APEX_CREDIT_094,49276.61,GBP,AU,AE,circular_flow,12537.0,0
C525C83B4444F14A,2024-02-18,2024-02-18 06:19:27,DELTA_BANCORP_072,DELTA_BANCORP_172,9287.21,AED,JP,DE,velocity_burst,6.0,0
C5611055FF5629CC,2024-05-14,2024-05-14 06:50:31,NOVA_TRUST_001,AXIOM_PARTNERS_018,6386.2,SGD,MT,CY,normal,12379.0,0
C59CE79FE73D439D,2024-03-04,2024-03-04 02:59:19,OBSIDIAN_PARTNERS_128,CIPHER_CAPITAL_090,4878.52,EUR,AE,PA,normal,524.0,0
C5B351085204E70B,2024-01-12,2024-01-12 08:10:10,SOLARIS_FIN_123,PRIME_HOLDINGS_199,30045.86,HKD,LI,VG,normal,2359.0,0
C5BBA18F1634DE01,2024-03-08,2024-03-08 00:54:09,VORTEX_CREDIT_044,DELTA_BANCORP_112,946.33,GBP,AE,SG,velocity_burst,2.0,0
C5C50B6C1A35DD5F,2024-01-20,2024-01-20 20:23:09,ZENITH_FUND_147,STRATUS_FUND_137,5369.82,AED,JP,AU,normal,10333.0,0
C5C6CA2A549C8757,2024-06-07,2024-06-07 19:27:00,OBSIDIAN_PARTNERS_028,MERIDIAN_CAPITAL_180,81175.43,CHF,VG,LI,normal,293.0,0
C5D462F388613A1E,2024-01-22,2024-01-22 06:40:47,ECLIPSE_HOLDINGS_069,SOLARIS_FIN_063,8827.32,GBP,SG,AU,velocity_burst,10.0,1
C5EFF335F058ED59,2024-03-17,2024-03-17 03:26:48,PRIME_HOLDINGS_079,ZENITH_FUND_167,11286.72,HKD,DE,CY,velocity_burst,6.0,0
C5F25BC6DA97D294,2024-04-30,2024-04-30 13:43:52,QUANTUM_CLEARING_006,MERIDIAN_CAPITAL_040,8493.45,GBP,UK,PA,structuring,197.0,0
C5F6FD44BBC15C9E,2024-01-18,2024-01-18 06:54:23,CIPHER_CAPITAL_130,STRATUS_FUND_137,75213.59,HKD,MT,PA,normal,3577.0,0
C5F91A2D195D3601,2024-04-27,2024-04-27 17:01:58,CORONA_CLEARING_036,OMEGA_FIN_173,1255358.67,USD,VG,CY,normal,60.0,0
C5FB5D2033BA83D3,2024-04-03,2024-04-03 22:13:00,ATLAS_BANCORP_102,QUANTUM_CLEARING_146,1235.55,HKD,FR,LI,normal,5683.0,0
C602A1B567B9A843,2024-06-23,2024-06-23 06:57:05,SOLARIS_FIN_063,QUANTUM_CLEARING_086,6727.66,EUR,AU,FR,normal,8608.0,0
C60E9CD728FC7CE5,2024-01-18,2024-01-18 07:21:32,DELTA_BANCORP_092,MERIDIAN_CAPITAL_160,319029.52,AED,US,VG,layering,341.0,0
C6108E72E25067F,2024-03-19,2024-03-19 23:16:33,VERTEX_PAYMENTS_135,CIPHER_CAPITAL_110,71348.51,EUR,PA,UK,normal,2725.0,0
C6127584BF8F1878,2024-02-11,2024-02-11 21:18:15,NOVA_TRUST_121,NEXUS_TRUST_051,9286.6,CHF,CY,MT,structuring,419.0,1
C61FD6461887C2C3,2024-01-20,2024-01-20 02:57:16,APEX_CREDIT_054,SOLARIS_FIN_083,10173.09,EUR,FR,PA,velocity_burst,10.0,0
C6267147D74446EB,2024-01-01,2024-01-01 04:58:36,CIPHER_CAPITAL_130,ZENITH_FUND_087,20996.67,SGD,MT,JP,normal,1557.0,0
C63374F1BFA51EDA,2024-05-20,2024-05-20 01:39:36,QUANTUM_CLEARING_126,ECLIPSE_HOLDINGS_109,246332.02,EUR,US,DE,layering,369.0,0
C63CD2393EC035D9,2024-01-22,2024-01-22 06:41:02,ECLIPSE_HOLDINGS_069,ZENITH_FUND_047,6806.36,USD,AE,UK,velocity_burst,9.0,1
C64E46AA5783886B,2024-06-30,2024-06-30 05:54:30,VERTEX_PAYMENTS_095,NOVA_TRUST_121,145830.68,EUR,VG,US,normal,192.0,0
C650BF206E01E485,2024-01-18,2024-01-18 09:47:20,NEXUS_TRUST_011,VORTEX_CREDIT_084,10494.58,GBP,PA,UK,circular_flow,1310.0,0
C6521CA351CC008,2024-03-20,2024-03-20 15:08:23,VORTEX_CREDIT_044,STRATUS_FUND_157,220948.28,GBP,KY,AE,layering,212.0,0
C652E8BD97F4037B,2024-01-07,2024-01-07 21:08:23,OMEGA_FIN_053,AXIOM_PARTNERS_178,2018.72,EUR,VG,PA,normal,13049.0,0
C661E3C1D23378DE,2024-05-10,2024-05-10 12:33:37,OBSIDIAN_PARTNERS_148,HELIX_PAYMENTS_065,13.61,HKD,KY,FR,normal,7209.0,0
C6627F4863095385,2024-04-21,2024-04-21 03:07:36,QUANTUM_CLEARING_146,VORTEX_CREDIT_004,314086.45,GBP,MT,MT,normal,16286.0,0
C66AF91543DA980D,2024-02-29,2024-02-29 22:51:34,PRIME_HOLDINGS_199,MERIDIAN_CAPITAL_180,5947.14,GBP,LI,US,normal,15833.0,0
C681D5AA2054398B,2024-06-06,2024-06-06 03:12:00,CORONA_CLEARING_136,MERIDIAN_CAPITAL_120,37154.68,EUR,AU,DE,normal,15003.0,0
C683F5B554FA1211,2024-03-08,2024-03-08 00:54:46,VORTEX_CREDIT_044,VERTEX_PAYMENTS_015,9910.11,CHF,FR,US,velocity_burst,25.0,0
C694F4518ECA24DE,2024-06-23,2024-06-23 04:16:39,HELIX_PAYMENTS_145,MERIDIAN_CAPITAL_160,2294.63,CHF,LI,LI,normal,3714.0,0
C69A806E8D589440,2024-05-25,2024-05-25 17:51:08,ATLAS_BANCORP_122,NOVA_TRUST_101,400307.59,CHF,DE,US,layering,362.0,0
C6B16F18DBB5F00F,2024-05-22,2024-05-22 15:34:08,OMEGA_FIN_173,ECLIPSE_HOLDINGS_189,426983.2,HKD,PA,KY,high_risk_jx,10514.0,0
C6BF5ACCFC1857BD,2024-04-03,2024-04-03 02:53:31,DELTA_BANCORP_032,APEX_CREDIT_194,1544539.39,USD,MT,DE,normal,559.0,0
C6D237DC983B6489,2024-01-22,2024-01-22 09:34:19,ATLAS_BANCORP_162,VERTEX_PAYMENTS_035,8702.22,CHF,US,UK,structuring,6704.0,0
C6D9F49454767691,2024-01-28,2024-01-28 13:37:11,OBSIDIAN_PARTNERS_008,ECLIPSE_HOLDINGS_069,11876.14,USD,AE,JP,velocity_burst,25.0,0
C6E86C04B1BA2BC7,2024-03-10,2024-03-10 07:06:28,PRIME_HOLDINGS_159,CORONA_CLEARING_136,8431.61,EUR,AU,CY,structuring,249.0,0
C6E9ED7C7B131B1A,2024-03-22,2024-03-22 00:18:06,ATLAS_BANCORP_122,VERTEX_PAYMENTS_015,24525.38,CHF,AE,US,normal,1628.0,0
C6F03F59F6C87192,2024-05-27,2024-05-27 18:31:46,NEXUS_TRUST_031,PRIME_HOLDINGS_199,23608.26,AED,CY,UK,normal,3361.0,0
C6F37B8A2467C4FD,2024-01-15,2024-01-15 01:37:40,HELIX_PAYMENTS_105,HELIX_PAYMENTS_005,14.62,AED,AU,AE,normal,35618.0,0
C70335C57AF98093,2024-01-26,2024-01-26 23:26:19,APEX_CREDIT_054,QUANTUM_CLEARING_086,6428.44,CHF,MT,UK,normal,2567.0,0
C71A10E3D4154F62,2024-04-30,2024-04-30 13:19:58,ZENITH_FUND_107,MERIDIAN_CAPITAL_080,9961.05,HKD,VG,LI,structuring,2770.0,0
C725E2C1F37FA2A8,2024-03-21,2024-03-21 06:14:12,AXIOM_PARTNERS_198,CIPHER_CAPITAL_110,124.49,SGD,AE,SG,normal,9790.0,0
C739ADE33E39F1B6,2024-04-20,2024-04-20 00:48:15,CIPHER_CAPITAL_170,VERTEX_PAYMENTS_155,18439.8,SGD,PA,DE,normal,1925.0,0
C74CF00FDCB0491C,2024-02-24,2024-02-24 02:24:03,ATLAS_BANCORP_002,NEXUS_TRUST_151,7108.57,EUR,SG,LI,velocity_burst,20.0,1
C751B01477EC2617,2024-05-24,2024-05-24 01:26:03,CIPHER_CAPITAL_030,HELIX_PAYMENTS_065,8711.96,HKD,AE,MT,structuring,654.0,1
C754297D822656A,2024-07-06,2024-07-06 16:27:39,CIPHER_CAPITAL_150,STRATUS_FUND_097,3935.1,GBP,VG,CY,velocity_burst,16.0,0
C758DB75988A473,2024-04-23,2024-04-23 22:59:49,DELTA_BANCORP_192,PRIME_HOLDINGS_079,582.67,SGD,VG,LI,normal,3517.0,0
C75ED59BAEF622AC,2024-02-25,2024-02-25 14:22:55,PRIME_HOLDINGS_119,AXIOM_PARTNERS_178,3046.14,AED,FR,KY,normal,339.0,0
C77D21C9D3C0462E,2024-01-16,2024-01-16 16:18:31,AXIOM_PARTNERS_158,NOVA_TRUST_001,9659.83,GBP,KY,UK,normal,12797.0,0
C79372DD7093864D,2024-06-13,2024-06-13 22:08:15,DELTA_BANCORP_132,ECLIPSE_HOLDINGS_129,267141.55,CHF,KY,VG,layering,213.0,0
C7945511105480A,2024-05-23,2024-05-23 05:09:11,NEXUS_TRUST_171,NEXUS_TRUST_011,48823.46,CHF,DE,CY,normal,9747.0,0
C7A98FC2968CD861,2024-07-07,2024-07-07 05:47:46,APEX_CREDIT_194,APEX_CREDIT_134,17431.57,HKD,UK,AU,normal,1347.0,0
C7B13DF0F45A4C4C,2024-02-09,2024-02-09 17:25:20,AXIOM_PARTNERS_098,CIPHER_CAPITAL_050,3983.62,HKD,MT,KY,velocity_burst,4.0,1
C7D1CC99FF2CD74E,2024-05-26,2024-05-26 11:52:28,QUANTUM_CLEARING_166,VORTEX_CREDIT_124,215925.95,SGD,SG,VG,normal,1552.0,0
C80C4629F66D3198,2024-04-04,2024-04-04 15:20:05,AXIOM_PARTNERS_198,STRATUS_FUND_077,133173.43,CHF,US,UK,normal,14165.0,0
C80CFF0E83E3E595,2024-03-14,2024-03-14 20:42:11,NOVA_TRUST_141,VERTEX_PAYMENTS_055,80680.08,GBP,VG,JP,normal,1727.0,0
C81C48FBD7DC928C,2024-05-23,2024-05-23 01:33:52,APEX_CREDIT_094,DELTA_BANCORP_152,8978.04,CHF,UK,AE,structuring,179.0,0
C82C8405C916A2CA,2024-02-24,2024-02-24 23:15:40,ATLAS_BANCORP_042,OMEGA_FIN_193,7565.07,USD,US,MT,normal,73.0,0
C832AF59B4D330FF,2024-01-22,2024-01-22 06:40:37,ECLIPSE_HOLDINGS_069,OBSIDIAN_PARTNERS_048,3113.97,HKD,FR,AE,velocity_burst,6.0,1
C8334F6EFFFA0DEE,2024-03-17,2024-03-17 09:16:10,MERIDIAN_CAPITAL_040,HELIX_PAYMENTS_025,1947.25,SGD,AU,FR,normal,6928.0,0
C83538C8C34915DD,2024-05-01,2024-05-01 11:22:30,AXIOM_PARTNERS_038,ATLAS_BANCORP_082,28714.04,SGD,AE,CY,normal,755.0,0
C8355647307A9FB7,2024-02-15,2024-02-15 21:23:07,QUANTUM_CLEARING_086,CIPHER_CAPITAL_130,5263.67,EUR,UK,LI,velocity_burst,40.0,0
C8427188FB0D8C29,2024-06-05,2024-06-05 14:54:22,ECLIPSE_HOLDINGS_189,OBSIDIAN_PARTNERS_128,20684.55,GBP,CY,SG,normal,750.0,0
C85C735815D1D33A,2024-05-16,2024-05-16 11:33:19,PRIME_HOLDINGS_199,AXIOM_PARTNERS_138,621.46,CHF,US,VG,normal,6429.0,0
C85FD203183D41B4,2024-03-19,2024-03-19 05:39:57,ECLIPSE_HOLDINGS_109,ZENITH_FUND_007,47367.4,GBP,AU,CY,normal,600.0,0
C86B24043C1378FF,2024-05-20,2024-05-20 01:33:27,AXIOM_PARTNERS_178,NOVA_TRUST_101,287309.54,USD,AE,CY,layering,11410.0,0
C86BED6F7747E1B9,2024-06-11,2024-06-11 17:34:09,CIPHER_CAPITAL_050,VORTEX_CREDIT_104,409031.95,CHF,UK,AU,layering,375.0,0
C87190E1DE803ADA,2024-04-16,2024-04-16 22:07:06,APEX_CREDIT_174,PRIME_HOLDINGS_179,331313.42,SGD,PA,PA,normal,10764.0,0
C87C4993EB5D89D0,2024-04-27,2024-04-27 09:24:42,HELIX_PAYMENTS_165,HELIX_PAYMENTS_125,1610112.79,AED,FR,PA,normal,1206.0,0
C8836843DC501C0A,2024-04-25,2024-04-25 17:08:27,AXIOM_PARTNERS_058,NOVA_TRUST_041,8106.68,AED,AU,US,velocity_burst,7.0,1
C88B469B3FEC1DF7,2024-01-28,2024-01-28 23:28:34,ECLIPSE_HOLDINGS_149,DELTA_BANCORP_012,9207.28,USD,FR,SG,structuring,438.0,0
C89170FF7CD1E0E,2024-06-04,2024-06-04 01:27:14,CORONA_CLEARING_036,NEXUS_TRUST_111,10606.28,SGD,FR,VG,velocity_burst,13.0,0
C89577A7E88641EE,2024-02-04,2024-02-04 19:17:46,CIPHER_CAPITAL_190,OMEGA_FIN_033,4638.52,HKD,AU,SG,normal,3779.0,0
C8ACB277FEA68177,2024-02-27,2024-02-27 14:44:02,MERIDIAN_CAPITAL_000,HELIX_PAYMENTS_145,8104.46,EUR,MT,US,structuring,128.0,0
C8AF68D1BFB96DD3,2024-01-02,2024-01-02 07:40:41,CORONA_CLEARING_016,ATLAS_BANCORP_082,5890.34,HKD,MT,SG,normal,17506.0,0
C8E738D66172BCA4,2024-06-04,2024-06-04 03:42:58,CORONA_CLEARING_096,QUANTUM_CLEARING_146,1377.57,HKD,PA,LI,normal,3156.0,0
C8E84FC9A12AA51F,2024-06-29,2024-06-29 00:30:23,ATLAS_BANCORP_082,ATLAS_BANCORP_122,4149.84,HKD,AE,UK,velocity_burst,8.0,0
C8F34392DB493F7F,2024-01-05,2024-01-05 13:14:10,ATLAS_BANCORP_022,VERTEX_PAYMENTS_155,2185.61,GBP,AE,KY,normal,133.0,0
C912A1F03484E2C6,2024-04-20,2024-04-20 19:55:52,HELIX_PAYMENTS_045,VERTEX_PAYMENTS_015,73799.26,CHF,CY,CY,normal,1970.0,0
C91F9F8CE8D01E7C,2024-04-01,2024-04-01 12:44:13,HELIX_PAYMENTS_165,ATLAS_BANCORP_022,81965.28,SGD,LI,KY,layering,236.0,0
C939195C2FE22165,2024-05-22,2024-05-22 05:01:53,DELTA_BANCORP_192,AXIOM_PARTNERS_058,14748.78,HKD,JP,KY,velocity_burst,14.0,0
C94127B8ECDB7A27,2024-03-09,2024-03-09 19:47:10,MERIDIAN_CAPITAL_000,APEX_CREDIT_114,4301.13,AED,JP,VG,normal,941.0,0
C9445603F615AB62,2024-05-23,2024-05-23 20:10:35,ATLAS_BANCORP_162,VERTEX_PAYMENTS_095,2866.74,HKD,MT,JP,normal,382.0,0
C9520437CD6DE2AF,2024-06-19,2024-06-19 21:42:25,APEX_CREDIT_114,PRIME_HOLDINGS_119,43795.52,AED,VG,UK,normal,6217.0,0
C96878A2B14CBC8A,2024-06-11,2024-06-11 00:38:02,PRIME_HOLDINGS_099,AXIOM_PARTNERS_018,255890.36,GBP,UK,PA,layering,1536.0,0
C97910113E2677C,2024-04-17,2024-04-17 16:43:35,STRATUS_FUND_137,NOVA_TRUST_001,5514.55,CHF,VG,AE,normal,630.0,0
C97D6D862BB1722D,2024-02-04,2024-02-04 08:59:36,HELIX_PAYMENTS_005,APEX_CREDIT_014,13872.31,GBP,FR,JP,normal,2461.0,0
C9A4F2349C9F417C,2024-06-02,2024-06-02 09:08:56,ZENITH_FUND_087,VERTEX_PAYMENTS_135,17431.13,AED,CY,LI,normal,1881.0,0
C9BEF01A83879BB9,2024-05-15,2024-05-15 10:32:22,QUANTUM_CLEARING_166,MERIDIAN_CAPITAL_140,3646.06,CHF,CY,PA,velocity_burst,12.0,0
C9C5CE4385671E65,2024-05-05,2024-05-05 15:41:53,NOVA_TRUST_181,ATLAS_BANCORP_042,19759.95,AED,MT,LI,normal,3680.0,0
CA153A1D73E67280,2024-07-07,2024-07-07 15:11:21,CIPHER_CAPITAL_090,OMEGA_FIN_053,14878.72,GBP,SG,DE,velocity_burst,10.0,0
CA18675C7ACDCC9D,2024-03-05,2024-03-05 03:58:45,PRIME_HOLDINGS_139,ZENITH_FUND_167,10075.48,AED,VG,AU,velocity_burst,3.0,1
CA1ACE442B17F3E8,2024-06-24,2024-06-24 17:07:24,HELIX_PAYMENTS_045,NEXUS_TRUST_011,7465.07,USD,AE,DE,velocity_burst,41.0,0
CA29DB5F4F82FC1E,2024-03-14,2024-03-14 00:13:22,OMEGA_FIN_073,HELIX_PAYMENTS_105,9492.09,AED,FR,DE,structuring,484.0,1
CA46CB90603479A6,2024-02-25,2024-02-25 13:51:00,CIPHER_CAPITAL_190,QUANTUM_CLEARING_186,345559.96,AED,AE,AE,layering,14641.0,0
CA6EE3751C41F3D,2024-02-14,2024-02-14 06:28:58,SOLARIS_FIN_183,NEXUS_TRUST_011,239585.5,CHF,CY,MT,high_risk_jx,19806.0,0
CA8FD288B60E0E73,2024-03-14,2024-03-14 23:46:24,ZENITH_FUND_147,HELIX_PAYMENTS_045,8064.21,EUR,DE,JP,velocity_burst,4.0,1
CAA228E0DBDFD124,2024-02-26,2024-02-26 10:21:44,ECLIPSE_HOLDINGS_089,CIPHER_CAPITAL_070,14215.82,EUR,PA,FR,velocity_burst,10.0,1
CAA5906AC2C9879E,2024-04-16,2024-04-16 12:15:14,OMEGA_FIN_073,AXIOM_PARTNERS_058,60179.03,CHF,SG,PA,circular_flow,15149.0,0
CAC2DC0A7530BF9E,2024-05-09,2024-05-09 16:57:08,NEXUS_TRUST_011,NOVA_TRUST_061,28142.5,HKD,AE,CY,normal,142.0,0
CAC4D4454AB182D8,2024-02-11,2024-02-11 18:32:27,OBSIDIAN_PARTNERS_008,DELTA_BANCORP_052,85153.9,EUR,PA,MT,normal,5749.0,0
CACAD5F66886656,2024-03-16,2024-03-16 19:36:11,DELTA_BANCORP_152,SOLARIS_FIN_043,52359.76,CHF,US,LI,normal,2526.0,0
CAD977872E6DA789,2024-04-07,2024-04-07 13:50:04,NOVA_TRUST_101,VERTEX_PAYMENTS_075,3493.08,USD,VG,KY,normal,1042.0,0
CAE2FE26690F3546,2024-06-19,2024-06-19 09:56:02,NOVA_TRUST_061,OBSIDIAN_PARTNERS_128,9582.26,GBP,LI,US,structuring,827.0,0
CAE6083254A966A1,2024-05-29,2024-05-29 08:26:01,MERIDIAN_CAPITAL_000,STRATUS_FUND_057,8765.8,GBP,SG,JP,structuring,187.0,0
CAE95BD137E8D26B,2024-02-23,2024-02-23 08:28:39,ZENITH_FUND_007,OMEGA_FIN_133,352.77,EUR,AU,JP,normal,10752.0,0
CAF5D3431E614210,2024-06-27,2024-06-27 18:12:08,OBSIDIAN_PARTNERS_088,NEXUS_TRUST_071,140654.75,USD,KY,AE,layering,261.0,0
CAF8D3CE9662C969,2024-01-28,2024-01-28 13:38:40,OBSIDIAN_PARTNERS_008,SOLARIS_FIN_023,1099.94,GBP,KY,SG,velocity_burst,31.0,1
CB1EC47AA513074F,2024-02-18,2024-02-18 06:19:42,DELTA_BANCORP_072,ECLIPSE_HOLDINGS_029,12034.2,USD,AE,SG,velocity_burst,7.0,0
CB1FFEFCC6324E97,2024-05-08,2024-05-08 06:21:32,CORONA_CLEARING_076,SOLARIS_FIN_123,22496.47,HKD,AE,AE,normal,1929.0,0
CB28B9D6792DA4D0,2024-06-13,2024-06-13 12:27:40,VORTEX_CREDIT_144,MERIDIAN_CAPITAL_040,2072.22,EUR,JP,MT,normal,1392.0,0
CB2B2CA62337D95D,2024-06-19,2024-06-19 08:45:20,OMEGA_FIN_153,ECLIPSE_HOLDINGS_029,525.64,HKD,CY,AU,normal,1007.0,0
CB3524932F1AA105,2024-01-19,2024-01-19 15:24:17,VORTEX_CREDIT_104,SOLARIS_FIN_183,492676.65,USD,LI,VG,layering,3568.0,0
CB3668E86B395124,2024-01-13,2024-01-13 19:23:42,STRATUS_FUND_097,VORTEX_CREDIT_104,73082.23,EUR,SG,SG,normal,5518.0,0
CB462237B87B9338,2024-02-21,2024-02-21 06:20:36,AXIOM_PARTNERS_138,VORTEX_CREDIT_164,13023.2,HKD,LI,MT,normal,3487.0,0
CB5309928A5E64A4,2024-04-10,2024-04-10 07:49:41,OMEGA_FIN_193,OBSIDIAN_PARTNERS_068,514.64,HKD,SG,UK,velocity_burst,1.0,0
CB539306346EF72D,2024-04-10,2024-04-10 01:25:02,MERIDIAN_CAPITAL_140,VORTEX_CREDIT_044,20979.35,CHF,AE,DE,normal,7198.0,0
CB690E765ECA3C2,2024-07-06,2024-07-06 14:31:01,OMEGA_FIN_153,HELIX_PAYMENTS_145,7611.52,GBP,PA,KY,circular_flow,39317.0,0
CB734653BC9EBE2E,2024-04-09,2024-04-09 01:23:34,AXIOM_PARTNERS_018,DELTA_BANCORP_092,14513.3,EUR,FR,VG,velocity_burst,16.0,0
CB7FB7FEF0411A11,2024-02-01,2024-02-01 09:12:19,ZENITH_FUND_167,CIPHER_CAPITAL_050,1716.15,SGD,PA,PA,normal,3032.0,0
CB8DA1037E9EED27,2024-01-05,2024-01-05 10:58:07,OMEGA_FIN_093,OBSIDIAN_PARTNERS_108,16580.33,USD,AU,VG,circular_flow,823.0,0
CB9FF8E72AB3B4FF,2024-05-24,2024-05-24 16:46:53,MERIDIAN_CAPITAL_160,ATLAS_BANCORP_042,28606.29,HKD,LI,VG,normal,2410.0,0
CBCF5C0C13A07920,2024-06-25,2024-06-25 13:33:48,CORONA_CLEARING_076,CIPHER_CAPITAL_190,8961.9,CHF,LI,DE,structuring,66.0,0
CBD067B1EF139A20,2024-01-08,2024-01-08 14:05:33,NOVA_TRUST_161,SOLARIS_FIN_063,19949.02,CHF,VG,UK,normal,10844.0,0
CBD296A425D76241,2024-06-22,2024-06-22 11:40:37,CIPHER_CAPITAL_030,CORONA_CLEARING_116,10972.83,GBP,US,US,normal,3098.0,0
CBE3E20B62A4C312,2024-03-22,2024-03-22 19:30:50,NOVA_TRUST_181,CORONA_CLEARING_016,12823.96,USD,DE,LI,velocity_burst,82.0,0
CBFA50E2F214FFF0,2024-05-10,2024-05-10 07:30:28,VORTEX_CREDIT_184,VERTEX_PAYMENTS_075,7112.87,SGD,AU,PA,velocity_burst,20.0,0
CC0358C6DDAB3401,2024-02-15,2024-02-15 21:25:24,QUANTUM_CLEARING_086,ZENITH_FUND_067,4224.45,EUR,FR,DE,velocity_burst,0.0,1
CC1453F65DC7CD38,2024-04-21,2024-04-21 10:02:03,CORONA_CLEARING_096,CIPHER_CAPITAL_130,11700.23,SGD,MT,MT,velocity_burst,4.0,0
CC280B60B91A5038,2024-04-25,2024-04-25 17:06:27,AXIOM_PARTNERS_058,NOVA_TRUST_141,12488.71,SGD,FR,AE,velocity_burst,2.0,1
CC4F3769E8F4ED05,2024-06-07,2024-06-07 19:22:07,APEX_CREDIT_054,QUANTUM_CLEARING_006,17532.8,CHF,FR,SG,normal,10344.0,0
CC579CAD569DD8A5,2024-06-16,2024-06-16 01:25:54,ZENITH_FUND_067,SOLARIS_FIN_023,4835.3,GBP,DE,SG,velocity_burst,10.0,0
CC5D267CCBA6BB23,2024-02-10,2024-02-10 05:20:21,ZENITH_FUND_187,STRATUS_FUND_157,10461.98,GBP,FR,US,velocity_burst,8.0,0
CC6522679C540D28,2024-06-21,2024-06-21 14:29:30,ATLAS_BANCORP_042,CIPHER_CAPITAL_010,19.79,GBP,KY,LI,normal,3255.0,0
CC808AFF32BE881,2024-06-21,2024-06-21 03:14:25,ECLIPSE_HOLDINGS_009,NOVA_TRUST_081,288099.82,HKD,US,FR,normal,3117.0,0
CC851904341B7D4A,2024-05-23,2024-05-23 09:26:04,ECLIPSE_HOLDINGS_029,CIPHER_CAPITAL_070,101855.67,AED,AU,VG,normal,3873.0,0
CC88509E9788331F,2024-05-25,2024-05-25 01:00:54,OBSIDIAN_PARTNERS_028,SOLARIS_FIN_043,694.82,CHF,AU,MT,normal,1333.0,0
CC8F01299F7C58AC,2024-02-01,2024-02-01 16:44:29,HELIX_PAYMENTS_065,ZENITH_FUND_087,300412.54,CHF,JP,CY,layering,590.0,0
CC956D8AC69520C7,2024-07-03,2024-07-03 21:54:48,ZENITH_FUND_027,MERIDIAN_CAPITAL_100,662735.83,GBP,PA,CY,normal,1972.0,0
CC9AA5EC57301649,2024-02-20,2024-02-20 11:45:45,DELTA_BANCORP_012,OMEGA_FIN_153,1785.61,EUR,AE,LI,normal,1327.0,0
CC9E14A23C2C4C16,2024-03-23,2024-03-23 19:43:33,STRATUS_FUND_077,CIPHER_CAPITAL_010,9831.95,CHF,FR,JP,normal,6645.0,0
CCB82FA2BF8AF05D,2024-02-25,2024-02-25 14:17:16,PRIME_HOLDINGS_179,VORTEX_CREDIT_004,311867.86,HKD,KY,SG,layering,122.0,0
CCC3A6F1AF72E744,2024-02-14,2024-02-14 15:48:50,NEXUS_TRUST_091,OBSIDIAN_PARTNERS_008,10149.19,SGD,MT,VG,velocity_burst,5.0,0
CCDBD5A0D20F0C88,2024-01-06,2024-01-06 14:32:15,CIPHER_CAPITAL_130,ZENITH_FUND_027,40500.71,CHF,VG,PA,circular_flow,21297.0,0
CCDF6319CEDA1D62,2024-02-15,2024-02-15 17:51:21,MERIDIAN_CAPITAL_180,VORTEX_CREDIT_184,62128.96,EUR,US,JP,normal,12688.0,0
CCFC2E3F38ED126A,2024-03-22,2024-03-22 17:45:50,NOVA_TRUST_101,HELIX_PAYMENTS_085,198571.64,USD,AU,SG,normal,356.0,0
CCFD79FC2D3F0478,2024-04-10,2024-04-10 14:49:45,HELIX_PAYMENTS_065,CORONA_CLEARING_096,2205.39,CHF,PA,AU,normal,959.0,0
CD0B671A8130D801,2024-03-07,2024-03-07 01:38:46,ECLIPSE_HOLDINGS_009,ECLIPSE_HOLDINGS_169,5834.16,SGD,US,MT,normal,2624.0,0
CD114423A73F4C8A,2024-04-18,2024-04-18 22:25:02,APEX_CREDIT_054,NOVA_TRUST_161,12332.23,EUR,FR,AU,velocity_burst,114.0,1
CD12EBE88824FE7D,2024-05-15,2024-05-15 21:00:40,APEX_CREDIT_114,AXIOM_PARTNERS_038,3638.75,SGD,KY,LI,normal,5776.0,0
CD13534F2B34E5B7,2024-01-19,2024-01-19 18:25:54,APEX_CREDIT_014,CORONA_CLEARING_036,5083.13,USD,MT,AU,normal,10117.0,0
CD2321DDD7830DE6,2024-01-12,2024-01-12 23:55:14,HELIX_PAYMENTS_165,ECLIPSE_HOLDINGS_149,13130.63,EUR,LI,AE,normal,1818.0,0
CD24E036BAAEC62C,2024-03-14,2024-03-14 23:46:18,ZENITH_FUND_147,SOLARIS_FIN_123,5702.34,SGD,PA,KY,velocity_burst,8.0,0
CD2F1EDEE754A064,2024-05-23,2024-05-23 01:30:53,APEX_CREDIT_094,APEX_CREDIT_014,8382.69,USD,JP,LI,structuring,161.0,0
CD312C591207985D,2024-05-10,2024-05-10 07:31:10,VORTEX_CREDIT_184,OMEGA_FIN_193,12445.22,HKD,MT,US,velocity_burst,36.0,0
CD413C599790DE86,2024-06-02,2024-06-02 07:55:55,HELIX_PAYMENTS_005,QUANTUM_CLEARING_106,13153.58,EUR,LI,LI,normal,8610.0,0
CD5C0EF9AB3B7E28,2024-06-08,2024-06-08 21:06:52,HELIX_PAYMENTS_185,OBSIDIAN_PARTNERS_168,16482.82,HKD,AU,US,normal,1172.0,0
CD84C3583F1A4DFF,2024-03-24,2024-03-24 22:20:40,PRIME_HOLDINGS_119,SOLARIS_FIN_123,13986.68,CHF,MT,VG,normal,9208.0,0
CD9D86E0D57F4834,2024-04-19,2024-04-19 10:36:03,NOVA_TRUST_021,NOVA_TRUST_121,6333.96,SGD,DE,DE,circular_flow,596.0,0
CDA205EF1A53D6B2,2024-05-30,2024-05-30 06:06:14,CORONA_CLEARING_196,HELIX_PAYMENTS_185,1660.9,GBP,AU,SG,normal,2514.0,0
CDA55B33A5A7965B,2024-07-02,2024-07-02 15:50:38,VERTEX_PAYMENTS_095,ECLIPSE_HOLDINGS_049,45223.54,AED,US,JP,normal,621.0,0
CDD504E390C29655,2024-02-14,2024-02-14 12:58:27,SOLARIS_FIN_163,VORTEX_CREDIT_184,11687.44,HKD,DE,VG,velocity_burst,16.0,0
CE0D174BC4D89D62,2024-02-24,2024-02-24 02:22:57,ATLAS_BANCORP_002,DELTA_BANCORP_052,12479.45,AED,LI,UK,velocity_burst,8.0,0
CE261DB9FB7464F,2024-02-29,2024-02-29 06:36:08,ZENITH_FUND_007,NEXUS_TRUST_031,8402.2,SGD,AU,AE,structuring,2010.0,0
CE27D6269B8726DC,2024-03-23,2024-03-23 17:52:48,HELIX_PAYMENTS_025,OBSIDIAN_PARTNERS_048,175417.57,HKD,VG,VG,normal,832.0,0
CE403C1646356B67,2024-02-15,2024-02-15 08:42:00,NOVA_TRUST_081,AXIOM_PARTNERS_178,4679.92,EUR,VG,UK,velocity_burst,5.0,0
CE68E2FB6C9F60AF,2024-01-03,2024-01-03 23:00:21,CIPHER_CAPITAL_130,STRATUS_FUND_057,227614.24,AED,DE,UK,layering,1244.0,0
CE6A3BDB94178AF,2024-05-04,2024-05-04 00:05:12,DELTA_BANCORP_052,OMEGA_FIN_173,232.37,HKD,VG,SG,normal,595.0,0
CE81367AA6655246,2024-06-10,2024-06-10 11:19:58,VORTEX_CREDIT_164,ATLAS_BANCORP_102,119414.38,HKD,CY,LI,normal,2380.0,0
CE81E19B39E4D0EB,2024-07-05,2024-07-05 22:45:10,VERTEX_PAYMENTS_055,NEXUS_TRUST_051,1749.09,AED,SG,CY,normal,4556.0,0
CE844EB8DEF65BF1,2024-05-23,2024-05-23 17:59:32,NOVA_TRUST_021,MERIDIAN_CAPITAL_060,462797.96,EUR,CY,SG,normal,6442.0,0
CEBE500385FB249A,2024-02-18,2024-02-18 20:52:05,NOVA_TRUST_081,CORONA_CLEARING_176,119895.06,CHF,KY,MT,normal,2104.0,0
CED3BDD2FCB60603,2024-03-20,2024-03-20 01:42:32,DELTA_BANCORP_012,MERIDIAN_CAPITAL_120,460991.65,GBP,JP,MT,normal,350.0,0
CED9AF74E226B91D,2024-05-05,2024-05-05 14:40:33,VORTEX_CREDIT_084,AXIOM_PARTNERS_158,4901.96,HKD,MT,AU,normal,3277.0,0
CEF21E89B11E84B1,2024-05-22,2024-05-22 12:38:06,APEX_CREDIT_114,QUANTUM_CLEARING_046,50517.12,AED,LI,PA,layering,129.0,0
CEF68A66A9410B39,2024-01-29,2024-01-29 09:02:35,OMEGA_FIN_053,ECLIPSE_HOLDINGS_149,4073.3,GBP,AU,PA,normal,6086.0,0
CEF784D11A97D7B5,2024-03-18,2024-03-18 21:52:36,OBSIDIAN_PARTNERS_148,CORONA_CLEARING_096,9326.83,GBP,DE,JP,structuring,19.0,0
CF0697F53C230E44,2024-06-15,2024-06-15 14:05:52,ZENITH_FUND_027,CORONA_CLEARING_196,20274.2,GBP,PA,AU,normal,4937.0,0
CF074642249D84D2,2024-06-13,2024-06-13 17:22:42,STRATUS_FUND_137,NEXUS_TRUST_031,37320.2,GBP,US,DE,normal,2637.0,0
CF0C07C9AFB2A663,2024-02-05,2024-02-05 15:50:43,DELTA_BANCORP_012,ATLAS_BANCORP_082,8702.76,HKD,UK,AU,structuring,183.0,1
CF0E1AF2A5FB2DED,2024-06-17,2024-06-17 04:20:30,VERTEX_PAYMENTS_055,NEXUS_TRUST_031,5846.53,HKD,LI,DE,normal,11795.0,0
CF163312825570F4,2024-02-08,2024-02-08 10:14:09,APEX_CREDIT_054,MERIDIAN_CAPITAL_080,3168.87,SGD,DE,PA,normal,646.0,0
CF1CD33CE38E102B,2024-02-18,2024-02-18 06:19:21,DELTA_BANCORP_072,ZENITH_FUND_067,12853.05,AED,CY,CY,velocity_burst,3966.0,0
CF1ECF0EE5839991,2024-03-14,2024-03-14 14:47:13,HELIX_PAYMENTS_125,AXIOM_PARTNERS_198,38003.73,AED,FR,JP,normal,472.0,0
CF3977AF435F981C,2024-03-24,2024-03-24 10:56:07,NOVA_TRUST_121,VORTEX_CREDIT_004,218386.3,SGD,JP,KY,normal,6595.0,0
CF3D5AF1F0E29B27,2024-02-26,2024-02-26 02:43:15,HELIX_PAYMENTS_105,DELTA_BANCORP_192,183850.22,EUR,CY,US,normal,3843.0,0
CF40716AA1F90CF3,2024-04-18,2024-04-18 03:22:04,DELTA_BANCORP_072,OBSIDIAN_PARTNERS_108,10940.49,HKD,LI,FR,velocity_burst,36.0,1
CF47BBA1342B051,2024-03-06,2024-03-06 01:05:31,ATLAS_BANCORP_102,VORTEX_CREDIT_164,172456.33,GBP,DE,AE,normal,2293.0,0
CF4C77296C06298C,2024-07-07,2024-07-07 15:11:51,CIPHER_CAPITAL_090,ATLAS_BANCORP_082,9949.37,USD,CY,JP,velocity_burst,8.0,0
CF650894904CF254,2024-04-08,2024-04-08 17:02:45,MERIDIAN_CAPITAL_020,CORONA_CLEARING_096,9671.57,HKD,KY,PA,structuring,135.0,0
CF6571608877E3C9,2024-06-28,2024-06-28 10:30:23,PRIME_HOLDINGS_139,AXIOM_PARTNERS_018,13819.62,SGD,US,KY,normal,1405.0,0
CF95708CB48DA3F8,2024-01-17,2024-01-17 02:58:26,CORONA_CLEARING_036,HELIX_PAYMENTS_005,8198.89,SGD,VG,JP,normal,11711.0,0
CF9DCF8B9B0575EC,2024-06-28,2024-06-28 04:25:04,NEXUS_TRUST_031,CORONA_CLEARING_196,13666.02,GBP,UK,MT,velocity_burst,17.0,0
CFAB6E4013A2E3E9,2024-06-13,2024-06-13 21:29:58,CIPHER_CAPITAL_050,APEX_CREDIT_194,8343.96,AED,SG,PA,structuring,90.0,0
CFAB8754F3C4429,2024-04-25,2024-04-25 23:58:03,APEX_CREDIT_134,APEX_CREDIT_174,15967.92,HKD,VG,US,circular_flow,1558.0,0
CFB16113F9E90770,2024-02-13,2024-02-13 03:55:02,MERIDIAN_CAPITAL_060,PRIME_HOLDINGS_099,9097.77,SGD,US,PA,velocity_burst,14.0,1
CFB6A97BAF799568,2024-01-18,2024-01-18 18:35:55,HELIX_PAYMENTS_105,OMEGA_FIN_193,39640.81,EUR,UK,PA,normal,979.0,0
CFB93EAA6AE49E1A,2024-01-31,2024-01-31 00:28:07,MERIDIAN_CAPITAL_100,ECLIPSE_HOLDINGS_169,8943.9,AED,FR,AU,structuring,227.0,0
CFCE9118DC27AC8C,2024-02-04,2024-02-04 12:52:49,MERIDIAN_CAPITAL_100,OMEGA_FIN_113,5500.4,USD,MT,JP,velocity_burst,14.0,1
CFD71CDF7BD475,2024-01-08,2024-01-08 08:27:56,HELIX_PAYMENTS_025,APEX_CREDIT_014,60966.16,AED,FR,LI,normal,5190.0,0
CFDA4EC040316C29,2024-03-29,2024-03-29 02:25:09,APEX_CREDIT_194,ECLIPSE_HOLDINGS_129,15484.48,SGD,MT,PA,normal,1821.0,0
CFEC78591AFD6AC3,2024-04-09,2024-04-09 01:23:18,AXIOM_PARTNERS_018,DELTA_BANCORP_192,7724.21,CHF,UK,UK,velocity_burst,6.0,0
CFFE2845AEA7B245,2024-05-21,2024-05-21 10:56:48,OBSIDIAN_PARTNERS_008,ZENITH_FUND_087,9935.01,AED,DE,MT,structuring,1098.0,1
CFFEFEED2E3C1EA0,2024-05-23,2024-05-23 06:56:13,STRATUS_FUND_097,ECLIPSE_HOLDINGS_089,71196.75,AED,AE,VG,normal,2775.0,0
D0102618B052329C,2024-05-16,2024-05-16 09:14:30,QUANTUM_CLEARING_006,VORTEX_CREDIT_084,701.91,SGD,PA,US,normal,1375.0,0
D025A308D8CFACDB,2024-04-09,2024-04-09 01:24:06,AXIOM_PARTNERS_018,HELIX_PAYMENTS_145,5029.75,SGD,VG,VG,velocity_burst,0.0,1
D03CAC69DC9B4ACE,2024-06-15,2024-06-15 17:05:29,CORONA_CLEARING_156,AXIOM_PARTNERS_138,1129661.88,USD,VG,MT,normal,2426.0,0
D06AE90CAD297D87,2024-06-13,2024-06-13 16:02:12,DELTA_BANCORP_032,NEXUS_TRUST_091,109043.66,CHF,FR,AE,normal,1753.0,0
D083C69A629454AF,2024-01-26,2024-01-26 05:30:44,ECLIPSE_HOLDINGS_089,OMEGA_FIN_173,8146.17,SGD,SG,KY,structuring,5786.0,0
D08C1FC3C27E49B7,2024-06-10,2024-06-10 09:13:16,STRATUS_FUND_077,ECLIPSE_HOLDINGS_109,47261.92,SGD,VG,AU,normal,1332.0,0
D0912730B5297F59,2024-05-18,2024-05-18 18:16:26,CIPHER_CAPITAL_090,QUANTUM_CLEARING_026,497252.25,HKD,UK,AU,layering,5357.0,0
D09747A98B6E9DB8,2024-05-17,2024-05-17 21:51:27,QUANTUM_CLEARING_166,ZENITH_FUND_167,4762.9,SGD,LI,PA,normal,14743.0,0
D097549474047CB7,2024-04-25,2024-04-25 10:02:09,NOVA_TRUST_181,CORONA_CLEARING_056,7430.95,CHF,AU,CY,normal,8991.0,0
D0A2C5A140E452DE,2024-03-06,2024-03-06 16:46:30,CORONA_CLEARING_136,DELTA_BANCORP_052,177826.3,AED,KY,AE,high_risk_jx,3491.0,0
D0A351B5BB0558FB,2024-05-27,2024-05-27 17:35:45,ECLIPSE_HOLDINGS_189,OBSIDIAN_PARTNERS_148,92003.92,EUR,AU,LI,normal,14883.0,0
D0A4D79917D46827,2024-05-20,2024-05-20 13:23:02,CORONA_CLEARING_136,VERTEX_PAYMENTS_115,2239.63,GBP,AU,CY,normal,12805.0,0
D0AADC049139DF52,2024-04-10,2024-04-10 07:54:59,OMEGA_FIN_193,NOVA_TRUST_161,11595.84,AED,PA,MT,velocity_burst,8.0,1
D0BA4D1725F51F00,2024-02-13,2024-02-13 16:51:58,ECLIPSE_HOLDINGS_109,NOVA_TRUST_081,3794.51,SGD,SG,LI,normal,1925.0,0
D0BE0B352AC0B413,2024-02-09,2024-02-09 09:05:47,ZENITH_FUND_027,STRATUS_FUND_057,397845.96,SGD,AE,AE,layering,385.0,0
D0C196D4FCCC50F5,2024-03-31,2024-03-31 15:03:27,HELIX_PAYMENTS_125,NOVA_TRUST_101,5702.75,AED,LI,UK,normal,10951.0,0
D0CDABC861F4E00D,2024-04-06,2024-04-06 15:05:45,HELIX_PAYMENTS_045,ECLIPSE_HOLDINGS_169,13903.68,USD,AE,CY,velocity_burst,20.0,0
D0D51EA06295B08B,2024-06-11,2024-06-11 17:37:32,VORTEX_CREDIT_104,ECLIPSE_HOLDINGS_089,388580.35,USD,AU,MT,layering,203.0,0
D0DF79D09CC40CC3,2024-06-17,2024-06-17 05:45:32,APEX_CREDIT_094,VERTEX_PAYMENTS_175,359445.38,CHF,FR,VG,normal,5102.0,0
D10C810A9F5724F,2024-03-03,2024-03-03 00:40:46,MERIDIAN_CAPITAL_140,AXIOM_PARTNERS_078,34259.15,AED,DE,CY,normal,4071.0,0
D10FBAA7FD2540F,2024-07-02,2024-07-02 11:28:15,DELTA_BANCORP_052,VERTEX_PAYMENTS_175,17559.89,CHF,MT,CY,normal,5276.0,0
D12F85F7A36D458B,2024-06-17,2024-06-17 07:13:51,AXIOM_PARTNERS_198,ECLIPSE_HOLDINGS_169,122131.5,SGD,JP,CY,normal,3740.0,0
D14332BDD59B6F0A,2024-06-29,2024-06-29 20:02:27,AXIOM_PARTNERS_038,QUANTUM_CLEARING_106,9387.56,EUR,VG,US,structuring,366.0,1
D155898ED974C9D9,2024-05-22,2024-05-22 21:35:59,ECLIPSE_HOLDINGS_049,CIPHER_CAPITAL_030,1104.14,CHF,CY,PA,normal,468.0,0
D1589680FA3B9ED6,2024-03-03,2024-03-03 04:37:46,STRATUS_FUND_177,DELTA_BANCORP_172,1491957.31,USD,SG,KY,normal,1587.0,0
D159F3ABCE4150BF,2024-06-12,2024-06-12 14:28:22,PRIME_HOLDINGS_099,STRATUS_FUND_197,54370.37,AED,AU,FR,circular_flow,249.0,0
D18924E7703CB35F,2024-01-19,2024-01-19 09:19:35,CIPHER_CAPITAL_190,STRATUS_FUND_097,1476.58,GBP,UK,UK,normal,8611.0,0
D18C6B66FC8B9F5F,2024-03-22,2024-03-22 04:56:40,CORONA_CLEARING_116,HELIX_PAYMENTS_005,6976.58,CHF,UK,AU,normal,3606.0,0
D1969DBAF5D9BA7C,2024-02-27,2024-02-27 14:48:50,MERIDIAN_CAPITAL_000,OBSIDIAN_PARTNERS_128,9114.96,CHF,MT,PA,structuring,176.0,1
D19F18A03BE18275,2024-02-24,2024-02-24 19:08:05,VORTEX_CREDIT_084,HELIX_PAYMENTS_065,10647.28,AED,DE,SG,normal,2837.0,0
D1BBD12D3EBA46A2,2024-01-07,2024-01-07 17:04:15,CIPHER_CAPITAL_090,ECLIPSE_HOLDINGS_069,9513.82,HKD,AU,LI,structuring,192.0,0
D1BE9B2AEBD276B5,2024-04-09,2024-04-09 11:51:27,MERIDIAN_CAPITAL_080,ATLAS_BANCORP_182,289.04,CHF,KY,SG,normal,3087.0,0
D1D9089AC88E9562,2024-01-11,2024-01-11 01:58:04,PRIME_HOLDINGS_199,PRIME_HOLDINGS_099,8757.79,SGD,FR,VG,velocity_burst,237.0,0
D1DD44006BC106BA,2024-02-08,2024-02-08 19:57:53,OMEGA_FIN_193,MERIDIAN_CAPITAL_140,551.31,CHF,LI,US,normal,253.0,0
D1EADC7856BDC7F6,2024-01-13,2024-01-13 08:46:10,AXIOM_PARTNERS_198,DELTA_BANCORP_092,4463.47,USD,DE,UK,normal,1392.0,0
D1F11DDE5B6909BF,2024-02-26,2024-02-26 10:23:22,ECLIPSE_HOLDINGS_089,ATLAS_BANCORP_182,3784.41,SGD,FR,VG,velocity_burst,8.0,1
D1F1422FDF9C3C0A,2024-01-09,2024-01-09 14:23:48,NOVA_TRUST_021,ECLIPSE_HOLDINGS_189,8311.05,HKD,PA,AU,structuring,155.0,0
D20D107D6EA1052B,2024-04-29,2024-04-29 03:23:03,OBSIDIAN_PARTNERS_168,OMEGA_FIN_153,12949.67,SGD,KY,DE,velocity_burst,16.0,0
D21D433726E294DF,2024-01-11,2024-01-11 01:50:31,PRIME_HOLDINGS_199,CORONA_CLEARING_196,5462.76,GBP,LI,AE,velocity_burst,27.0,0
D21E98E5A94CAE6A,2024-01-14,2024-01-14 05:18:27,VORTEX_CREDIT_084,OBSIDIAN_PARTNERS_008,34368.72,CHF,AU,AE,normal,1880.0,0
D22630F798B7CAEE,2024-05-08,2024-05-08 17:37:14,QUANTUM_CLEARING_186,ATLAS_BANCORP_162,8038.46,CHF,VG,VG,structuring,254.0,0
D2311DEC74744007,2024-04-01,2024-04-01 12:53:54,ZENITH_FUND_007,OMEGA_FIN_133,10492.09,GBP,MT,FR,velocity_burst,1.0,0
D24558F51017F5E3,2024-02-10,2024-02-10 05:25:58,ZENITH_FUND_187,PRIME_HOLDINGS_159,1508.22,AED,US,US,velocity_burst,9.0,1
D24ADE537D672B5A,2024-02-09,2024-02-09 17:25:50,AXIOM_PARTNERS_098,MERIDIAN_CAPITAL_040,8491.2,AED,CY,MT,velocity_burst,9.0,1
D259AE47581E1AF6,2024-05-20,2024-05-20 15:50:11,SOLARIS_FIN_023,DELTA_BANCORP_092,210.46,USD,US,VG,normal,3860.0,0
D26ADDAD296F8FE8,2024-02-15,2024-02-15 21:23:27,QUANTUM_CLEARING_086,STRATUS_FUND_097,3722.74,SGD,KY,KY,velocity_burst,12.0,1
D27391BCE29EEF46,2024-06-06,2024-06-06 06:33:06,QUANTUM_CLEARING_006,ECLIPSE_HOLDINGS_189,13633.27,CHF,US,DE,normal,8673.0,0
D2899661AB498CD7,2024-02-20,2024-02-20 05:19:24,VORTEX_CREDIT_184,CIPHER_CAPITAL_070,102821.82,HKD,SG,PA,layering,68.0,0
D2945B465B1ED0EE,2024-04-12,2024-04-12 03:00:39,PRIME_HOLDINGS_019,ATLAS_BANCORP_102,848.44,CHF,SG,AE,normal,5028.0,0
D29ADD00E1A9A9D9,2024-04-05,2024-04-05 12:05:49,NOVA_TRUST_181,AXIOM_PARTNERS_178,1119.94,GBP,DE,VG,normal,17501.0,0
D2BD98EAB8A7B2E1,2024-06-07,2024-06-07 09:33:42,NEXUS_TRUST_191,AXIOM_PARTNERS_098,9457.29,GBP,PA,SG,structuring,254.0,0
D2C3466CB42238B9,2024-01-16,2024-01-16 08:30:07,NEXUS_TRUST_031,STRATUS_FUND_197,173244.84,HKD,AU,LI,normal,9491.0,0
D2C4122D1D579E22,2024-03-22,2024-03-22 17:39:54,CORONA_CLEARING_076,ATLAS_BANCORP_042,15362.9,GBP,AE,FR,normal,10850.0,0
D2DC54D4D57413E0,2024-01-12,2024-01-12 06:37:16,CIPHER_CAPITAL_010,STRATUS_FUND_117,195288.11,USD,LI,PA,normal,2365.0,0
D2F882346EF967DF,2024-02-22,2024-02-22 08:26:04,HELIX_PAYMENTS_005,ZENITH_FUND_187,12051.5,USD,CY,US,velocity_burst,1.0,0
D300B2732F2A94C8,2024-06-22,2024-06-22 01:24:08,VERTEX_PAYMENTS_175,CORONA_CLEARING_056,27910.24,USD,VG,LI,normal,2412.0,0
D3074E97A00B234,2024-03-26,2024-03-26 21:58:23,CORONA_CLEARING_056,VERTEX_PAYMENTS_135,9095.72,EUR,AE,AE,structuring,4058.0,0
D32D445ACC820378,2024-03-30,2024-03-30 01:35:01,CIPHER_CAPITAL_190,ATLAS_BANCORP_022,123512.81,EUR,MT,MT,layering,10081.0,0
D341323491F2B2C6,2024-02-23,2024-02-23 05:29:27,QUANTUM_CLEARING_006,OMEGA_FIN_033,15828.49,GBP,DE,US,normal,22140.0,0
D341C4D631FE1EEE,2024-05-28,2024-05-28 20:19:44,ECLIPSE_HOLDINGS_169,AXIOM_PARTNERS_038,159384.39,CHF,PA,VG,layering,13804.0,0
D364350E2F4D186E,2024-03-29,2024-03-29 12:08:59,CIPHER_CAPITAL_110,CIPHER_CAPITAL_010,368955.52,SGD,CY,AU,normal,11976.0,0
D36562E06F3FA4BB,2024-06-29,2024-06-29 08:40:50,SOLARIS_FIN_163,NEXUS_TRUST_111,2128.82,HKD,DE,LI,normal,2461.0,0
D37C83A82807F01,2024-06-22,2024-06-22 16:24:04,DELTA_BANCORP_092,SOLARIS_FIN_103,377592.5,HKD,AU,AE,layering,372.0,0
D38129C16BC4868A,2024-04-10,2024-04-10 15:40:32,CIPHER_CAPITAL_150,SOLARIS_FIN_083,16889.69,GBP,KY,KY,normal,3047.0,0
D392BBB97357CD25,2024-02-29,2024-02-29 01:04:51,ATLAS_BANCORP_102,DELTA_BANCORP_152,379038.81,GBP,LI,AE,layering,49.0,0
D3977D1249771579,2024-03-10,2024-03-10 06:55:27,PRIME_HOLDINGS_159,NEXUS_TRUST_171,9486.76,EUR,KY,AU,structuring,134.0,0
D39E1CB18234F807,2024-06-19,2024-06-19 23:13:50,APEX_CREDIT_174,NOVA_TRUST_061,420624.9,AED,JP,KY,normal,2131.0,0
D39F4073BC54BFD0,2024-01-08,2024-01-08 09:28:00,APEX_CREDIT_054,APEX_CREDIT_094,630.7,CHF,VG,AU,normal,3604.0,0
D3A6C4BC59943A65,2024-01-20,2024-01-20 20:48:43,NEXUS_TRUST_151,ZENITH_FUND_067,8967.02,USD,FR,DE,structuring,133.0,1
D3A9FC63C7285928,2024-02-11,2024-02-11 05:13:26,SOLARIS_FIN_143,APEX_CREDIT_074,369976.61,CHF,CY,UK,layering,484.0,0
D3B0801BFFFA0BEE,2024-04-01,2024-04-01 12:27:52,APEX_CREDIT_194,OMEGA_FIN_093,95600.27,SGD,VG,KY,layering,4071.0,0
D3D2CCD78C9BF3D6,2024-07-01,2024-07-01 13:50:11,OMEGA_FIN_073,VERTEX_PAYMENTS_115,40017.9,AED,JP,DE,normal,29309.0,0
D3D7A9C9ED7B365D,2024-02-17,2024-02-17 10:06:44,OBSIDIAN_PARTNERS_008,CORONA_CLEARING_016,3762.11,SGD,KY,LI,normal,5182.0,0
D3E4B4E1FA65E696,2024-06-02,2024-06-02 15:11:11,MERIDIAN_CAPITAL_060,PRIME_HOLDINGS_159,12163.89,USD,JP,KY,normal,16712.0,0
D3F3A95E875EA1C2,2024-04-25,2024-04-25 22:29:17,NOVA_TRUST_061,NOVA_TRUST_081,13406.47,CHF,PA,FR,normal,15215.0,0
D3FE5A0289D9D577,2024-05-06,2024-05-06 23:36:38,ATLAS_BANCORP_022,CIPHER_CAPITAL_110,101868.74,HKD,LI,MT,normal,949.0,0
D434D22089682647,2024-02-04,2024-02-04 07:37:32,OMEGA_FIN_053,MERIDIAN_CAPITAL_040,10620.15,SGD,KY,LI,normal,6729.0,0
D443BE7234124B61,2024-05-24,2024-05-24 17:48:06,PRIME_HOLDINGS_179,NOVA_TRUST_121,1071280.27,SGD,FR,JP,normal,3673.0,0
D44FE7954BBE6109,2024-06-24,2024-06-24 16:50:54,HELIX_PAYMENTS_005,NEXUS_TRUST_111,63800.05,SGD,AU,KY,normal,7956.0,0
D45491AAAAF346CD,2024-03-14,2024-03-14 23:45:30,ZENITH_FUND_147,ATLAS_BANCORP_162,14509.36,CHF,LI,VG,velocity_burst,1084.0,0
D45960A733937405,2024-05-27,2024-05-27 22:56:48,ATLAS_BANCORP_162,PRIME_HOLDINGS_019,59802.64,AED,MT,DE,high_risk_jx,5669.0,0
D4797AD6EC2E0E54,2024-03-30,2024-03-30 12:31:43,OBSIDIAN_PARTNERS_008,AXIOM_PARTNERS_098,896522.86,SGD,CY,LI,normal,217.0,0
D47A0149BCAB027,2024-01-08,2024-01-08 07:01:26,DELTA_BANCORP_052,AXIOM_PARTNERS_018,1690.41,HKD,PA,DE,normal,6732.0,0
D48A71EA7C961BEF,2024-04-10,2024-04-10 07:53:04,OMEGA_FIN_193,VERTEX_PAYMENTS_135,4777.5,SGD,PA,LI,velocity_burst,8.0,1
D48F5AEF33B3F087,2024-02-09,2024-02-09 17:28:08,AXIOM_PARTNERS_098,ATLAS_BANCORP_142,11521.87,USD,FR,FR,velocity_burst,30.0,1
D4A109DEAF60DF53,2024-05-29,2024-05-29 11:14:25,PRIME_HOLDINGS_179,QUANTUM_CLEARING_046,805.25,SGD,US,FR,normal,4747.0,0
D4A30B4A2D43D10E,2024-06-26,2024-06-26 13:20:00,VERTEX_PAYMENTS_095,AXIOM_PARTNERS_078,7244.81,CHF,KY,FR,circular_flow,1276.0,0
D4C250D493B10842,2024-04-07,2024-04-07 18:35:24,DELTA_BANCORP_092,AXIOM_PARTNERS_118,42418.98,HKD,PA,SG,normal,17120.0,0
D4E05B0F713AB142,2024-05-31,2024-05-31 01:35:46,ZENITH_FUND_007,OBSIDIAN_PARTNERS_148,2898.91,AED,AE,MT,velocity_burst,18.0,1
D4FE75376BA38AF7,2024-06-12,2024-06-12 14:41:26,HELIX_PAYMENTS_045,NEXUS_TRUST_171,4353.55,EUR,DE,VG,normal,213.0,0
D5175AC1F1CA7D2F,2024-07-04,2024-07-04 03:53:02,VERTEX_PAYMENTS_055,STRATUS_FUND_177,136510.86,SGD,SG,MT,normal,1390.0,0
D54F8BFFB3F06454,2024-01-15,2024-01-15 02:31:26,DELTA_BANCORP_012,NEXUS_TRUST_191,6668.42,USD,PA,MT,normal,3226.0,0
D55E4A47AD2D65F8,2024-05-02,2024-05-02 20:40:39,NEXUS_TRUST_151,HELIX_PAYMENTS_125,92058.91,CHF,JP,JP,normal,7126.0,0
D55FD146BC037731,2024-03-02,2024-03-02 17:37:12,PRIME_HOLDINGS_079,MERIDIAN_CAPITAL_000,1732.8,USD,US,PA,normal,8252.0,0
D561FA3EF920A86B,2024-06-08,2024-06-08 21:33:52,NOVA_TRUST_181,AXIOM_PARTNERS_198,13534.55,SGD,UK,CY,velocity_burst,7.0,0
D56419669B9166F7,2024-03-02,2024-03-02 13:48:06,MERIDIAN_CAPITAL_100,DELTA_BANCORP_012,8758.13,USD,LI,AU,velocity_burst,16.0,1
D570747CE56F65A8,2024-03-18,2024-03-18 06:21:07,APEX_CREDIT_014,AXIOM_PARTNERS_138,8026.05,USD,MT,US,structuring,37.0,0
D5776CFE11291630,2024-06-05,2024-06-05 15:48:31,PRIME_HOLDINGS_119,DELTA_BANCORP_012,9902.46,HKD,LI,PA,structuring,106.0,0
D578153DB6E6A4FC,2024-03-04,2024-03-04 02:50:35,STRATUS_FUND_137,ECLIPSE_HOLDINGS_049,793.08,EUR,PA,KY,normal,17663.0,0
D5949CA1F9FCA2CA,2024-02-19,2024-02-19 08:32:20,APEX_CREDIT_134,STRATUS_FUND_117,2594.48,AED,SG,DE,normal,4464.0,0
D59B80E355E43CE2,2024-02-09,2024-02-09 07:48:38,STRATUS_FUND_157,VORTEX_CREDIT_004,372.0,SGD,VG,JP,normal,10659.0,0
D5A912DB470BE8E5,2024-03-17,2024-03-17 03:28:10,PRIME_HOLDINGS_079,OBSIDIAN_PARTNERS_048,8378.64,AED,LI,US,velocity_burst,12.0,1
D5D1673ACA9153F4,2024-04-15,2024-04-15 06:41:05,NOVA_TRUST_121,AXIOM_PARTNERS_118,9345.2,GBP,DE,AU,structuring,342.0,1
D5D9F3417C595452,2024-07-06,2024-07-06 23:54:01,NEXUS_TRUST_071,NOVA_TRUST_181,49557.21,USD,FR,US,normal,3702.0,0
D5EC6C308CB6690A,2024-03-22,2024-03-22 19:28:23,NOVA_TRUST_181,ECLIPSE_HOLDINGS_109,10269.82,CHF,US,MT,velocity_burst,6153.0,0
D5ED9EDE72EF4FC6,2024-03-31,2024-03-31 08:10:05,HELIX_PAYMENTS_065,VORTEX_CREDIT_144,5631.43,CHF,UK,FR,velocity_burst,7591.0,0
D5F222551E74B05C,2024-04-24,2024-04-24 20:46:16,MERIDIAN_CAPITAL_020,MERIDIAN_CAPITAL_100,7117.9,HKD,JP,AE,normal,380.0,0
D6010B296128DF27,2024-04-01,2024-04-01 15:03:48,STRATUS_FUND_177,OBSIDIAN_PARTNERS_008,7768.41,HKD,PA,LI,velocity_burst,20.0,1
D60C50B5B70700D1,2024-03-02,2024-03-02 15:19:40,OBSIDIAN_PARTNERS_168,MERIDIAN_CAPITAL_000,89822.79,SGD,US,KY,normal,5280.0,0
D60E179D8BEE431F,2024-05-07,2024-05-07 00:45:18,MERIDIAN_CAPITAL_060,STRATUS_FUND_157,2458.45,AED,UK,JP,normal,580.0,0
D61D9250BA878988,2024-06-10,2024-06-10 01:17:19,CORONA_CLEARING_136,VERTEX_PAYMENTS_175,82216.24,GBP,AU,MT,circular_flow,639.0,0
D6426102E9307336,2024-02-01,2024-02-01 13:16:45,NOVA_TRUST_141,APEX_CREDIT_114,8318.23,SGD,US,FR,normal,2767.0,0
D683F3FDD007D297,2024-05-09,2024-05-09 15:42:29,VERTEX_PAYMENTS_015,STRATUS_FUND_097,1762.83,GBP,DE,CY,normal,426.0,0
D69126D3F40DC19D,2024-04-18,2024-04-18 03:20:34,DELTA_BANCORP_072,NEXUS_TRUST_011,2423.77,CHF,MT,FR,velocity_burst,46.0,1
D6C34338EC23AF88,2024-06-21,2024-06-21 03:25:28,QUANTUM_CLEARING_026,CORONA_CLEARING_116,37239.21,CHF,FR,AE,normal,663.0,0
D6E79170A8C11A1E,2024-03-12,2024-03-12 08:27:42,NOVA_TRUST_161,ATLAS_BANCORP_082,2464.31,USD,CY,JP,normal,2110.0,0
D6E7C2F4C2FCCAD4,2024-05-03,2024-05-03 17:42:28,ATLAS_BANCORP_002,SOLARIS_FIN_103,253220.47,CHF,KY,FR,normal,4797.0,0
D7020041CD8E067C,2024-01-24,2024-01-24 02:45:26,OBSIDIAN_PARTNERS_048,CIPHER_CAPITAL_070,4566.6,EUR,UK,JP,normal,6663.0,0
D7035ED05CAE2D0D,2024-02-15,2024-02-15 06:24:48,NEXUS_TRUST_151,NEXUS_TRUST_051,1485.93,SGD,AE,SG,normal,2578.0,0
D7057DC415FD4827,2024-01-20,2024-01-20 02:57:03,APEX_CREDIT_054,ATLAS_BANCORP_122,8585.64,HKD,UK,LI,velocity_burst,1.0,0
D705EBB977C29A16,2024-01-01,2024-01-01 08:06:45,SOLARIS_FIN_183,AXIOM_PARTNERS_118,15385.47,SGD,SG,KY,normal,3200.0,0
D71BA4946C27D26C,2024-02-14,2024-02-14 12:02:02,VORTEX_CREDIT_004,ATLAS_BANCORP_082,43533.51,HKD,PA,DE,normal,2813.0,0
D73004635C520BA8,2024-01-26,2024-01-26 14:36:08,ZENITH_FUND_147,VORTEX_CREDIT_124,13508.6,CHF,MT,JP,normal,1440.0,0
D739B14F2D452430,2024-06-28,2024-06-28 04:26:39,NEXUS_TRUST_031,SOLARIS_FIN_063,13996.54,CHF,DE,DE,velocity_burst,24.0,1
D7402ADBAC478CA3,2024-04-19,2024-04-19 10:25:01,OBSIDIAN_PARTNERS_008,NOVA_TRUST_021,5829.23,SGD,FR,US,circular_flow,1674.0,0
D74CB9904AFE5EA3,2024-03-02,2024-03-02 23:32:55,OBSIDIAN_PARTNERS_088,ATLAS_BANCORP_042,10974.54,SGD,AE,AU,velocity_burst,13.0,1
D760C1796C4C9A65,2024-05-23,2024-05-23 09:57:47,AXIOM_PARTNERS_118,QUANTUM_CLEARING_086,730.61,AED,CY,JP,normal,1903.0,0
D76D98C7C1A199CF,2024-04-18,2024-04-18 03:18:24,DELTA_BANCORP_072,DELTA_BANCORP_112,5376.31,CHF,SG,VG,velocity_burst,415.0,0
D7767FED6DF5AB3A,2024-05-31,2024-05-31 09:28:27,STRATUS_FUND_157,OMEGA_FIN_053,51444.51,HKD,KY,LI,circular_flow,806.0,0
D77F4630B3383074,2024-06-24,2024-06-24 17:07:34,HELIX_PAYMENTS_045,SOLARIS_FIN_063,6873.79,USD,AE,MT,velocity_burst,2.0,0
D787A1FC3599E8F8,2024-06-10,2024-06-10 13:40:00,SOLARIS_FIN_163,APEX_CREDIT_194,184.61,HKD,US,UK,normal,4050.0,0
D78EAC7320F31920,2024-06-29,2024-06-29 03:07:03,NOVA_TRUST_101,ATLAS_BANCORP_102,12536.67,SGD,KY,JP,normal,707.0,0
D7B6B615FC56B0C0,2024-02-10,2024-02-10 05:20:37,ZENITH_FUND_187,NOVA_TRUST_141,14975.27,USD,US,PA,velocity_burst,4.0,0
D7F0C6EEAB8600E,2024-07-06,2024-07-06 15:14:01,CORONA_CLEARING_176,OMEGA_FIN_153,7630.21,USD,LI,KY,circular_flow,56.0,0
D7FB5BEA73160F36,2024-03-02,2024-03-02 23:28:52,OBSIDIAN_PARTNERS_088,NOVA_TRUST_041,9543.05,GBP,MT,CY,velocity_burst,4.0,1
D7FBC6F293F20783,2024-02-20,2024-02-20 08:00:01,NEXUS_TRUST_131,CIPHER_CAPITAL_110,22145.57,CHF,US,JP,normal,3345.0,0
D80709DBA9B8D013,2024-05-20,2024-05-20 14:45:51,DELTA_BANCORP_112,STRATUS_FUND_177,16510.87,SGD,MT,AU,normal,2502.0,0
D80EAB39D4A7D50A,2024-04-10,2024-04-10 07:51:26,OMEGA_FIN_193,VORTEX_CREDIT_104,12517.32,USD,UK,FR,velocity_burst,38.0,1
D81B3895E9806AC8,2024-02-10,2024-02-10 05:23:33,ZENITH_FUND_187,PRIME_HOLDINGS_079,13058.04,SGD,KY,AU,velocity_burst,31.0,1
D81C5902B4B019F5,2024-03-15,2024-03-15 08:19:07,APEX_CREDIT_134,ZENITH_FUND_127,109793.45,HKD,KY,DE,normal,17022.0,0
D827867F27D24F90,2024-03-16,2024-03-16 05:11:12,ZENITH_FUND_087,NOVA_TRUST_061,9600.23,EUR,JP,DE,structuring,175.0,1
D832D24DBD3C0F2C,2024-02-24,2024-02-24 02:23:19,ATLAS_BANCORP_002,CORONA_CLEARING_136,9790.24,CHF,KY,JP,velocity_burst,22.0,0
D83396A6223E65A2,2024-03-30,2024-03-30 13:47:19,DELTA_BANCORP_112,OMEGA_FIN_013,10408.15,SGD,AE,PA,velocity_burst,4.0,1
D833DF291720D7B7,2024-02-27,2024-02-27 00:40:23,APEX_CREDIT_194,SOLARIS_FIN_043,2984.56,GBP,KY,VG,normal,7344.0,0
D83D2344E055DC7F,2024-02-05,2024-02-05 08:46:40,VERTEX_PAYMENTS_115,AXIOM_PARTNERS_098,206827.08,AED,CY,CY,layering,1215.0,0
D85E37639AC9945C,2024-03-16,2024-03-16 10:04:38,STRATUS_FUND_077,NEXUS_TRUST_151,63202.12,USD,AU,DE,normal,11256.0,0
D8778716781158A1,2024-04-01,2024-04-01 09:17:56,AXIOM_PARTNERS_138,PRIME_HOLDINGS_159,621.34,SGD,JP,UK,normal,6482.0,0
D891E98463EB02B5,2024-05-22,2024-05-22 10:49:08,APEX_CREDIT_034,OBSIDIAN_PARTNERS_128,55318.93,HKD,DE,US,normal,552.0,0
D896E03BD6881C5A,2024-05-26,2024-05-26 00:32:17,CORONA_CLEARING_076,PRIME_HOLDINGS_139,59914.7,HKD,LI,FR,normal,3475.0,0
D8BAC0D593B5DD01,2024-03-15,2024-03-15 20:07:09,OBSIDIAN_PARTNERS_028,VORTEX_CREDIT_044,8597.93,USD,AU,AU,structuring,264.0,0
D8BB09762E9CFEB7,2024-06-29,2024-06-29 11:25:39,OMEGA_FIN_173,SOLARIS_FIN_083,8276.69,GBP,KY,CY,structuring,51.0,1
D8C5A681D3AA3F96,2024-06-06,2024-06-06 09:47:26,OMEGA_FIN_053,SOLARIS_FIN_183,11875.88,AED,DE,DE,velocity_burst,35.0,0
D8C9E219943A6B6,2024-06-25,2024-06-25 11:33:43,NOVA_TRUST_021,VERTEX_PAYMENTS_095,8892.4,CHF,LI,FR,normal,1356.0,0
D8DBCDE557E92340,2024-04-27,2024-04-27 17:00:58,MERIDIAN_CAPITAL_120,ECLIPSE_HOLDINGS_049,218756.81,HKD,PA,MT,normal,855.0,0
D902CE4F4A955A2D,2024-03-08,2024-03-08 00:54:07,VORTEX_CREDIT_044,NEXUS_TRUST_011,13159.29,GBP,LI,AE,velocity_burst,3.0,0
D903E2F5AAEA30EA,2024-03-31,2024-03-31 18:31:39,VORTEX_CREDIT_144,STRATUS_FUND_097,25686.05,CHF,AU,SG,normal,495.0,0
D904033C6F70AEDD,2024-06-28,2024-06-28 17:58:30,SOLARIS_FIN_003,HELIX_PAYMENTS_105,9350.4,SGD,FR,JP,normal,9767.0,0
D90C3DA73A76E3CB,2024-03-18,2024-03-18 02:17:45,AXIOM_PARTNERS_138,ZENITH_FUND_007,456211.74,USD,CY,FR,normal,860.0,0
D90ED651C2D22876,2024-01-04,2024-01-04 07:02:20,QUANTUM_CLEARING_186,AXIOM_PARTNERS_138,26434.52,SGD,FR,CY,circular_flow,1117.0,0
D913CF1F5335B640,2024-03-31,2024-03-31 08:13:01,HELIX_PAYMENTS_065,ECLIPSE_HOLDINGS_129,1514.13,EUR,DE,FR,velocity_burst,5.0,1
D919B5F9598C9DB4,2024-05-23,2024-05-23 01:27:37,APEX_CREDIT_094,OMEGA_FIN_033,9427.94,EUR,AU,FR,structuring,3463.0,0
D91FDE6FDF3605E3,2024-05-02,2024-05-02 17:51:49,ECLIPSE_HOLDINGS_149,DELTA_BANCORP_132,386.39,CHF,PA,VG,normal,4915.0,0
D92405FC547C6D06,2024-02-22,2024-02-22 08:26:06,HELIX_PAYMENTS_005,NOVA_TRUST_181,4972.45,USD,MT,VG,velocity_burst,1.0,1
D924BC13F8BA04B6,2024-04-10,2024-04-10 07:50:16,OMEGA_FIN_193,ECLIPSE_HOLDINGS_149,11474.55,AED,US,LI,velocity_burst,12.0,0
D927EB2A8FCF79B0,2024-03-21,2024-03-21 08:34:59,SOLARIS_FIN_103,ATLAS_BANCORP_162,1961.08,CHF,DE,MT,normal,846.0,0
D93224537B7CDF1D,2024-02-21,2024-02-21 14:56:17,PRIME_HOLDINGS_059,MERIDIAN_CAPITAL_000,265.1,USD,FR,AU,normal,4479.0,0
D93474F46525BFFB,2024-02-13,2024-02-13 08:29:15,APEX_CREDIT_134,ATLAS_BANCORP_102,2198457.52,USD,JP,KY,normal,3146.0,0
D94E6DD240612B25,2024-03-30,2024-03-30 06:56:01,CIPHER_CAPITAL_110,NEXUS_TRUST_191,21512.76,SGD,AU,FR,normal,2028.0,0
D9568C93CF461EC6,2024-01-22,2024-01-22 10:41:07,NEXUS_TRUST_191,ATLAS_BANCORP_122,166947.6,HKD,VG,UK,layering,106.0,0
D959648DC3876C5B,2024-02-26,2024-02-26 02:59:58,AXIOM_PARTNERS_038,VORTEX_CREDIT_084,9811.25,USD,VG,MT,velocity_burst,11.0,1
D96221B85331F6AA,2024-01-23,2024-01-23 02:13:45,DELTA_BANCORP_132,CIPHER_CAPITAL_130,21572.34,AED,UK,US,normal,5067.0,0
D96B06954F01A47F,2024-03-09,2024-03-09 03:50:46,ATLAS_BANCORP_022,HELIX_PAYMENTS_065,28272.21,USD,US,PA,circular_flow,1524.0,0
D97E2A8CC3CD41D1,2024-06-29,2024-06-29 21:55:43,SOLARIS_FIN_063,HELIX_PAYMENTS_105,1639.33,SGD,DE,AE,normal,1542.0,0
D98147D3E9397C56,2024-01-13,2024-01-13 23:38:01,DELTA_BANCORP_012,QUANTUM_CLEARING_086,7027.58,CHF,PA,PA,velocity_burst,2.0,0
D994062A4E05AFF4,2024-06-29,2024-06-29 11:11:33,OMEGA_FIN_173,OBSIDIAN_PARTNERS_128,9033.74,CHF,CY,DE,structuring,3590.0,0
D9A2D0C83E3E8610,2024-02-11,2024-02-11 01:50:05,ATLAS_BANCORP_142,VORTEX_CREDIT_164,7080.01,HKD,JP,PA,velocity_burst,62.0,1
D9C6DC7B77DECAD2,2024-01-10,2024-01-10 03:21:07,VERTEX_PAYMENTS_135,AXIOM_PARTNERS_118,12480.82,SGD,AE,JP,normal,2916.0,0
D9F0DE367D1B23EA,2024-05-14,2024-05-14 01:22:36,PRIME_HOLDINGS_179,NEXUS_TRUST_171,83604.71,GBP,CY,MT,layering,16946.0,0
D9F34966F26D16E0,2024-05-22,2024-05-22 10:39:56,VORTEX_CREDIT_164,APEX_CREDIT_054,191393.72,HKD,AU,JP,normal,6183.0,0
D9FE1A41AA3778A1,2024-04-06,2024-04-06 15:04:57,HELIX_PAYMENTS_045,STRATUS_FUND_057,9580.61,HKD,CY,VG,velocity_burst,8.0,0
DA0532DFC80C14A5,2024-01-01,2024-01-01 08:41:38,NOVA_TRUST_021,NOVA_TRUST_001,36349.26,CHF,SG,KY,normal,78.0,0
DA05B3A843C68DB,2024-01-25,2024-01-25 07:03:20,ATLAS_BANCORP_082,PRIME_HOLDINGS_059,66226.55,EUR,KY,MT,normal,5064.0,0
DA0D7D034BD0B122,2024-03-15,2024-03-15 00:26:39,PRIME_HOLDINGS_139,ATLAS_BANCORP_142,1634.18,GBP,AU,DE,normal,2166.0,0
DA18B6C498C34CF6,2024-05-05,2024-05-05 11:49:40,ATLAS_BANCORP_082,ZENITH_FUND_087,90163.95,SGD,CY,CY,normal,3340.0,0
DA2B1EFE40DCBABA,2024-07-07,2024-07-07 00:55:40,VORTEX_CREDIT_124,SOLARIS_FIN_083,296235.77,EUR,JP,PA,layering,1294.0,0
DA3DBEE1353919E8,2024-02-19,2024-02-19 09:34:16,CORONA_CLEARING_196,AXIOM_PARTNERS_018,6460.03,AED,KY,US,velocity_burst,13.0,1
DA45414E1B1D37B5,2024-04-30,2024-04-30 02:41:45,OMEGA_FIN_033,AXIOM_PARTNERS_198,808.25,USD,KY,US,normal,4139.0,0
DA4591B7100AF558,2024-01-26,2024-01-26 03:46:49,CORONA_CLEARING_156,QUANTUM_CLEARING_066,10844.53,GBP,LI,AE,velocity_burst,8.0,0
DA570E984D7886C0,2024-03-01,2024-03-01 10:56:44,ATLAS_BANCORP_042,OMEGA_FIN_093,5290.48,HKD,FR,US,normal,3196.0,0
DA6AC562622417EF,2024-01-22,2024-01-22 06:09:26,PRIME_HOLDINGS_099,CIPHER_CAPITAL_050,11058.07,GBP,UK,AU,velocity_burst,10.0,0
DA792714AB540AB8,2024-02-03,2024-02-03 20:32:35,ATLAS_BANCORP_102,NOVA_TRUST_101,140.14,CHF,KY,US,normal,15719.0,0
DA80CA1B24D95680,2024-02-15,2024-02-15 21:23:15,QUANTUM_CLEARING_086,QUANTUM_CLEARING_106,2507.22,CHF,LI,JP,velocity_burst,6.0,0
DA9038798A5241BB,2024-02-03,2024-02-03 11:35:09,QUANTUM_CLEARING_126,VORTEX_CREDIT_024,52053.16,GBP,KY,JP,circular_flow,312.0,0
DAA1D4D98E405315,2024-04-08,2024-04-08 17:15:52,MERIDIAN_CAPITAL_020,ZENITH_FUND_127,8539.44,HKD,VG,DE,structuring,493.0,1
DAA53BD0765DD879,2024-01-26,2024-01-26 17:29:17,OBSIDIAN_PARTNERS_108,PRIME_HOLDINGS_199,43569.25,USD,KY,LI,normal,5625.0,0
DAA965DA187C38DD,2024-01-16,2024-01-16 01:22:35,ATLAS_BANCORP_122,NEXUS_TRUST_131,33573.22,HKD,JP,PA,normal,401.0,0
DAB482A9F1D44FB,2024-01-06,2024-01-06 01:06:30,VERTEX_PAYMENTS_055,VERTEX_PAYMENTS_135,9804.14,USD,CY,VG,structuring,16.0,0
DADC229A662D7672,2024-01-13,2024-01-13 23:36:25,DELTA_BANCORP_012,ZENITH_FUND_027,1978.24,EUR,UK,PA,velocity_burst,27.0,0
DAE895579EF6BF6E,2024-03-20,2024-03-20 12:15:16,DELTA_BANCORP_012,HELIX_PAYMENTS_145,594685.79,EUR,LI,SG,normal,1228.0,0
DAF5B499C8728DB1,2024-01-22,2024-01-22 12:05:54,NEXUS_TRUST_111,OBSIDIAN_PARTNERS_008,886486.55,HKD,MT,JP,normal,2107.0,0
DB0209DD6B4B55F9,2024-04-04,2024-04-04 16:26:15,HELIX_PAYMENTS_005,HELIX_PAYMENTS_065,288013.77,USD,PA,KY,layering,632.0,0
DB262E818D2E4AD3,2024-06-29,2024-06-29 00:49:30,NEXUS_TRUST_131,PRIME_HOLDINGS_199,5025.71,CHF,UK,DE,normal,958.0,0
DB2D2E6C2C55122B,2024-01-17,2024-01-17 04:55:13,OMEGA_FIN_013,CORONA_CLEARING_176,61587.64,USD,UK,KY,normal,7007.0,0
DB33F89871DEB2FE,2024-07-05,2024-07-05 02:56:14,VORTEX_CREDIT_144,ZENITH_FUND_087,296967.82,CHF,AE,US,layering,209.0,0
DB5A66F431E88BD2,2024-02-10,2024-02-10 00:35:08,ATLAS_BANCORP_162,OMEGA_FIN_113,6583.33,HKD,KY,MT,normal,648.0,0
DB5ADA6C849D3503,2024-06-08,2024-06-08 02:42:28,CORONA_CLEARING_176,PRIME_HOLDINGS_139,325850.08,CHF,CY,MT,high_risk_jx,26128.0,0
DB650D1D7DF5A372,2024-02-27,2024-02-27 12:40:40,ZENITH_FUND_087,QUANTUM_CLEARING_166,33721.74,CHF,DE,MT,normal,319.0,0
DB6BF33CE87E3C6A,2024-06-22,2024-06-22 04:43:20,DELTA_BANCORP_152,PRIME_HOLDINGS_039,8916.13,EUR,DE,FR,structuring,420.0,1
DB82B798A126B28C,2024-04-07,2024-04-07 00:29:25,ATLAS_BANCORP_182,MERIDIAN_CAPITAL_120,12286.81,CHF,JP,AU,normal,7166.0,0
DB89090AC810F05,2024-04-10,2024-04-10 07:52:24,OMEGA_FIN_193,VORTEX_CREDIT_184,8098.31,USD,VG,PA,velocity_burst,15.0,1
DB89E89E2CB1FB4A,2024-04-30,2024-04-30 11:00:47,ECLIPSE_HOLDINGS_009,STRATUS_FUND_197,38518.67,GBP,SG,FR,normal,1805.0,0
DB95101C90AD2AD,2024-02-21,2024-02-21 01:51:14,APEX_CREDIT_094,NOVA_TRUST_181,283474.4,AED,LI,FR,high_risk_jx,4436.0,0
DBC7F4B6FE70EF56,2024-04-17,2024-04-17 21:30:59,APEX_CREDIT_054,HELIX_PAYMENTS_025,9918.43,CHF,JP,US,structuring,6815.0,0
DBCC4906D7267997,2024-05-08,2024-05-08 12:34:31,AXIOM_PARTNERS_018,DELTA_BANCORP_012,22150.43,SGD,SG,FR,normal,2201.0,0
DBE6CC36950D5DDB,2024-03-10,2024-03-10 05:18:08,MERIDIAN_CAPITAL_100,SOLARIS_FIN_063,206747.13,SGD,LI,CY,normal,4892.0,0
DBFA4549B95C7657,2024-03-08,2024-03-08 00:54:04,VORTEX_CREDIT_044,AXIOM_PARTNERS_058,12836.83,USD,LI,FR,velocity_burst,9.0,0
DC0596FAA7ADD2C4,2024-05-16,2024-05-16 06:18:28,AXIOM_PARTNERS_058,SOLARIS_FIN_143,104178.23,HKD,KY,AE,circular_flow,818.0,0
DC0804C7AD999338,2024-03-08,2024-03-08 02:01:06,MERIDIAN_CAPITAL_080,PRIME_HOLDINGS_099,57413.49,USD,VG,AU,normal,2976.0,0
DC0C921FFB18057C,2024-06-22,2024-06-22 04:43:54,DELTA_BANCORP_152,HELIX_PAYMENTS_105,9898.3,USD,FR,VG,structuring,34.0,1
DC1BD5A73054CD4D,2024-03-30,2024-03-30 12:28:06,STRATUS_FUND_177,ATLAS_BANCORP_102,24516.67,GBP,UK,VG,normal,12747.0,0
DC30FD4AE7A41D56,2024-04-02,2024-04-02 16:05:09,QUANTUM_CLEARING_026,CORONA_CLEARING_076,9414.26,USD,LI,VG,normal,7146.0,0
DC3C177785CECCB4,2024-02-29,2024-02-29 00:38:09,SOLARIS_FIN_063,CORONA_CLEARING_076,442092.22,GBP,KY,CY,layering,148.0,0
DC48C5155E3F1832,2024-05-14,2024-05-14 01:50:22,APEX_CREDIT_094,VERTEX_PAYMENTS_135,75453.25,HKD,AU,JP,layering,952.0,0
DC5156408D58CF4F,2024-05-22,2024-05-22 05:02:25,DELTA_BANCORP_192,ZENITH_FUND_067,1182.27,GBP,VG,US,velocity_burst,4.0,0
DC5D15C1AF846D7F,2024-04-16,2024-04-16 13:02:58,DELTA_BANCORP_072,OMEGA_FIN_073,60211.85,GBP,MT,KY,circular_flow,197.0,0
DC610BE275E30ABB,2024-01-06,2024-01-06 01:10:44,VERTEX_PAYMENTS_055,AXIOM_PARTNERS_078,9778.46,AED,US,CY,structuring,8.0,0
DC6394D07B8BC193,2024-01-20,2024-01-20 02:59:03,APEX_CREDIT_054,STRATUS_FUND_177,5184.0,HKD,DE,KY,velocity_burst,25.0,0
DC7A5BCE172DEAC3,2024-01-27,2024-01-27 21:34:31,QUANTUM_CLEARING_146,ATLAS_BANCORP_002,357.49,AED,PA,AU,normal,5908.0,0
DC825697E2F90F9D,2024-03-24,2024-03-24 05:58:32,APEX_CREDIT_174,OMEGA_FIN_153,34643.14,EUR,UK,AE,normal,3521.0,0
DC87A0F6F9AABF18,2024-01-22,2024-01-22 20:15:30,NOVA_TRUST_001,PRIME_HOLDINGS_159,369740.67,GBP,KY,PA,layering,139.0,0
DC8886C1350DA8CA,2024-03-14,2024-03-14 23:47:09,ZENITH_FUND_147,APEX_CREDIT_134,5588.69,HKD,US,PA,velocity_burst,21.0,1
DC8EB8ABE1D30FF,2024-04-25,2024-04-25 17:06:01,AXIOM_PARTNERS_058,AXIOM_PARTNERS_018,6436.88,AED,FR,AE,velocity_burst,4.0,0
DCA096AB85CB11A4,2024-06-07,2024-06-07 14:10:40,CORONA_CLEARING_116,CORONA_CLEARING_016,107163.97,AED,LI,FR,high_risk_jx,4603.0,0
DCA4353130612881,2024-05-04,2024-05-04 14:28:32,NOVA_TRUST_101,STRATUS_FUND_057,4746.51,AED,DE,AU,normal,794.0,0
DCBF7FF47684D6F0,2024-06-27,2024-06-27 18:20:40,CIPHER_CAPITAL_070,OBSIDIAN_PARTNERS_008,164052.78,EUR,DE,LI,layering,512.0,0
DCD85777945F6E51,2024-05-13,2024-05-13 02:49:49,SOLARIS_FIN_123,ATLAS_BANCORP_022,17742.69,GBP,LI,AE,circular_flow,412.0,0
DCDBAA1812229C7,2024-01-10,2024-01-10 02:32:31,MERIDIAN_CAPITAL_100,CORONA_CLEARING_136,57272.3,USD,UK,LI,normal,2783.0,0
DCFB28982013123,2024-03-07,2024-03-07 09:49:13,OMEGA_FIN_093,NEXUS_TRUST_171,527854.34,EUR,US,AU,normal,4021.0,0
DD0350C01132BB18,2024-07-04,2024-07-04 03:22:17,DELTA_BANCORP_152,HELIX_PAYMENTS_045,87002.58,USD,MT,US,normal,1390.0,0
DD039978F4A515EB,2024-03-03,2024-03-03 09:59:25,OBSIDIAN_PARTNERS_068,OMEGA_FIN_113,2845.26,SGD,DE,VG,normal,12946.0,0
DD17EA66C0630E3B,2024-05-12,2024-05-12 19:16:44,SOLARIS_FIN_083,OMEGA_FIN_093,495808.92,GBP,MT,UK,layering,1503.0,0
DD1C407B1A18E68A,2024-04-02,2024-04-02 22:43:32,ZENITH_FUND_107,NOVA_TRUST_181,17268.73,EUR,MT,KY,circular_flow,1524.0,0
DD2A43D6B35D9B3B,2024-03-02,2024-03-02 13:47:46,MERIDIAN_CAPITAL_100,STRATUS_FUND_197,5142.98,HKD,AE,JP,velocity_burst,6.0,1
DD30FF33CF9555F6,2024-05-31,2024-05-31 16:52:11,MERIDIAN_CAPITAL_000,CORONA_CLEARING_016,9638.96,EUR,AE,PA,structuring,176.0,0
DD3CB5716878B032,2024-06-23,2024-06-23 03:14:45,PRIME_HOLDINGS_059,ATLAS_BANCORP_042,8064.48,USD,SG,CY,normal,11993.0,0
DD4D436029C03735,2024-04-11,2024-04-11 16:40:51,DELTA_BANCORP_012,APEX_CREDIT_134,3386.34,USD,PA,JP,normal,331.0,0
DD4FC171541D9214,2024-06-08,2024-06-08 21:34:04,NOVA_TRUST_181,CORONA_CLEARING_116,9857.5,GBP,SG,DE,velocity_burst,12.0,0
DD56498551F632B0,2024-03-28,2024-03-28 22:31:17,SOLARIS_FIN_123,CORONA_CLEARING_096,47274.44,GBP,FR,LI,normal,3124.0,0
DD5AB52455553200,2024-02-22,2024-02-22 06:24:12,CIPHER_CAPITAL_050,ATLAS_BANCORP_082,11986.89,CHF,JP,US,normal,5515.0,0
DD67CE8EE4E26F84,2024-05-27,2024-05-27 13:27:42,NEXUS_TRUST_031,AXIOM_PARTNERS_158,831.78,AED,MT,UK,normal,3845.0,0
DD76E54967003E5D,2024-05-10,2024-05-10 07:30:00,VORTEX_CREDIT_184,NOVA_TRUST_101,752.74,CHF,FR,KY,velocity_burst,26.0,0
DD8D9A09C6C3F3AC,2024-01-22,2024-01-22 13:14:01,AXIOM_PARTNERS_078,AXIOM_PARTNERS_098,9700.16,CHF,FR,US,structuring,4087.0,0
DD8F3EACC4E15CE6,2024-05-19,2024-05-19 22:23:03,AXIOM_PARTNERS_138,DELTA_BANCORP_092,139330.14,SGD,VG,KY,layering,1085.0,0
DD97556ABD6340E8,2024-04-10,2024-04-10 07:28:02,SOLARIS_FIN_023,CIPHER_CAPITAL_130,1315.27,EUR,LI,JP,normal,5579.0,0
DDA6FCF9FDB823CD,2024-02-29,2024-02-29 01:58:32,ECLIPSE_HOLDINGS_009,HELIX_PAYMENTS_065,90079.45,SGD,JP,AU,normal,2067.0,0
DDAC5034CF91C201,2024-06-05,2024-06-05 15:46:45,PRIME_HOLDINGS_119,NEXUS_TRUST_171,9231.16,GBP,CY,UK,structuring,134.0,0
DDAFD0FAF6DB74A0,2024-02-26,2024-02-26 08:44:46,QUANTUM_CLEARING_106,OMEGA_FIN_153,14634.19,AED,MT,US,normal,3764.0,0
DDB03C02F8B06AE7,2024-02-26,2024-02-26 03:00:33,AXIOM_PARTNERS_038,HELIX_PAYMENTS_045,2188.25,AED,DE,JP,velocity_burst,22.0,1
DDC460DABEDD96AF,2024-06-10,2024-06-10 23:55:25,CORONA_CLEARING_176,STRATUS_FUND_017,298457.92,CHF,PA,CY,layering,283.0,0
DDD9C43EFC9A6EF,2024-04-21,2024-04-21 07:01:24,SOLARIS_FIN_063,MERIDIAN_CAPITAL_060,3902.74,AED,US,SG,normal,6520.0,0
DDDCA38B2DE1CDB6,2024-02-14,2024-02-14 12:58:43,SOLARIS_FIN_163,AXIOM_PARTNERS_198,12281.75,AED,MT,FR,velocity_burst,14.0,0
DDE500113B618D32,2024-06-11,2024-06-11 09:20:21,NEXUS_TRUST_111,SOLARIS_FIN_103,412918.07,SGD,VG,KY,layering,26.0,0
DDE6F29F1EE649B,2024-02-17,2024-02-17 10:11:27,ECLIPSE_HOLDINGS_169,VORTEX_CREDIT_104,9157.48,AED,VG,LI,structuring,170.0,0
DDEDE29DB95F2F1E,2024-04-24,2024-04-24 13:38:49,HELIX_PAYMENTS_045,SOLARIS_FIN_003,136767.57,AED,LI,PA,normal,1258.0,0
DDFB6E47AB557F35,2024-03-27,2024-03-27 09:30:34,PRIME_HOLDINGS_099,AXIOM_PARTNERS_118,2103.76,CHF,CY,FR,normal,568.0,0
DE00010D1CE0034D,2024-05-17,2024-05-17 13:09:10,DELTA_BANCORP_132,VORTEX_CREDIT_004,8515.95,CHF,VG,US,structuring,54.0,0
DE17EA6419F876CE,2024-05-01,2024-05-01 11:47:33,NOVA_TRUST_141,APEX_CREDIT_174,74045.33,SGD,LI,UK,circular_flow,1000.0,0
DE19D2A2DCFFA825,2024-01-11,2024-01-11 23:16:41,CORONA_CLEARING_076,APEX_CREDIT_074,96244.41,EUR,PA,KY,normal,6932.0,0
DE25CA6582BF1BCD,2024-06-22,2024-06-22 20:00:50,NEXUS_TRUST_031,ATLAS_BANCORP_122,2296.43,EUR,LI,JP,normal,3894.0,0
DE444B509657D34A,2024-06-16,2024-06-16 12:06:07,STRATUS_FUND_017,ECLIPSE_HOLDINGS_029,3464.43,EUR,KY,DE,normal,11199.0,0
DE55602F1AE9BEC9,2024-01-02,2024-01-02 12:15:48,MERIDIAN_CAPITAL_000,NEXUS_TRUST_071,5499.71,HKD,SG,VG,velocity_burst,4.0,0
DE55FB9411B6F9C,2024-01-22,2024-01-22 21:31:10,PRIME_HOLDINGS_019,OMEGA_FIN_093,94270.94,HKD,PA,CY,normal,4540.0,0
DE62DBCF5875B053,2024-01-22,2024-01-22 06:11:58,PRIME_HOLDINGS_099,ECLIPSE_HOLDINGS_129,798.26,CHF,DE,CY,velocity_burst,2.0,1
DE6380EBC06A8CA2,2024-03-13,2024-03-13 01:56:33,QUANTUM_CLEARING_126,ZENITH_FUND_107,15711.74,USD,CY,LI,normal,15838.0,0
DE6538C41C796CF3,2024-04-01,2024-04-01 12:52:08,ATLAS_BANCORP_022,MERIDIAN_CAPITAL_120,77867.02,HKD,FR,VG,layering,475.0,0
DE83A63C3E326823,2024-04-09,2024-04-09 07:38:59,HELIX_PAYMENTS_165,OMEGA_FIN_073,9524.53,SGD,AE,FR,structuring,1922.0,0
DE927575510C7546,2024-04-20,2024-04-20 06:45:05,ZENITH_FUND_187,VERTEX_PAYMENTS_135,8867.16,CHF,KY,MT,structuring,422.0,0
DE9472383EA825A3,2024-04-01,2024-04-01 16:46:04,SOLARIS_FIN_063,CORONA_CLEARING_076,2830.69,HKD,JP,US,velocity_burst,33.0,0
DEB6AC4696DFBA2E,2024-04-02,2024-04-02 22:18:08,AXIOM_PARTNERS_018,ZENITH_FUND_107,16284.26,CHF,MT,PA,circular_flow,1621.0,0
DEC8EDBBBBCC1F9A,2024-02-09,2024-02-09 14:58:01,CIPHER_CAPITAL_090,DELTA_BANCORP_012,474396.22,AED,DE,FR,layering,332.0,0
DECE7066C4898AA0,2024-02-18,2024-02-18 02:45:45,SOLARIS_FIN_183,NEXUS_TRUST_071,893.67,CHF,LI,US,normal,2125.0,0
DEDF404C7B18823C,2024-03-24,2024-03-24 13:28:44,SOLARIS_FIN_003,APEX_CREDIT_054,381437.81,GBP,AE,VG,layering,9157.0,0
DF0774DBCA44AD87,2024-02-04,2024-02-04 12:48:13,MERIDIAN_CAPITAL_100,QUANTUM_CLEARING_106,6010.62,CHF,AE,VG,velocity_burst,30.0,0
DF43422DCE964846,2024-02-27,2024-02-27 23:25:43,VERTEX_PAYMENTS_075,ATLAS_BANCORP_082,8478.44,HKD,SG,US,structuring,5.0,0
DF480F42689A82C3,2024-01-13,2024-01-13 23:42:47,DELTA_BANCORP_012,ZENITH_FUND_127,10132.11,CHF,KY,PA,velocity_burst,78.0,0
DF4FE4FCEC335F3A,2024-05-06,2024-05-06 08:50:19,QUANTUM_CLEARING_166,ZENITH_FUND_167,4791.38,HKD,JP,KY,normal,4751.0,0
DF7EF43717CD686F,2024-01-20,2024-01-20 11:37:32,CORONA_CLEARING_116,ATLAS_BANCORP_142,21128.24,HKD,SG,AU,normal,647.0,0
DF82356737C0F604,2024-06-19,2024-06-19 09:57:41,NOVA_TRUST_061,AXIOM_PARTNERS_138,9442.42,HKD,KY,PA,structuring,99.0,0
DF88CE41CA27005F,2024-02-14,2024-02-14 13:03:49,SOLARIS_FIN_163,VERTEX_PAYMENTS_175,12720.04,AED,AU,UK,velocity_burst,2.0,1
DFA095D96E5F7BA9,2024-02-10,2024-02-10 05:20:33,ZENITH_FUND_187,NOVA_TRUST_021,9303.98,USD,PA,JP,velocity_burst,2.0,0
DFA5D25698BC8162,2024-06-22,2024-06-22 09:11:47,ATLAS_BANCORP_142,VORTEX_CREDIT_024,250806.03,SGD,JP,JP,normal,4592.0,0
DFA8194198F2642,2024-02-26,2024-02-26 19:42:53,STRATUS_FUND_157,OBSIDIAN_PARTNERS_128,279224.15,CHF,AU,US,normal,7368.0,0
DFAA8073E136292C,2024-04-01,2024-04-01 04:28:35,ATLAS_BANCORP_122,STRATUS_FUND_057,121002.31,CHF,PA,JP,normal,756.0,0
DFBC1F286A89AD81,2024-03-31,2024-03-31 08:10:29,HELIX_PAYMENTS_065,CORONA_CLEARING_016,2192.91,SGD,DE,CY,velocity_burst,2.0,0
DFBC23B070CB5D23,2024-01-09,2024-01-09 00:17:47,VORTEX_CREDIT_044,CIPHER_CAPITAL_070,9056.7,EUR,AE,VG,structuring,118.0,0
DFD91B779B76E646,2024-01-20,2024-01-20 06:52:24,NEXUS_TRUST_151,OMEGA_FIN_013,646.93,GBP,CY,FR,velocity_burst,6.0,0
DFDB6F721AC25292,2024-06-22,2024-06-22 04:53:00,AXIOM_PARTNERS_198,CORONA_CLEARING_036,101965.17,CHF,UK,US,normal,192.0,0
DFDE4E1622436362,2024-02-11,2024-02-11 21:09:58,NOVA_TRUST_121,NEXUS_TRUST_011,8270.77,CHF,VG,FR,structuring,369.0,0
DFF18408105A0ACC,2024-05-11,2024-05-11 23:03:21,PRIME_HOLDINGS_119,STRATUS_FUND_077,5230.73,HKD,AU,UK,normal,7479.0,0
E0087531DFC1BFCE,2024-06-18,2024-06-18 07:08:03,ECLIPSE_HOLDINGS_129,ZENITH_FUND_147,54096.73,HKD,AU,VG,normal,3418.0,0
E00FD8E2DA2482AC,2024-01-05,2024-01-05 11:46:17,APEX_CREDIT_094,NEXUS_TRUST_191,984.34,HKD,JP,JP,normal,1654.0,0
E0346B5625A9D47D,2024-04-11,2024-04-11 23:08:53,NOVA_TRUST_101,SOLARIS_FIN_143,292896.17,CHF,VG,CY,normal,10880.0,0
E04B676256204D17,2024-04-13,2024-04-13 08:24:22,DELTA_BANCORP_192,PRIME_HOLDINGS_179,47826.72,GBP,VG,CY,circular_flow,515.0,0
E05012AB3FF5C987,2024-05-03,2024-05-03 14:58:25,ATLAS_BANCORP_162,VORTEX_CREDIT_104,1014941.63,CHF,KY,MT,normal,141.0,0
E0506B80B7334C45,2024-02-11,2024-02-11 14:48:29,NOVA_TRUST_061,HELIX_PAYMENTS_065,11710.06,USD,AU,KY,normal,3530.0,0
E06A141EA2024C9E,2024-06-11,2024-06-11 20:46:01,CORONA_CLEARING_196,OBSIDIAN_PARTNERS_068,158217.79,GBP,AU,US,layering,528.0,0
E06B89D6A2ED78A5,2024-07-01,2024-07-01 17:18:57,QUANTUM_CLEARING_146,DELTA_BANCORP_172,334362.42,CHF,KY,MT,normal,9184.0,0
E077A28CA5F5DB6,2024-06-06,2024-06-06 09:43:55,OMEGA_FIN_053,NOVA_TRUST_181,11769.75,USD,JP,AU,velocity_burst,5.0,0
E07888892416049,2024-05-23,2024-05-23 08:16:28,VORTEX_CREDIT_064,CIPHER_CAPITAL_150,50621.74,EUR,JP,UK,normal,484.0,0
E087F7C0CA8AF026,2024-03-17,2024-03-17 14:41:42,CORONA_CLEARING_096,ECLIPSE_HOLDINGS_149,9784.53,HKD,AE,AE,structuring,63.0,1
E09DCCA524AC8F42,2024-01-21,2024-01-21 06:46:29,APEX_CREDIT_034,NOVA_TRUST_121,7362.71,USD,CY,LI,normal,5440.0,0
E0A8F23BFD484015,2024-05-14,2024-05-14 15:22:28,NOVA_TRUST_161,STRATUS_FUND_097,7353.01,AED,MT,DE,normal,16847.0,0
E0AA9BE4BF857BB6,2024-06-11,2024-06-11 21:17:50,OBSIDIAN_PARTNERS_068,APEX_CREDIT_054,150306.9,AED,MT,CY,layering,530.0,0
E0B1189A21BA722D,2024-03-10,2024-03-10 14:01:49,MERIDIAN_CAPITAL_040,APEX_CREDIT_014,39532.75,EUR,US,FR,normal,7040.0,0
E0BD49627894AEFF,2024-04-14,2024-04-14 14:22:46,ECLIPSE_HOLDINGS_009,VERTEX_PAYMENTS_135,14003.14,GBP,LI,UK,circular_flow,808.0,0
E0BFD1185BE7D45C,2024-02-04,2024-02-04 16:37:51,AXIOM_PARTNERS_098,STRATUS_FUND_057,62779.49,GBP,PA,AE,normal,10926.0,0
E0DB56761A4E4DE,2024-03-21,2024-03-21 15:19:41,MERIDIAN_CAPITAL_120,MERIDIAN_CAPITAL_000,2611.19,AED,PA,JP,normal,1547.0,0
E0E5B8912205723,2024-06-16,2024-06-16 01:26:13,ZENITH_FUND_067,ATLAS_BANCORP_182,1311.74,EUR,CY,KY,velocity_burst,19.0,0
E0E6717FB8B42262,2024-03-17,2024-03-17 14:34:01,CORONA_CLEARING_096,VERTEX_PAYMENTS_015,9450.97,AED,AE,JP,structuring,148.0,0
E1018FC6BFBEF272,2024-02-18,2024-02-18 06:19:35,DELTA_BANCORP_072,AXIOM_PARTNERS_198,11732.22,CHF,VG,LI,velocity_burst,4.0,0
E1090C9B573B7384,2024-02-04,2024-02-04 08:18:35,NEXUS_TRUST_131,ECLIPSE_HOLDINGS_149,37527.47,CHF,MT,AU,normal,862.0,0
E1154C1B94F50A83,2024-04-15,2024-04-15 06:35:23,NOVA_TRUST_121,NEXUS_TRUST_071,8542.3,SGD,LI,FR,structuring,121.0,1
E12F6C24542394DA,2024-05-24,2024-05-24 05:12:38,DELTA_BANCORP_072,SOLARIS_FIN_163,107886.31,GBP,AE,LI,normal,427.0,0
E1367364C43D864,2024-02-25,2024-02-25 05:27:23,ECLIPSE_HOLDINGS_149,ZENITH_FUND_147,13844.08,AED,AE,LI,normal,9924.0,0
E13DC953830DC62C,2024-05-19,2024-05-19 21:52:53,ECLIPSE_HOLDINGS_129,DELTA_BANCORP_072,1179.41,AED,US,FR,normal,7423.0,0
E1408EEC6786EFC7,2024-04-15,2024-04-15 06:26:50,NOVA_TRUST_121,NEXUS_TRUST_071,8765.74,GBP,AE,LI,structuring,647.0,0
E141EF99218F85B8,2024-06-15,2024-06-15 02:49:56,ECLIPSE_HOLDINGS_069,QUANTUM_CLEARING_126,1029.42,AED,US,VG,normal,3030.0,0
E142955ECA0050F8,2024-02-06,2024-02-06 05:31:13,AXIOM_PARTNERS_178,OBSIDIAN_PARTNERS_028,10550.46,HKD,DE,FR,velocity_burst,3259.0,0
E148FB18FEE4C0B2,2024-05-16,2024-05-16 08:39:25,ATLAS_BANCORP_182,MERIDIAN_CAPITAL_120,51834.49,CHF,PA,AE,normal,4185.0,0
E151D5AAF3B236EC,2024-02-19,2024-02-19 09:04:10,PRIME_HOLDINGS_059,ATLAS_BANCORP_142,2137.79,SGD,UK,AE,normal,1910.0,0
E163D021622BAB4B,2024-02-24,2024-02-24 23:43:05,DELTA_BANCORP_052,NOVA_TRUST_181,136463.59,HKD,SG,KY,normal,1645.0,0
E16A15B8A04D6007,2024-01-08,2024-01-08 22:17:50,NEXUS_TRUST_051,ATLAS_BANCORP_182,4898.79,GBP,KY,PA,normal,3512.0,0
E16D93612CEF215F,2024-02-06,2024-02-06 05:31:33,AXIOM_PARTNERS_178,VORTEX_CREDIT_144,5350.86,CHF,VG,SG,velocity_burst,12.0,0
E170E664B32EE779,2024-02-29,2024-02-29 05:10:41,HELIX_PAYMENTS_065,STRATUS_FUND_077,460944.46,AED,KY,VG,layering,203.0,0
E17F2882395504BB,2024-01-25,2024-01-25 12:17:01,NOVA_TRUST_121,DELTA_BANCORP_012,1128.35,AED,AU,FR,normal,5603.0,0
E1940CEA4FE2DC81,2024-01-21,2024-01-21 03:38:21,MERIDIAN_CAPITAL_140,VORTEX_CREDIT_024,3823.76,HKD,SG,VG,normal,8672.0,0
E199A6529DF51E46,2024-01-30,2024-01-30 13:03:40,NOVA_TRUST_161,NEXUS_TRUST_011,489850.55,AED,KY,DE,high_risk_jx,4973.0,0
E1A2B0AC22F2F051,2024-01-15,2024-01-15 03:12:35,DELTA_BANCORP_092,VORTEX_CREDIT_164,18015.15,SGD,KY,SG,normal,2469.0,0
E1AB4030EF45BADB,2024-06-03,2024-06-03 05:44:32,MERIDIAN_CAPITAL_180,CORONA_CLEARING_136,67153.65,GBP,US,SG,circular_flow,1131.0,0
E1AE2038FF0A848B,2024-01-12,2024-01-12 09:40:15,AXIOM_PARTNERS_198,MERIDIAN_CAPITAL_160,18782.44,GBP,JP,CY,normal,2686.0,0
E1AE95AF592946D0,2024-06-14,2024-06-14 03:27:50,ZENITH_FUND_167,NOVA_TRUST_081,5525.09,USD,MT,LI,normal,18704.0,0
E1B0A956B2E45234,2024-06-28,2024-06-28 10:06:58,APEX_CREDIT_134,NEXUS_TRUST_011,23100.24,USD,DE,KY,normal,1659.0,0
E1B8CF0BBCA3B20C,2024-06-01,2024-06-01 18:42:54,QUANTUM_CLEARING_026,OBSIDIAN_PARTNERS_068,14389.76,HKD,FR,PA,normal,5511.0,0
E1CDFFD9D43DEE50,2024-02-26,2024-02-26 17:16:43,STRATUS_FUND_077,ATLAS_BANCORP_022,32106.39,USD,MT,JP,normal,5807.0,0
E1D7AE43DEC13AA6,2024-02-02,2024-02-02 05:19:42,VORTEX_CREDIT_164,ATLAS_BANCORP_062,83556.66,GBP,VG,FR,layering,866.0,0
E1F23C5D4172F428,2024-01-17,2024-01-17 15:30:23,VERTEX_PAYMENTS_075,STRATUS_FUND_137,8342.59,CHF,LI,VG,structuring,1749.0,0
E1F7B5B4149BDEC7,2024-04-18,2024-04-18 22:22:04,APEX_CREDIT_054,ECLIPSE_HOLDINGS_029,4775.81,EUR,US,VG,velocity_burst,10.0,1
E2240BE0690A1D13,2024-02-26,2024-02-26 03:03:39,AXIOM_PARTNERS_038,ECLIPSE_HOLDINGS_169,12302.79,AED,US,JP,velocity_burst,36.0,1
E22544E6BBC91443,2024-01-11,2024-01-11 14:02:08,VERTEX_PAYMENTS_055,CORONA_CLEARING_036,231210.25,SGD,DE,JP,normal,8605.0,0
E2300EFEF6EC1BD0,2024-01-26,2024-01-26 03:46:41,CORONA_CLEARING_156,NOVA_TRUST_161,3609.66,HKD,CY,FR,velocity_burst,4.0,0
E244FDC43FFACB06,2024-05-29,2024-05-29 03:56:37,OMEGA_FIN_133,SOLARIS_FIN_183,108021.45,HKD,PA,MT,normal,2164.0,0
E248275CC88A0142,2024-02-02,2024-02-02 21:54:23,QUANTUM_CLEARING_026,ATLAS_BANCORP_122,151667.05,SGD,UK,JP,normal,1104.0,0
E24978CA2F1C7816,2024-03-09,2024-03-09 04:37:54,SOLARIS_FIN_163,HELIX_PAYMENTS_185,30489.41,CHF,SG,LI,circular_flow,917.0,0
E285C90E22C860D6,2024-04-28,2024-04-28 11:52:42,HELIX_PAYMENTS_025,QUANTUM_CLEARING_186,45729.96,GBP,AE,KY,normal,7505.0,0
E29A878EE5B9C6A7,2024-01-27,2024-01-27 00:06:05,PRIME_HOLDINGS_159,NEXUS_TRUST_071,28748.42,EUR,LI,US,normal,2386.0,0
E29FE295FD20A8C7,2024-05-16,2024-05-16 07:09:48,NEXUS_TRUST_151,OMEGA_FIN_133,448628.03,CHF,VG,AE,layering,1165.0,0
E2B86D184D337580,2024-04-01,2024-04-01 20:59:06,AXIOM_PARTNERS_158,ATLAS_BANCORP_122,7330.16,CHF,AU,US,normal,15182.0,0
E2CF43D77550982C,2024-01-26,2024-01-26 05:39:01,HELIX_PAYMENTS_005,OBSIDIAN_PARTNERS_188,112483.15,CHF,KY,AU,normal,17.0,0
E2E5258710D96AFA,2024-04-19,2024-04-19 13:39:16,PRIME_HOLDINGS_099,ECLIPSE_HOLDINGS_109,4060.81,HKD,PA,VG,velocity_burst,9.0,0
E2E77AED1A5B1FB6,2024-03-14,2024-03-14 10:14:17,CIPHER_CAPITAL_010,CORONA_CLEARING_096,8445.33,HKD,US,SG,structuring,37.0,0
E3010ACB9A0F5F20,2024-02-13,2024-02-13 05:52:20,ATLAS_BANCORP_122,AXIOM_PARTNERS_138,1985.94,AED,MT,VG,normal,2507.0,0
E305B6CBE1315CBE,2024-01-16,2024-01-16 18:12:53,NOVA_TRUST_161,ZENITH_FUND_047,17597.42,GBP,FR,DE,normal,5423.0,0
E30805BA386C465E,2024-06-22,2024-06-22 20:15:09,NOVA_TRUST_181,ATLAS_BANCORP_002,670.5,SGD,AE,DE,normal,859.0,0
E30B05E59BE7E1A2,2024-02-26,2024-02-26 10:20:40,ECLIPSE_HOLDINGS_089,ECLIPSE_HOLDINGS_189,3706.36,CHF,DE,MT,velocity_burst,8.0,0
E315222E19720D72,2024-01-22,2024-01-22 18:56:16,MERIDIAN_CAPITAL_180,QUANTUM_CLEARING_006,17395.6,USD,AE,FR,circular_flow,1640.0,0
E3227FCFA63C57BD,2024-01-22,2024-01-22 06:43:37,ECLIPSE_HOLDINGS_069,NOVA_TRUST_121,5872.72,GBP,AU,UK,velocity_burst,75.0,1
E339CFFC7FEF7256,2024-05-14,2024-05-14 02:20:23,ATLAS_BANCORP_122,NEXUS_TRUST_071,8252.84,EUR,FR,KY,structuring,36.0,0
E33A718BA0E9A7B8,2024-02-20,2024-02-20 13:57:56,MERIDIAN_CAPITAL_080,AXIOM_PARTNERS_178,306072.44,CHF,US,DE,normal,7931.0,0
E350453CA1B528B3,2024-02-11,2024-02-11 01:52:32,SOLARIS_FIN_023,ZENITH_FUND_107,9553.32,HKD,MT,DE,structuring,95.0,0
E3511F6285589D73,2024-02-08,2024-02-08 01:13:54,SOLARIS_FIN_043,SOLARIS_FIN_123,67478.85,SGD,AE,JP,normal,3113.0,0
E3530BC3A59FF720,2024-06-18,2024-06-18 19:15:40,HELIX_PAYMENTS_045,MERIDIAN_CAPITAL_160,1385.07,USD,FR,CY,normal,1398.0,0
E361CEF473D77D52,2024-03-14,2024-03-14 22:05:46,NOVA_TRUST_061,APEX_CREDIT_034,30819.97,GBP,PA,CY,normal,1169.0,0
E3A08DA1ACBD4B93,2024-03-18,2024-03-18 23:08:30,ECLIPSE_HOLDINGS_149,ATLAS_BANCORP_082,33459.58,AED,MT,UK,high_risk_jx,3970.0,0
E3A275A2E028B647,2024-01-14,2024-01-14 03:53:02,DELTA_BANCORP_092,ECLIPSE_HOLDINGS_029,2713.74,EUR,VG,UK,normal,1101.0,0
E3A5317F433A1143,2024-05-29,2024-05-29 09:53:22,NOVA_TRUST_181,AXIOM_PARTNERS_138,423640.63,USD,UK,PA,layering,14.0,0
E3A60B989A8A21A,2024-02-22,2024-02-22 14:48:59,PRIME_HOLDINGS_119,AXIOM_PARTNERS_058,55820.91,GBP,KY,LI,normal,7835.0,0
E3A6CFEBA0EA47D0,2024-04-21,2024-04-21 15:08:03,ECLIPSE_HOLDINGS_029,VERTEX_PAYMENTS_155,23201.32,SGD,FR,SG,normal,1167.0,0
E3A859CB997A2434,2024-04-14,2024-04-14 14:33:40,CIPHER_CAPITAL_130,AXIOM_PARTNERS_178,240.63,CHF,US,FR,normal,373.0,0
E3BFCE0EE2398E57,2024-03-09,2024-03-09 01:45:42,ZENITH_FUND_047,APEX_CREDIT_094,9438.4,SGD,LI,CY,structuring,157.0,0
E3ECFA2848FE774D,2024-03-15,2024-03-15 09:49:08,STRATUS_FUND_037,HELIX_PAYMENTS_065,9118.81,CHF,AE,UK,normal,5401.0,0
E3F5AA5A1DE1068C,2024-06-24,2024-06-24 10:08:10,NOVA_TRUST_101,MERIDIAN_CAPITAL_000,63463.51,EUR,LI,JP,normal,48.0,0
E40A60B325B491ED,2024-02-26,2024-02-26 02:59:14,AXIOM_PARTNERS_038,OMEGA_FIN_173,8913.09,GBP,SG,AU,velocity_burst,1.0,0
E421A50BD4EBE339,2024-04-23,2024-04-23 10:05:05,MERIDIAN_CAPITAL_040,PRIME_HOLDINGS_079,2393.92,SGD,KY,UK,normal,2715.0,0
E42B663CA49F4ECA,2024-03-10,2024-03-10 08:47:45,CIPHER_CAPITAL_070,NOVA_TRUST_021,143450.97,CHF,AE,KY,normal,6077.0,0
E43223F9D9583D76,2024-03-16,2024-03-16 05:12:39,ZENITH_FUND_087,SOLARIS_FIN_103,8475.79,HKD,PA,FR,structuring,87.0,1
E43D1E0BB710650C,2024-05-08,2024-05-08 17:33:00,QUANTUM_CLEARING_186,CORONA_CLEARING_196,9835.16,AED,AU,UK,structuring,100.0,0
E4436A34FA53465,2024-03-31,2024-03-31 08:11:05,HELIX_PAYMENTS_065,ZENITH_FUND_027,4903.58,CHF,UK,DE,velocity_burst,4.0,0
E44691E419C6C939,2024-01-26,2024-01-26 02:55:41,ZENITH_FUND_067,ZENITH_FUND_087,3627.08,CHF,KY,VG,normal,6514.0,0
E45F02B16EAD9652,2024-05-15,2024-05-15 12:10:23,CORONA_CLEARING_176,AXIOM_PARTNERS_098,6773.73,SGD,FR,LI,normal,5488.0,0
E472D36D5E668E6E,2024-01-26,2024-01-26 05:39:57,NEXUS_TRUST_011,OMEGA_FIN_153,120415.49,CHF,US,FR,normal,13.0,0
E480854EA0FBE05A,2024-05-04,2024-05-04 23:05:41,DELTA_BANCORP_112,SOLARIS_FIN_183,10432.75,CHF,FR,DE,normal,1495.0,0
E481A7BD64EF2999,2024-05-30,2024-05-30 21:27:22,CIPHER_CAPITAL_130,NEXUS_TRUST_131,8286.99,CHF,UK,SG,normal,26385.0,0
E48644A1296AA73C,2024-07-01,2024-07-01 01:38:11,ATLAS_BANCORP_042,MERIDIAN_CAPITAL_100,10161.19,HKD,VG,AU,normal,5595.0,0
E48E9538C30298CD,2024-04-21,2024-04-21 07:24:37,VORTEX_CREDIT_084,ZENITH_FUND_047,72326.76,SGD,AU,MT,normal,1393.0,0
E499460C49D61B74,2024-05-23,2024-05-23 10:02:38,OMEGA_FIN_113,ZENITH_FUND_147,3869.8,USD,AU,PA,normal,291.0,0
E49B37943D8DA449,2024-04-10,2024-04-10 07:53:36,OMEGA_FIN_193,OBSIDIAN_PARTNERS_108,10286.46,EUR,SG,AU,velocity_burst,24.0,1
E49E5234D603890D,2024-05-15,2024-05-15 14:43:06,MERIDIAN_CAPITAL_000,STRATUS_FUND_097,670513.1,SGD,VG,PA,normal,8285.0,0
E4AB340F364B9FD,2024-04-02,2024-04-02 22:53:47,VERTEX_PAYMENTS_035,AXIOM_PARTNERS_018,16253.57,SGD,KY,AU,circular_flow,615.0,0
E4B4470812D33FFA,2024-02-07,2024-02-07 15:09:04,CIPHER_CAPITAL_170,SOLARIS_FIN_123,3128.38,GBP,UK,UK,normal,3052.0,0
E4B4D3C357D14B46,2024-05-18,2024-05-18 01:59:38,ZENITH_FUND_167,OBSIDIAN_PARTNERS_068,24873.54,SGD,VG,UK,normal,3447.0,0
E4B8CD41F80D43ED,2024-05-13,2024-05-13 20:10:58,STRATUS_FUND_137,ECLIPSE_HOLDINGS_089,3263.95,EUR,KY,VG,normal,2496.0,0
E4BD33D2C317DF32,2024-06-13,2024-06-13 00:20:25,ECLIPSE_HOLDINGS_049,AXIOM_PARTNERS_158,17686.03,GBP,SG,FR,normal,17267.0,0
E4D1833A9A44BB5C,2024-04-24,2024-04-24 07:15:28,HELIX_PAYMENTS_145,VORTEX_CREDIT_104,12781.4,CHF,SG,FR,velocity_burst,2.0,1
E4DDC2463AD1CED2,2024-02-10,2024-02-10 21:27:17,VERTEX_PAYMENTS_195,HELIX_PAYMENTS_165,8014.2,AED,CY,KY,structuring,151.0,0
E4DFF413A3D06FB2,2024-01-06,2024-01-06 01:06:14,VERTEX_PAYMENTS_055,ECLIPSE_HOLDINGS_149,9778.47,AED,VG,LI,structuring,86.0,0
E4EC6D339E5C9D4E,2024-03-08,2024-03-08 15:53:14,OBSIDIAN_PARTNERS_048,DELTA_BANCORP_132,89132.12,USD,FR,LI,normal,6179.0,0
E4F34AC0250D5082,2024-06-17,2024-06-17 14:02:40,PRIME_HOLDINGS_179,CIPHER_CAPITAL_170,11999.78,GBP,AE,US,normal,1871.0,0
E4F51127D2FC5E8E,2024-06-15,2024-06-15 10:15:25,ATLAS_BANCORP_182,CORONA_CLEARING_136,12128.47,SGD,AE,AE,velocity_burst,5964.0,0
E503498A98A26CE1,2024-04-13,2024-04-13 13:41:43,OMEGA_FIN_133,HELIX_PAYMENTS_085,27450.86,HKD,CY,AE,circular_flow,248.0,0
E506984D80EF9F4,2024-05-24,2024-05-24 01:09:25,CIPHER_CAPITAL_030,ATLAS_BANCORP_102,8955.53,CHF,AU,AU,structuring,22.0,0
E52A73AABD862F8B,2024-04-13,2024-04-13 07:05:31,PRIME_HOLDINGS_179,AXIOM_PARTNERS_038,51112.16,EUR,DE,KY,circular_flow,689.0,0
E531A8434A7B2FC9,2024-03-18,2024-03-18 03:20:11,HELIX_PAYMENTS_105,VERTEX_PAYMENTS_095,9636.63,EUR,UK,JP,normal,3746.0,0
E542E468D1CCBBC4,2024-04-15,2024-04-15 04:37:44,CIPHER_CAPITAL_010,VERTEX_PAYMENTS_175,8700.11,EUR,VG,FR,structuring,11.0,0
E549260449CD87CC,2024-05-16,2024-05-16 18:37:35,AXIOM_PARTNERS_158,CIPHER_CAPITAL_130,9085.27,CHF,DE,DE,structuring,44.0,0
E54E9DC08FCCF513,2024-01-01,2024-01-01 09:21:03,PRIME_HOLDINGS_039,ZENITH_FUND_047,420.67,HKD,LI,PA,normal,2365.0,0
E55174A0EB83A480,2024-06-17,2024-06-17 20:38:29,AXIOM_PARTNERS_098,DELTA_BANCORP_072,6628.74,CHF,KY,AE,normal,954.0,0
E559EED69561991C,2024-01-02,2024-01-02 23:33:55,QUANTUM_CLEARING_166,VORTEX_CREDIT_064,70.22,HKD,PA,FR,normal,14030.0,0
E55ED2F723DC8C8A,2024-03-25,2024-03-25 00:40:28,SOLARIS_FIN_183,VORTEX_CREDIT_124,261.67,EUR,VG,MT,normal,3495.0,0
E563A3B05FE029D4,2024-05-15,2024-05-15 10:33:06,QUANTUM_CLEARING_166,APEX_CREDIT_074,11269.05,CHF,KY,PA,velocity_burst,2.0,0
E572A81816B5198F,2024-02-25,2024-02-25 02:41:59,ATLAS_BANCORP_042,VERTEX_PAYMENTS_155,16174.73,GBP,PA,KY,normal,10097.0,0
E5893784F6956DC7,2024-05-31,2024-05-31 16:53:27,MERIDIAN_CAPITAL_000,AXIOM_PARTNERS_158,9838.36,EUR,PA,PA,structuring,76.0,1
E595EE24E663CDA7,2024-04-18,2024-04-18 22:23:08,APEX_CREDIT_054,MERIDIAN_CAPITAL_020,6500.53,USD,SG,DE,velocity_burst,0.0,1
E5A2CC2119ED8594,2024-05-09,2024-05-09 17:36:31,NOVA_TRUST_141,NOVA_TRUST_081,335124.01,AED,KY,US,layering,2074.0,0
E5A8FDA06BB6BD5E,2024-02-04,2024-02-04 18:14:47,SOLARIS_FIN_143,APEX_CREDIT_154,44617.08,EUR,DE,UK,normal,1089.0,0
E5B0AC8291BEC096,2024-06-14,2024-06-14 23:34:13,STRATUS_FUND_197,QUANTUM_CLEARING_146,8571.84,GBP,LI,JP,structuring,9084.0,0
E5F28EE98422D0F2,2024-04-14,2024-04-14 22:20:36,NEXUS_TRUST_051,QUANTUM_CLEARING_046,176190.02,HKD,MT,AE,high_risk_jx,287.0,0
E6030607D6E25B21,2024-04-02,2024-04-02 09:53:49,QUANTUM_CLEARING_126,SOLARIS_FIN_003,154404.28,USD,FR,PA,normal,4726.0,0
E60F0235D061822E,2024-05-29,2024-05-29 09:55:18,NOVA_TRUST_001,PRIME_HOLDINGS_179,382335.67,AED,PA,VG,layering,116.0,0
E61C24736EFB2735,2024-06-06,2024-06-06 09:26:35,CIPHER_CAPITAL_030,OMEGA_FIN_173,12675.57,AED,PA,UK,normal,2019.0,0
E6214A29ED65E2E5,2024-02-06,2024-02-06 18:40:15,NOVA_TRUST_021,STRATUS_FUND_017,2410.93,GBP,PA,AE,normal,7554.0,0
E64AD7808E176B47,2024-04-24,2024-04-24 07:16:07,HELIX_PAYMENTS_145,STRATUS_FUND_017,11306.82,EUR,KY,PA,velocity_burst,26.0,1
E64E884EEC73BCE,2024-05-28,2024-05-28 23:27:08,MERIDIAN_CAPITAL_040,DELTA_BANCORP_112,968.29,EUR,UK,LI,normal,6157.0,0
E6510EEC9C76612F,2024-04-18,2024-04-18 22:21:34,APEX_CREDIT_054,CIPHER_CAPITAL_130,7984.15,GBP,FR,JP,velocity_burst,1.0,0
E667209A9AE13CB7,2024-03-01,2024-03-01 10:03:21,ZENITH_FUND_107,NEXUS_TRUST_071,9202.85,CHF,JP,LI,normal,1380.0,0
E6748AE4DD290174,2024-06-25,2024-06-25 03:20:06,ATLAS_BANCORP_002,STRATUS_FUND_097,165906.1,HKD,SG,MT,normal,1105.0,0
E6758C36FD803533,2024-06-11,2024-06-11 20:37:13,QUANTUM_CLEARING_126,CORONA_CLEARING_196,166545.04,GBP,PA,MT,layering,164.0,0
E67B3E5249680E06,2024-01-03,2024-01-03 05:50:24,AXIOM_PARTNERS_118,ZENITH_FUND_127,12377.26,EUR,JP,DE,velocity_burst,2776.0,0
E6AE53728EF44EBD,2024-02-25,2024-02-25 19:27:50,CIPHER_CAPITAL_150,NOVA_TRUST_001,8459.58,EUR,VG,AE,structuring,26.0,1
E6CB40FF2B4E42AF,2024-06-08,2024-06-08 20:02:21,CORONA_CLEARING_116,OMEGA_FIN_173,85160.91,CHF,LI,MT,normal,1970.0,0
E6CBB85558B6B62D,2024-04-14,2024-04-14 16:08:24,QUANTUM_CLEARING_106,SOLARIS_FIN_003,9477.91,EUR,VG,LI,structuring,94.0,0
E6D9C9EC743A6222,2024-06-01,2024-06-01 00:45:43,STRATUS_FUND_117,DELTA_BANCORP_052,363769.75,AED,MT,JP,high_risk_jx,8292.0,0
E705AA797D381E83,2024-06-25,2024-06-25 11:11:07,VORTEX_CREDIT_044,VERTEX_PAYMENTS_115,12575.41,AED,CY,MT,normal,16722.0,0
E707F30D3888AF28,2024-06-16,2024-06-16 01:26:48,ZENITH_FUND_067,NEXUS_TRUST_031,9979.04,SGD,KY,US,velocity_burst,35.0,0
E70D33D42166CC41,2024-02-14,2024-02-14 12:59:23,SOLARIS_FIN_163,VORTEX_CREDIT_064,4437.41,SGD,MT,AE,velocity_burst,12.0,1
E711B7BC84E8F7D8,2024-02-17,2024-02-17 10:16:17,ECLIPSE_HOLDINGS_169,ATLAS_BANCORP_042,9434.69,CHF,KY,CY,structuring,167.0,1
E732DFDFF65FB603,2024-05-18,2024-05-18 16:32:35,STRATUS_FUND_017,HELIX_PAYMENTS_045,8473.6,HKD,DE,AE,structuring,40.0,0
E73A7E58D568E5CE,2024-05-22,2024-05-22 05:01:27,DELTA_BANCORP_192,ATLAS_BANCORP_162,5109.33,USD,SG,VG,velocity_burst,2.0,0
E7473EEFB98F692C,2024-06-19,2024-06-19 19:58:48,CIPHER_CAPITAL_190,OBSIDIAN_PARTNERS_048,40490.65,USD,PA,AE,circular_flow,4012.0,0
E75ED3EDFCD64FB5,2024-01-11,2024-01-11 21:21:09,HELIX_PAYMENTS_045,SOLARIS_FIN_103,44565.07,SGD,SG,PA,normal,84.0,0
E76967B4BC20B66,2024-01-18,2024-01-18 01:36:27,HELIX_PAYMENTS_005,MERIDIAN_CAPITAL_100,157104.94,SGD,JP,DE,circular_flow,6235.0,0
E774279DEE1472EA,2024-05-02,2024-05-02 04:00:53,CIPHER_CAPITAL_090,STRATUS_FUND_057,3407.54,EUR,AE,AE,velocity_burst,7632.0,0
E795C97A8BCDA354,2024-02-06,2024-02-06 05:32:33,AXIOM_PARTNERS_178,QUANTUM_CLEARING_006,9439.18,EUR,MT,JP,velocity_burst,23.0,1
E798C8AF6DA8E0B4,2024-03-04,2024-03-04 21:02:36,QUANTUM_CLEARING_026,NEXUS_TRUST_191,7082.1,HKD,DE,CY,normal,855.0,0
E7AA94B1E6D49182,2024-06-12,2024-06-12 05:27:46,OBSIDIAN_PARTNERS_168,ZENITH_FUND_187,274.25,HKD,US,UK,normal,2315.0,0
E7B3C8A84FF647A1,2024-05-02,2024-05-02 18:41:53,SOLARIS_FIN_003,OMEGA_FIN_153,961.21,GBP,JP,AU,normal,3004.0,0
E7B51C743359FE7F,2024-04-17,2024-04-17 03:52:52,QUANTUM_CLEARING_126,APEX_CREDIT_114,1964.0,AED,AE,VG,normal,6893.0,0
E7C1DDE8F2DE9DE1,2024-05-13,2024-05-13 17:35:52,SOLARIS_FIN_123,DELTA_BANCORP_032,671.63,CHF,MT,JP,normal,1797.0,0
E7D62BA559C85E33,2024-06-15,2024-06-15 10:18:32,ATLAS_BANCORP_182,APEX_CREDIT_114,9178.93,EUR,FR,US,velocity_burst,7.0,1
E7DD0AC1A04CF91C,2024-07-02,2024-07-02 14:14:18,ECLIPSE_HOLDINGS_029,ATLAS_BANCORP_182,52166.95,SGD,DE,UK,normal,3794.0,0
E7FBD8D0F39C788E,2024-01-27,2024-01-27 19:56:03,NOVA_TRUST_081,PRIME_HOLDINGS_119,45672.74,EUR,AE,KY,layering,2180.0,0
E7FEB150E0784B5,2024-06-12,2024-06-12 14:52:31,CIPHER_CAPITAL_190,MERIDIAN_CAPITAL_020,61669.68,GBP,FR,KY,circular_flow,198.0,0
E805E137DA4EE5E1,2024-01-13,2024-01-13 23:35:53,DELTA_BANCORP_012,ECLIPSE_HOLDINGS_009,12922.37,SGD,AU,LI,velocity_burst,12444.0,0
E82E37AEC6152DEF,2024-01-30,2024-01-30 21:37:05,APEX_CREDIT_014,NEXUS_TRUST_051,10326.65,AED,DE,MT,normal,15055.0,0
E838F6E3D9A642F6,2024-04-10,2024-04-10 07:54:51,OMEGA_FIN_193,NEXUS_TRUST_051,14991.1,HKD,KY,VG,velocity_burst,51.0,1
E8414209E671FB66,2024-01-13,2024-01-13 23:36:42,DELTA_BANCORP_012,MERIDIAN_CAPITAL_080,1304.16,SGD,UK,UK,velocity_burst,16.0,0
E8592AC8E45170E3,2024-02-15,2024-02-15 21:23:09,QUANTUM_CLEARING_086,CIPHER_CAPITAL_090,12744.61,GBP,FR,AE,velocity_burst,2.0,0
E85A15952A1B7400,2024-04-11,2024-04-11 13:10:56,HELIX_PAYMENTS_125,OBSIDIAN_PARTNERS_068,22820.13,SGD,US,JP,normal,1731.0,0
E871291D4851C75B,2024-05-01,2024-05-01 11:30:53,PRIME_HOLDINGS_159,NOVA_TRUST_141,62885.32,USD,SG,SG,circular_flow,503.0,0
E875696C5A2F16E9,2024-02-03,2024-02-03 20:48:02,ECLIPSE_HOLDINGS_089,ATLAS_BANCORP_062,155578.02,USD,PA,CY,normal,927.0,0
E884B6792D0159CD,2024-06-13,2024-06-13 21:59:56,ECLIPSE_HOLDINGS_129,HELIX_PAYMENTS_105,253784.47,EUR,VG,DE,layering,394.0,0
E888C890434FD401,2024-02-06,2024-02-06 14:31:03,VORTEX_CREDIT_084,CIPHER_CAPITAL_070,14733.47,HKD,US,AE,normal,10582.0,0
E8A13F0A86786B26,2024-06-18,2024-06-18 06:03:07,CORONA_CLEARING_176,QUANTUM_CLEARING_026,383856.82,SGD,DE,JP,normal,910.0,0
E8ABF85CC4CB69D6,2024-02-14,2024-02-14 12:51:02,CORONA_CLEARING_076,CIPHER_CAPITAL_150,104318.99,HKD,US,KY,normal,1449.0,0
E8B43CBC87A0A0E5,2024-02-10,2024-02-10 05:05:22,VORTEX_CREDIT_084,SOLARIS_FIN_183,168028.21,USD,SG,SG,normal,16214.0,0
E8B63F4297EDFDEA,2024-06-11,2024-06-11 09:19:55,SOLARIS_FIN_103,QUANTUM_CLEARING_026,392272.16,USD,SG,AE,layering,535.0,0
E8BA4B969313FFB,2024-02-05,2024-02-05 18:27:23,ATLAS_BANCORP_002,SOLARIS_FIN_103,5665.59,USD,KY,CY,velocity_burst,31.0,1
E8BCF8D85D3F906A,2024-05-21,2024-05-21 06:16:11,CORONA_CLEARING_076,OMEGA_FIN_113,415308.93,AED,MT,MT,normal,20283.0,0
E8D64F04DECF832B,2024-02-18,2024-02-18 06:20:00,DELTA_BANCORP_072,OBSIDIAN_PARTNERS_148,12434.25,USD,MT,MT,velocity_burst,0.0,1
E8D914761CE8886,2024-04-29,2024-04-29 18:09:47,OMEGA_FIN_073,MERIDIAN_CAPITAL_040,314395.94,CHF,DE,PA,normal,936.0,0
E8E3915BAD27C86F,2024-02-10,2024-02-10 05:27:52,ZENITH_FUND_187,PRIME_HOLDINGS_179,14042.3,GBP,CY,DE,velocity_burst,114.0,1
E8ED34F9A8E4A106,2024-01-27,2024-01-27 00:37:39,DELTA_BANCORP_052,AXIOM_PARTNERS_118,4682.72,GBP,MT,VG,normal,1894.0,0
E908F7DFFCB3B377,2024-06-10,2024-06-10 01:02:52,OBSIDIAN_PARTNERS_048,ATLAS_BANCORP_102,8381.19,AED,VG,DE,normal,460.0,0
E90CA7C0338C07DA,2024-06-29,2024-06-29 00:30:42,ATLAS_BANCORP_082,APEX_CREDIT_034,1291.93,GBP,UK,FR,velocity_burst,6.0,0
E9101DC9F2F37B9C,2024-01-16,2024-01-16 01:25:51,DELTA_BANCORP_132,ATLAS_BANCORP_162,105995.71,AED,PA,AE,layering,196.0,0
E910C8796E0C4923,2024-01-10,2024-01-10 13:35:38,PRIME_HOLDINGS_179,STRATUS_FUND_057,34452.74,CHF,US,US,normal,248.0,0
E912F9289BE4B97E,2024-02-13,2024-02-13 12:17:54,DELTA_BANCORP_032,QUANTUM_CLEARING_046,62543.48,USD,UK,JP,circular_flow,5929.0,0
E93CDA16203A1350,2024-03-31,2024-03-31 08:13:28,HELIX_PAYMENTS_065,ECLIPSE_HOLDINGS_169,14694.8,AED,DE,KY,velocity_burst,27.0,1
E94CE9F06BF1F46B,2024-06-24,2024-06-24 09:42:16,STRATUS_FUND_017,VERTEX_PAYMENTS_175,808.06,HKD,AU,CY,normal,15131.0,0
E95369FD939F1D3C,2024-05-10,2024-05-10 07:31:19,VORTEX_CREDIT_184,NOVA_TRUST_181,14604.19,USD,AE,AU,velocity_burst,5.0,1
E956CD1E102D975E,2024-05-12,2024-05-12 19:19:01,OMEGA_FIN_093,VERTEX_PAYMENTS_055,471018.47,GBP,PA,VG,layering,137.0,0
E95DA764410058AE,2024-07-04,2024-07-04 02:59:07,HELIX_PAYMENTS_125,DELTA_BANCORP_152,32318.97,USD,KY,UK,normal,9857.0,0
E95E5D45A5A2B49,2024-06-19,2024-06-19 22:38:19,OMEGA_FIN_093,ECLIPSE_HOLDINGS_169,14224.91,EUR,UK,DE,normal,543.0,0
E97891BE2B6790F2,2024-05-06,2024-05-06 23:20:49,SOLARIS_FIN_123,STRATUS_FUND_137,4919.07,AED,JP,SG,normal,6214.0,0
E97CD7A614957B76,2024-02-14,2024-02-14 15:50:09,NEXUS_TRUST_091,VERTEX_PAYMENTS_115,11536.13,AED,VG,PA,velocity_burst,18.0,0
E981CF8DC95357D,2024-01-29,2024-01-29 17:47:28,ZENITH_FUND_067,DELTA_BANCORP_052,5389.89,HKD,VG,FR,normal,7428.0,0
E99ECA5FF9961396,2024-01-13,2024-01-13 23:40:42,DELTA_BANCORP_012,VORTEX_CREDIT_124,13975.17,HKD,DE,KY,velocity_burst,29.0,0
E9AE62CFDFBD63AB,2024-05-24,2024-05-24 23:45:49,NOVA_TRUST_181,AXIOM_PARTNERS_198,3777.26,CHF,US,US,normal,8786.0,0
E9E5FDBBCA1F72C9,2024-02-06,2024-02-06 05:31:21,AXIOM_PARTNERS_178,STRATUS_FUND_157,5959.45,HKD,PA,KY,velocity_burst,5.0,0
EA01B3CFA6F445C2,2024-06-04,2024-06-04 06:42:08,MERIDIAN_CAPITAL_000,PRIME_HOLDINGS_019,249075.26,CHF,FR,AU,normal,10092.0,0
EA132200D83065DF,2024-05-29,2024-05-29 08:40:43,HELIX_PAYMENTS_085,SOLARIS_FIN_063,2269.08,EUR,KY,AU,velocity_burst,68.0,1
EA361D9869ED313E,2024-07-06,2024-07-06 16:26:35,CIPHER_CAPITAL_150,MERIDIAN_CAPITAL_040,4902.64,AED,MT,PA,velocity_burst,4354.0,0
EA39716DBC099500,2024-02-17,2024-02-17 18:52:14,MERIDIAN_CAPITAL_080,OBSIDIAN_PARTNERS_028,151752.78,EUR,LI,PA,normal,977.0,0
EA40B11BAF346BD,2024-04-14,2024-04-14 08:42:09,AXIOM_PARTNERS_018,CORONA_CLEARING_156,7712.8,SGD,LI,LI,normal,13118.0,0
EA45FD37C0CA1D5C,2024-03-09,2024-03-09 23:17:34,ZENITH_FUND_007,OMEGA_FIN_153,159461.31,CHF,US,US,normal,3909.0,0
EA4A2A111A004E27,2024-06-09,2024-06-09 07:29:55,OMEGA_FIN_013,NEXUS_TRUST_051,1741.11,SGD,UK,VG,normal,1062.0,0
EA566C5A7E0D37FD,2024-06-05,2024-06-05 14:16:07,PRIME_HOLDINGS_079,APEX_CREDIT_134,199510.07,HKD,MT,UK,normal,13661.0,0
EA5A2AF153DFF91C,2024-01-04,2024-01-04 22:12:09,MERIDIAN_CAPITAL_160,APEX_CREDIT_194,45142.51,GBP,PA,VG,normal,822.0,0
EA5BDEE6143B02B5,2024-05-17,2024-05-17 08:54:32,APEX_CREDIT_154,MERIDIAN_CAPITAL_120,9412.08,SGD,KY,DE,normal,23763.0,0
EA5D7BD4631B3524,2024-03-22,2024-03-22 19:28:27,NOVA_TRUST_181,NEXUS_TRUST_171,3121.29,EUR,UK,AE,velocity_burst,4.0,0
EA6BEF11320CEA31,2024-05-09,2024-05-09 18:20:47,OMEGA_FIN_113,ZENITH_FUND_107,10723.16,USD,MT,PA,normal,2656.0,0
EA6C39E148FAE617,2024-07-03,2024-07-03 14:26:33,AXIOM_PARTNERS_198,NEXUS_TRUST_151,36864.85,GBP,AU,US,normal,1059.0,0
EA8A732C660EB4A6,2024-01-20,2024-01-20 06:53:26,NEXUS_TRUST_151,PRIME_HOLDINGS_119,9016.02,CHF,MT,CY,velocity_burst,29.0,0
EA93FC56D42D76E3,2024-02-22,2024-02-22 08:26:24,HELIX_PAYMENTS_005,VERTEX_PAYMENTS_135,688.79,EUR,LI,CY,velocity_burst,18.0,1
EA95B2E4BBD7E2CC,2024-02-06,2024-02-06 02:34:43,VORTEX_CREDIT_044,PRIME_HOLDINGS_019,15452.95,AED,MT,VG,normal,19171.0,0
EAA286CEEBDDC607,2024-04-24,2024-04-24 07:17:41,HELIX_PAYMENTS_145,PRIME_HOLDINGS_119,12883.28,SGD,MT,US,velocity_burst,36.0,1
EAD038E3C1DFD0BF,2024-04-09,2024-04-09 01:23:09,AXIOM_PARTNERS_018,VORTEX_CREDIT_044,10354.73,EUR,MT,AU,velocity_burst,9.0,0
EAD24BD742435BBD,2024-01-23,2024-01-23 00:21:39,CIPHER_CAPITAL_090,CIPHER_CAPITAL_110,8703.16,AED,KY,VG,structuring,135.0,0
EAD534DA75E2662B,2024-03-05,2024-03-05 09:46:08,AXIOM_PARTNERS_098,PRIME_HOLDINGS_059,110.67,HKD,SG,FR,normal,3194.0,0
EADECBB6FB1384,2024-04-17,2024-04-17 21:39:41,APEX_CREDIT_054,NOVA_TRUST_161,8231.31,EUR,SG,FR,structuring,309.0,0
EAE97A6A1D525CA9,2024-01-12,2024-01-12 17:15:03,NOVA_TRUST_141,NOVA_TRUST_061,8837.34,SGD,AU,SG,structuring,1977.0,0
EAF9734E88459960,2024-02-08,2024-02-08 08:48:18,ECLIPSE_HOLDINGS_169,ATLAS_BANCORP_142,9071.67,EUR,LI,AE,structuring,466.0,0
EB034ECAD730197B,2024-05-20,2024-05-20 09:49:37,ECLIPSE_HOLDINGS_049,NEXUS_TRUST_071,12264.07,CHF,MT,KY,normal,5647.0,0
EB1764141D841049,2024-03-19,2024-03-19 08:47:36,STRATUS_FUND_137,SOLARIS_FIN_083,9582.9,GBP,MT,UK,structuring,19.0,1
EB230951C26C3010,2024-06-29,2024-06-29 06:38:57,OMEGA_FIN_133,CORONA_CLEARING_056,78782.33,HKD,US,DE,normal,7495.0,0
EB243B57C47BE8D3,2024-07-03,2024-07-03 21:21:56,STRATUS_FUND_117,OMEGA_FIN_133,8940.45,SGD,LI,US,structuring,336.0,1
EB2AF72568F1B54A,2024-07-04,2024-07-04 03:29:52,PRIME_HOLDINGS_119,STRATUS_FUND_177,5887.13,SGD,MT,AE,normal,455.0,0
EB3291E4B8E540F5,2024-05-31,2024-05-31 21:34:34,ATLAS_BANCORP_122,CIPHER_CAPITAL_010,188963.92,AED,AE,PA,normal,8187.0,0
EB4109D594846506,2024-06-12,2024-06-12 16:29:39,DELTA_BANCORP_092,HELIX_PAYMENTS_005,57586.03,GBP,PA,SG,normal,5828.0,0
EB4E10F18173D02E,2024-01-09,2024-01-09 14:06:31,NOVA_TRUST_021,STRATUS_FUND_057,9731.69,AED,JP,UK,structuring,278.0,0
EB4F6634CE190388,2024-03-31,2024-03-31 08:14:38,HELIX_PAYMENTS_065,NEXUS_TRUST_151,14225.77,SGD,UK,PA,velocity_burst,39.0,1
EB52656B1AD075D,2024-04-17,2024-04-17 01:57:59,ATLAS_BANCORP_182,ECLIPSE_HOLDINGS_189,3496.64,EUR,LI,PA,normal,10643.0,0
EB8587238497A66D,2024-01-22,2024-01-22 06:39:51,ECLIPSE_HOLDINGS_069,HELIX_PAYMENTS_145,12389.94,SGD,FR,MT,velocity_burst,5.0,0
EB8ADDC77B773FAA,2024-07-02,2024-07-02 02:33:27,DELTA_BANCORP_072,STRATUS_FUND_137,119264.21,USD,LI,AE,normal,14276.0,0
EBB53BBED6FCBAE,2024-04-26,2024-04-26 09:33:03,HELIX_PAYMENTS_145,PRIME_HOLDINGS_059,76916.43,EUR,AE,CY,normal,15749.0,0
EBBAF1ED31B10803,2024-03-28,2024-03-28 21:39:13,MERIDIAN_CAPITAL_140,HELIX_PAYMENTS_165,57909.44,EUR,MT,US,normal,2365.0,0
EBBD31396B4063A9,2024-05-28,2024-05-28 20:41:28,STRATUS_FUND_157,ECLIPSE_HOLDINGS_189,143844.41,EUR,LI,AE,layering,655.0,0
EBC1A47512E45CD5,2024-06-22,2024-06-22 03:53:04,OMEGA_FIN_053,QUANTUM_CLEARING_166,22987.69,EUR,CY,KY,normal,1070.0,0
EBC44A51589431A9,2024-03-10,2024-03-10 03:46:08,AXIOM_PARTNERS_138,ATLAS_BANCORP_082,120431.08,EUR,KY,VG,normal,3401.0,0
EBC91D67B2C31D53,2024-01-27,2024-01-27 15:27:58,VERTEX_PAYMENTS_015,CORONA_CLEARING_096,8254.74,SGD,SG,VG,structuring,20.0,0
EBD0DE5BF52E6E38,2024-06-13,2024-06-13 05:19:15,ECLIPSE_HOLDINGS_049,SOLARIS_FIN_183,118984.91,GBP,MT,JP,layering,282.0,0
EBD15A08F6E2CF1E,2024-04-09,2024-04-09 07:47:59,APEX_CREDIT_194,SOLARIS_FIN_123,8969.66,AED,FR,DE,structuring,248.0,0
EBD8633241F1D4CF,2024-06-27,2024-06-27 13:57:47,DELTA_BANCORP_052,OMEGA_FIN_093,5683.6,USD,US,FR,normal,1140.0,0
EBE655D1244C9E4C,2024-02-09,2024-02-09 17:27:38,AXIOM_PARTNERS_098,VORTEX_CREDIT_044,810.8,USD,DE,AU,velocity_burst,108.0,1
EBE93B2CB455C287,2024-03-01,2024-03-01 11:59:44,VORTEX_CREDIT_144,NEXUS_TRUST_151,79547.51,SGD,US,US,normal,2939.0,0
EBF1E1E766A5DBD0,2024-05-01,2024-05-01 11:09:55,APEX_CREDIT_174,PRIME_HOLDINGS_159,74102.27,GBP,PA,US,circular_flow,12750.0,0
EBF681E71C8F4645,2024-04-05,2024-04-05 19:01:18,HELIX_PAYMENTS_065,STRATUS_FUND_177,8293.11,AED,CY,KY,structuring,1796.0,0
EBFA80828747B83A,2024-06-30,2024-06-30 17:52:58,NEXUS_TRUST_011,QUANTUM_CLEARING_126,57109.5,CHF,SG,JP,normal,7402.0,0
EC3185F11E26241A,2024-01-10,2024-01-10 06:44:36,STRATUS_FUND_057,NOVA_TRUST_181,9090.16,SGD,KY,FR,structuring,291.0,0
EC4933EDAAFC6D1F,2024-01-23,2024-01-23 20:07:22,ECLIPSE_HOLDINGS_049,CORONA_CLEARING_036,25513.12,EUR,US,MT,normal,16020.0,0
EC5DF03C26148FCD,2024-01-05,2024-01-05 19:33:55,CORONA_CLEARING_076,ECLIPSE_HOLDINGS_089,340219.09,CHF,US,MT,layering,504.0,0
EC6B79A267B430EB,2024-02-04,2024-02-04 13:35:45,NEXUS_TRUST_151,VERTEX_PAYMENTS_075,426734.75,GBP,LI,FR,layering,414.0,0
EC6E1F75CF0BE2ED,2024-01-28,2024-01-28 13:37:13,OBSIDIAN_PARTNERS_008,MERIDIAN_CAPITAL_180,14575.88,SGD,AE,JP,velocity_burst,2.0,1
EC7312AA53B3E0D6,2024-05-30,2024-05-30 08:53:54,VERTEX_PAYMENTS_095,HELIX_PAYMENTS_145,17810.64,GBP,AE,VG,normal,4140.0,0
EC831316EA6934AB,2024-02-17,2024-02-17 00:57:57,ZENITH_FUND_107,NOVA_TRUST_041,839.08,HKD,US,UK,normal,9110.0,0
EC84F299EE0A7522,2024-01-01,2024-01-01 22:49:48,HELIX_PAYMENTS_085,ECLIPSE_HOLDINGS_149,12636.04,SGD,LI,CY,velocity_burst,5.0,0
EC84F8F4D6D71E3E,2024-02-22,2024-02-22 08:25:39,HELIX_PAYMENTS_005,ZENITH_FUND_167,619.2,GBP,DE,KY,velocity_burst,2452.0,0
EC8D95E53AF93D67,2024-02-26,2024-02-26 03:03:03,AXIOM_PARTNERS_038,DELTA_BANCORP_032,13807.1,EUR,VG,KY,velocity_burst,59.0,1
EC949F8A6E82BD3B,2024-03-07,2024-03-07 23:45:03,VORTEX_CREDIT_084,NEXUS_TRUST_151,38565.69,SGD,KY,MT,normal,6782.0,0
EC97C1E664CD38AC,2024-07-05,2024-07-05 02:52:45,ATLAS_BANCORP_002,VORTEX_CREDIT_144,312597.71,HKD,CY,AE,layering,275.0,0
ECC267BD3BB47F10,2024-04-08,2024-04-08 16:56:27,MERIDIAN_CAPITAL_020,DELTA_BANCORP_012,9590.56,SGD,CY,PA,structuring,2689.0,0
ECC2DE68359A753F,2024-04-13,2024-04-13 19:19:08,PRIME_HOLDINGS_179,HELIX_PAYMENTS_045,343882.35,CHF,AE,FR,normal,10906.0,0
ECC81C89566CF299,2024-03-05,2024-03-05 03:56:21,PRIME_HOLDINGS_139,OBSIDIAN_PARTNERS_128,6938.45,HKD,AU,FR,velocity_burst,6.0,0
ECDB234A10706DBA,2024-06-23,2024-06-23 20:30:23,OMEGA_FIN_093,OBSIDIAN_PARTNERS_068,5105.76,GBP,SG,VG,circular_flow,1972.0,0
ECED378ACF831347,2024-01-17,2024-01-17 14:50:29,VERTEX_PAYMENTS_095,VORTEX_CREDIT_084,8040.92,GBP,MT,LI,structuring,11250.0,0
ECF6B4CD9DDE3051,2024-04-25,2024-04-25 17:07:27,AXIOM_PARTNERS_058,DELTA_BANCORP_052,11800.99,EUR,CY,LI,velocity_burst,60.0,1
ED00C4F14702107C,2024-06-03,2024-06-03 07:09:00,DELTA_BANCORP_132,SOLARIS_FIN_103,2417045.03,GBP,FR,AE,normal,3316.0,0
ED24CAC9BE191BA5,2024-05-17,2024-05-17 10:28:45,NEXUS_TRUST_111,NEXUS_TRUST_071,21080.48,AED,MT,FR,normal,2185.0,0
ED2826566E09A797,2024-03-30,2024-03-30 15:21:04,QUANTUM_CLEARING_106,QUANTUM_CLEARING_066,8601.19,CHF,VG,JP,structuring,201.0,0
ED3802B88CA3615D,2024-03-31,2024-03-31 08:18:01,HELIX_PAYMENTS_065,CIPHER_CAPITAL_150,1040.71,EUR,AE,AE,velocity_burst,203.0,1
ED43A7465D49C43C,2024-07-04,2024-07-04 11:32:45,QUANTUM_CLEARING_186,AXIOM_PARTNERS_018,84279.41,EUR,AE,CY,normal,14459.0,0
ED4BDC639A57E740,2024-02-13,2024-02-13 10:01:51,PRIME_HOLDINGS_179,ECLIPSE_HOLDINGS_029,602.03,AED,PA,DE,normal,1355.0,0
ED58995EDF9D7B7,2024-06-04,2024-06-04 01:27:01,CORONA_CLEARING_036,CIPHER_CAPITAL_190,2339.75,HKD,VG,PA,velocity_burst,1.0,0
ED6A44799ABAD5D,2024-06-02,2024-06-02 15:27:28,APEX_CREDIT_194,STRATUS_FUND_117,230961.39,AED,AE,VG,high_risk_jx,977.0,0
ED7D992BD6857B25,2024-02-19,2024-02-19 09:35:57,CORONA_CLEARING_196,STRATUS_FUND_137,8657.04,AED,US,DE,velocity_burst,20.0,1
ED8AA19412C02F61,2024-03-07,2024-03-07 06:08:32,HELIX_PAYMENTS_045,OMEGA_FIN_193,33543.62,GBP,AE,UK,normal,779.0,0
ED90EB4D59B4366F,2024-05-09,2024-05-09 17:01:57,ATLAS_BANCORP_142,NOVA_TRUST_181,371328.55,EUR,VG,AE,layering,145.0,0
ED9112EAAEDE3D91,2024-07-03,2024-07-03 03:38:59,ZENITH_FUND_047,DELTA_BANCORP_012,92156.26,CHF,DE,LI,normal,9678.0,0
ED952EBFEC352BB1,2024-03-02,2024-03-02 02:02:58,OBSIDIAN_PARTNERS_108,OBSIDIAN_PARTNERS_168,868.02,SGD,PA,FR,normal,2082.0,0
EDA09957342BD7E8,2024-02-27,2024-02-27 12:35:21,ZENITH_FUND_167,APEX_CREDIT_054,9832.54,HKD,DE,US,normal,2465.0,0
EDC6C72E671CD1E0,2024-07-03,2024-07-03 14:08:54,NOVA_TRUST_101,APEX_CREDIT_034,8351.14,HKD,LI,AU,normal,6998.0,0
EDC8B002AB6D84EB,2024-06-05,2024-06-05 04:25:55,DELTA_BANCORP_052,CORONA_CLEARING_016,233964.65,GBP,UK,DE,normal,282.0,0
EDCF0A57932775EB,2024-02-05,2024-02-05 19:10:45,NOVA_TRUST_061,PRIME_HOLDINGS_119,1923.87,SGD,PA,PA,normal,2477.0,0
EDE05D8D596B0CE6,2024-06-26,2024-06-26 00:15:06,STRATUS_FUND_177,NOVA_TRUST_081,23735.38,SGD,PA,SG,normal,18165.0,0
EE07A1729B56AE38,2024-03-22,2024-03-22 14:39:04,SOLARIS_FIN_143,CORONA_CLEARING_096,35914.02,EUR,LI,VG,normal,1458.0,0
EE08359827F176A3,2024-02-27,2024-02-27 23:39:14,VERTEX_PAYMENTS_075,CIPHER_CAPITAL_130,9330.48,EUR,VG,PA,structuring,106.0,1
EE272FF87C089DEA,2024-02-10,2024-02-10 05:20:49,ZENITH_FUND_187,CIPHER_CAPITAL_030,7598.49,AED,CY,UK,velocity_burst,11.0,0
EE419D8A600EB832,2024-04-25,2024-04-25 04:06:06,CORONA_CLEARING_036,SOLARIS_FIN_023,317.06,EUR,UK,SG,normal,20759.0,0
EE455CE92EA2DE0F,2024-04-01,2024-04-01 09:29:26,QUANTUM_CLEARING_166,PRIME_HOLDINGS_039,8870.58,CHF,PA,AU,structuring,68.0,0
EE490FE92C81592B,2024-05-29,2024-05-29 08:37:15,HELIX_PAYMENTS_085,ATLAS_BANCORP_042,2921.08,CHF,UK,AU,velocity_burst,2.0,0
EE4BCD3E8B65AE7E,2024-04-19,2024-04-19 13:38:09,PRIME_HOLDINGS_099,VORTEX_CREDIT_084,1157.2,SGD,SG,US,velocity_burst,13.0,0
EE737DC5D75D8682,2024-03-28,2024-03-28 16:34:50,MERIDIAN_CAPITAL_060,CIPHER_CAPITAL_050,2568.48,SGD,MT,US,normal,715.0,0
EE7E462D40D4DF1C,2024-03-02,2024-03-02 01:04:20,DELTA_BANCORP_092,QUANTUM_CLEARING_126,8573.56,GBP,MT,AE,structuring,771.0,0
EE87D56C97826D98,2024-01-24,2024-01-24 05:07:14,NEXUS_TRUST_131,HELIX_PAYMENTS_045,13942.98,EUR,JP,SG,circular_flow,1648.0,0
EE88D01A2F039CA7,2024-02-18,2024-02-18 06:19:31,DELTA_BANCORP_072,ATLAS_BANCORP_182,3383.56,AED,AE,UK,velocity_burst,2.0,0
EE92CF38D118D22B,2024-02-19,2024-02-19 09:35:37,CORONA_CLEARING_196,CORONA_CLEARING_056,6292.98,AED,KY,AU,velocity_burst,49.0,1
EEA9DDA9A25332EE,2024-02-21,2024-02-21 00:22:16,NOVA_TRUST_181,PRIME_HOLDINGS_039,1240.47,EUR,MT,UK,normal,502.0,0
EED81A61DC0B1B1F,2024-05-13,2024-05-13 15:05:08,CORONA_CLEARING_036,SOLARIS_FIN_183,24411.86,SGD,CY,SG,normal,18996.0,0
EED83B001D4CE352,2024-06-18,2024-06-18 01:35:38,OBSIDIAN_PARTNERS_148,NOVA_TRUST_061,12459.24,EUR,FR,UK,velocity_burst,4694.0,0
EEF2E9C44B1246DE,2024-02-26,2024-02-26 17:40:05,OBSIDIAN_PARTNERS_008,HELIX_PAYMENTS_085,355245.94,CHF,UK,LI,normal,1402.0,0
EEF347A0720F694F,2024-03-08,2024-03-08 16:51:48,PRIME_HOLDINGS_079,SOLARIS_FIN_143,34517.95,GBP,AU,MT,circular_flow,240.0,0
EEFC13AAC7236ED5,2024-06-09,2024-06-09 07:12:13,VORTEX_CREDIT_104,NEXUS_TRUST_051,28989.45,USD,KY,JP,normal,2553.0,0
EEFC6C0D5325D8C,2024-06-09,2024-06-09 08:01:23,STRATUS_FUND_057,QUANTUM_CLEARING_006,38592.49,AED,AU,AU,normal,1888.0,0
EEFD3D9D6AC93A6E,2024-03-17,2024-03-17 04:26:50,VORTEX_CREDIT_104,CORONA_CLEARING_136,61116.97,CHF,VG,VG,normal,1377.0,0
EF00FF3B4DD54E09,2024-02-26,2024-02-26 04:43:15,ZENITH_FUND_087,STRATUS_FUND_117,12760.49,USD,FR,PA,normal,5792.0,0
EF0CA2CFB158F443,2024-04-18,2024-04-18 09:11:00,VERTEX_PAYMENTS_115,VORTEX_CREDIT_184,45072.65,CHF,US,MT,normal,1964.0,0
EF1D52D4824E771A,2024-03-01,2024-03-01 22:40:58,DELTA_BANCORP_152,MERIDIAN_CAPITAL_020,26590.26,USD,SG,MT,normal,941.0,0
EF24BDCFEFFFD177,2024-01-11,2024-01-11 11:10:17,NEXUS_TRUST_071,QUANTUM_CLEARING_146,24276.92,GBP,CY,JP,circular_flow,1090.0,0
EF2830A61D851434,2024-01-28,2024-01-28 13:38:09,OBSIDIAN_PARTNERS_008,ATLAS_BANCORP_122,11595.0,USD,SG,LI,velocity_burst,4.0,1
EF29DA6D98A5C4D9,2024-04-21,2024-04-21 20:46:05,CIPHER_CAPITAL_030,APEX_CREDIT_134,11464.7,AED,CY,FR,normal,16517.0,0
EF44BBC3C090201B,2024-04-23,2024-04-23 16:17:45,CORONA_CLEARING_156,CORONA_CLEARING_076,13456.06,EUR,VG,MT,velocity_burst,1.0,0
EF6C83CBFDBD8CBC,2024-03-12,2024-03-12 01:02:06,DELTA_BANCORP_032,AXIOM_PARTNERS_018,580348.07,SGD,AE,MT,normal,331.0,0
EF8868F44F014EE7,2024-01-01,2024-01-01 22:51:30,HELIX_PAYMENTS_085,NEXUS_TRUST_031,10101.73,AED,MT,VG,velocity_burst,9.0,0
EF8B182473813085,2024-06-16,2024-06-16 14:33:28,STRATUS_FUND_157,AXIOM_PARTNERS_158,12399.45,USD,LI,UK,normal,8841.0,0
EF906858B34CCA4,2024-06-22,2024-06-22 07:55:15,NOVA_TRUST_161,PRIME_HOLDINGS_139,123904.48,GBP,SG,FR,normal,10935.0,0
EF97B58CC2167A2,2024-03-27,2024-03-27 05:54:04,CORONA_CLEARING_016,NEXUS_TRUST_051,4742.45,GBP,FR,KY,normal,710.0,0
EFA2A4A1C31C66B,2024-06-18,2024-06-18 06:11:05,HELIX_PAYMENTS_185,CORONA_CLEARING_116,1134898.29,CHF,JP,CY,normal,478.0,0
EFAA1B34DC2383E0,2024-06-22,2024-06-22 03:35:14,STRATUS_FUND_017,OMEGA_FIN_113,6149.12,HKD,MT,UK,normal,4400.0,0
EFC107051D09E984,2024-02-05,2024-02-05 07:57:52,MERIDIAN_CAPITAL_040,OMEGA_FIN_173,253929.4,SGD,VG,FR,layering,1473.0,0
F0022055B756CA9F,2024-02-19,2024-02-19 22:38:47,PRIME_HOLDINGS_159,PRIME_HOLDINGS_079,30382.78,AED,VG,SG,normal,332.0,0
F007B076ED79727,2024-03-05,2024-03-05 03:56:09,PRIME_HOLDINGS_139,APEX_CREDIT_094,2353.87,AED,PA,AE,velocity_burst,10392.0,0
F00E62DAC3753C34,2024-02-05,2024-02-05 18:25:55,ATLAS_BANCORP_002,CORONA_CLEARING_196,14817.38,CHF,PA,AE,velocity_burst,5.0,0
F014E7B6E2FE37CA,2024-03-05,2024-03-05 05:39:36,OMEGA_FIN_033,CIPHER_CAPITAL_090,9510.06,USD,MT,AE,structuring,269.0,1
F01A19A13D501570,2024-04-03,2024-04-03 15:17:39,STRATUS_FUND_057,MERIDIAN_CAPITAL_080,8234.12,AED,KY,SG,structuring,54.0,0
F01DD6CFBC0A78FE,2024-02-14,2024-02-14 12:59:11,SOLARIS_FIN_163,DELTA_BANCORP_172,2282.11,GBP,LI,CY,velocity_burst,0.0,1
F023D701CEB51533,2024-04-09,2024-04-09 08:50:09,MERIDIAN_CAPITAL_100,STRATUS_FUND_037,41322.74,HKD,VG,FR,normal,2902.0,0
F0254AFFDF13F9BC,2024-01-11,2024-01-11 01:52:50,PRIME_HOLDINGS_199,OMEGA_FIN_053,7641.99,AED,SG,US,velocity_burst,19.0,0
F03691477630FB4E,2024-04-03,2024-04-03 15:07:44,STRATUS_FUND_057,ATLAS_BANCORP_122,9676.63,CHF,AE,DE,structuring,47.0,0
F0408424EB7999AA,2024-04-13,2024-04-13 15:53:27,HELIX_PAYMENTS_085,ECLIPSE_HOLDINGS_129,972751.45,HKD,SG,LI,normal,3071.0,0
F04A8A75481A0D86,2024-04-15,2024-04-15 12:32:41,APEX_CREDIT_174,CIPHER_CAPITAL_110,2087.56,SGD,US,DE,normal,622.0,0
F0788EE9ED1FC2DF,2024-07-01,2024-07-01 05:41:42,ATLAS_BANCORP_102,OBSIDIAN_PARTNERS_128,951.7,USD,UK,PA,normal,2713.0,0
F084B688DE2EEDEA,2024-01-03,2024-01-03 07:24:14,AXIOM_PARTNERS_198,APEX_CREDIT_194,13508.34,GBP,KY,VG,normal,5430.0,0
F091E1B1DC8F5B66,2024-02-13,2024-02-13 12:34:26,ATLAS_BANCORP_162,ATLAS_BANCORP_122,63668.49,EUR,VG,SG,circular_flow,823.0,0
F09828145F5EAEA0,2024-04-12,2024-04-12 15:42:52,APEX_CREDIT_154,ECLIPSE_HOLDINGS_029,731.41,SGD,UK,PA,normal,384.0,0
F09C7A38AE58292A,2024-01-12,2024-01-12 10:50:27,OMEGA_FIN_133,VORTEX_CREDIT_164,8184.28,CHF,AU,MT,structuring,2871.0,0
F0AB1A18173BD32,2024-04-03,2024-04-03 15:16:45,STRATUS_FUND_057,ZENITH_FUND_007,9950.69,HKD,FR,FR,structuring,232.0,0
F0ACB048E4E4F4A,2024-03-23,2024-03-23 05:10:14,NOVA_TRUST_061,AXIOM_PARTNERS_038,1004.04,USD,MT,FR,normal,2212.0,0
F0E89FF2CD30BD8D,2024-04-18,2024-04-18 22:22:21,APEX_CREDIT_054,PRIME_HOLDINGS_119,12775.69,GBP,FR,CY,velocity_burst,9.0,1
F12AB180CD4C7300,2024-05-14,2024-05-14 09:42:56,NOVA_TRUST_081,AXIOM_PARTNERS_138,791.12,CHF,VG,UK,normal,4387.0,0
F1359B2B9EEE4C38,2024-06-28,2024-06-28 04:25:08,NEXUS_TRUST_031,VORTEX_CREDIT_084,6446.83,GBP,FR,VG,velocity_burst,0.0,1
F1399C1BA0BCC9C9,2024-04-21,2024-04-21 10:10:25,CORONA_CLEARING_096,ECLIPSE_HOLDINGS_069,10154.34,USD,US,CY,velocity_burst,63.0,1
F13D7AF8F72FD3E4,2024-06-25,2024-06-25 13:43:38,CORONA_CLEARING_076,STRATUS_FUND_057,8629.32,CHF,AU,FR,structuring,33.0,1
F14B1DC743F7A548,2024-06-28,2024-06-28 01:43:31,DELTA_BANCORP_132,MERIDIAN_CAPITAL_080,13119.72,GBP,FR,JP,normal,12942.0,0
F14BE728F1419BCC,2024-06-05,2024-06-05 05:31:36,AXIOM_PARTNERS_198,VORTEX_CREDIT_004,3432.54,EUR,DE,MT,normal,3941.0,0
F15F7A3DFF9A9880,2024-07-05,2024-07-05 13:37:09,VORTEX_CREDIT_144,VORTEX_CREDIT_104,48769.12,GBP,UK,FR,normal,8408.0,0
F1612B255FFFCE2A,2024-02-04,2024-02-04 12:47:22,MERIDIAN_CAPITAL_100,CIPHER_CAPITAL_050,2605.99,CHF,JP,PA,velocity_burst,1.0,0
F169CDB7E11C94C0,2024-03-06,2024-03-06 12:21:01,PRIME_HOLDINGS_039,OMEGA_FIN_073,2379.53,SGD,JP,FR,normal,7056.0,0
F16C3B7140728D22,2024-06-12,2024-06-12 14:24:13,MERIDIAN_CAPITAL_020,PRIME_HOLDINGS_099,57908.39,AED,PA,LI,circular_flow,111.0,0
F18A16871829715D,2024-02-06,2024-02-06 05:32:37,AXIOM_PARTNERS_178,VORTEX_CREDIT_164,4598.55,SGD,MT,PA,velocity_burst,4.0,1
F192117511A02A5E,2024-06-09,2024-06-09 00:43:06,VORTEX_CREDIT_004,VORTEX_CREDIT_024,2166.67,EUR,AU,FR,velocity_burst,980.0,0
F1944B35104EF37F,2024-06-16,2024-06-16 02:42:25,AXIOM_PARTNERS_098,VERTEX_PAYMENTS_015,314681.3,HKD,VG,AE,layering,364.0,0
F19BC2B55CB94A27,2024-06-09,2024-06-09 00:26:46,APEX_CREDIT_034,CORONA_CLEARING_056,5040.04,GBP,LI,DE,normal,657.0,0
F19BE0A227B3F368,2024-03-06,2024-03-06 10:23:25,VORTEX_CREDIT_164,CORONA_CLEARING_036,11684.1,CHF,KY,LI,normal,7137.0,0
F1A89D9ED673BE3,2024-02-28,2024-02-28 20:44:26,ZENITH_FUND_087,MERIDIAN_CAPITAL_120,783.5,SGD,AE,US,normal,558.0,0
F1BCA2915476CEE0,2024-06-24,2024-06-24 05:04:17,ATLAS_BANCORP_002,SOLARIS_FIN_143,40957.98,GBP,FR,FR,normal,5285.0,0
F1D9C5112FD4D10A,2024-04-09,2024-04-09 07:42:11,APEX_CREDIT_194,DELTA_BANCORP_032,9132.51,CHF,KY,UK,structuring,192.0,0
F1E4132EBBE56739,2024-04-19,2024-04-19 06:50:40,ATLAS_BANCORP_062,NEXUS_TRUST_131,1029.51,AED,MT,CY,normal,889.0,0
F1E429F2179F8D4A,2024-03-23,2024-03-23 23:06:50,SOLARIS_FIN_043,NEXUS_TRUST_131,9284.89,CHF,DE,VG,structuring,1810.0,0
F1EB4FE686D16065,2024-02-05,2024-02-05 02:37:59,ATLAS_BANCORP_122,VERTEX_PAYMENTS_075,2617.73,USD,FR,MT,normal,3020.0,0
F201E330A526D7F1,2024-01-26,2024-01-26 03:49:32,CORONA_CLEARING_156,AXIOM_PARTNERS_058,9916.66,USD,US,LI,velocity_burst,70.0,1
F2265B4228F5EAFF,2024-04-10,2024-04-10 22:21:35,AXIOM_PARTNERS_138,VORTEX_CREDIT_004,9230.44,GBP,US,FR,structuring,220.0,0
F22D0357673BB8D0,2024-06-24,2024-06-24 22:35:22,NOVA_TRUST_181,VERTEX_PAYMENTS_175,3127.23,EUR,LI,UK,normal,8427.0,0
F23262077E1D0D09,2024-05-31,2024-05-31 10:06:12,ATLAS_BANCORP_022,PRIME_HOLDINGS_019,22264.13,USD,KY,AE,normal,2265.0,0
F23DC194D2DE3A33,2024-06-14,2024-06-14 15:05:35,CIPHER_CAPITAL_090,VERTEX_PAYMENTS_015,235625.61,HKD,AE,KY,high_risk_jx,5159.0,0
F241BA5454867CC4,2024-02-20,2024-02-20 17:41:04,OBSIDIAN_PARTNERS_048,PRIME_HOLDINGS_119,790.74,GBP,FR,AE,normal,4847.0,0
F2516BCFEDEB9563,2024-02-15,2024-02-15 09:50:06,ECLIPSE_HOLDINGS_129,DELTA_BANCORP_052,1250713.99,USD,PA,LI,normal,4086.0,0
F25C1D6BCE6C79EA,2024-04-26,2024-04-26 00:14:05,APEX_CREDIT_174,MERIDIAN_CAPITAL_000,15015.63,HKD,KY,AE,circular_flow,962.0,0
F277DCF87A2A3401,2024-02-13,2024-02-13 10:39:05,ATLAS_BANCORP_162,OBSIDIAN_PARTNERS_188,4212.05,HKD,DE,AE,normal,2234.0,0
F287BD2A3DB806F,2024-02-01,2024-02-01 00:22:43,VERTEX_PAYMENTS_175,SOLARIS_FIN_143,842.81,SGD,UK,VG,normal,3668.0,0
F289563B7075BCCD,2024-02-14,2024-02-14 00:15:30,DELTA_BANCORP_052,VERTEX_PAYMENTS_115,5630.32,EUR,PA,AU,normal,14722.0,0
F289A86F2F551AED,2024-04-10,2024-04-10 10:20:10,AXIOM_PARTNERS_058,PRIME_HOLDINGS_039,2593.53,AED,LI,SG,normal,3832.0,0
F298C45AE96F895D,2024-02-26,2024-02-26 00:56:10,OBSIDIAN_PARTNERS_068,AXIOM_PARTNERS_138,137741.53,GBP,UK,MT,normal,102.0,0
F299706B8210902A,2024-06-09,2024-06-09 00:43:24,VORTEX_CREDIT_004,NOVA_TRUST_101,14900.86,HKD,CY,US,velocity_burst,3.0,0
F2AE4750D0E699BA,2024-04-26,2024-04-26 20:36:36,VORTEX_CREDIT_044,SOLARIS_FIN_123,30610.45,HKD,US,SG,normal,1773.0,0
F2B10B01F4AF02F0,2024-01-22,2024-01-22 06:12:32,PRIME_HOLDINGS_099,OMEGA_FIN_093,3224.62,AED,VG,LI,velocity_burst,34.0,1
F2C1E55AF80C2C47,2024-06-22,2024-06-22 02:21:54,AXIOM_PARTNERS_058,ZENITH_FUND_047,248294.98,SGD,AU,JP,normal,2329.0,0
F2DB1C468F4D0C41,2024-04-20,2024-04-20 03:42:34,VORTEX_CREDIT_044,VORTEX_CREDIT_184,8838.71,AED,UK,VG,normal,249.0,0
F2E6DDBD83381558,2024-01-15,2024-01-15 20:35:11,CIPHER_CAPITAL_070,OBSIDIAN_PARTNERS_028,8351.5,AED,US,PA,structuring,6537.0,0
F2E774A385BC78E1,2024-02-24,2024-02-24 23:53:42,NOVA_TRUST_001,DELTA_BANCORP_192,1997.44,HKD,AE,MT,normal,637.0,0
F2F7982C9804A5B4,2024-03-20,2024-03-20 03:07:00,ECLIPSE_HOLDINGS_189,QUANTUM_CLEARING_186,17880.09,EUR,MT,DE,normal,2581.0,0
F2F97ABA96B2B35,2024-06-29,2024-06-29 10:11:43,ECLIPSE_HOLDINGS_149,APEX_CREDIT_134,12315.22,HKD,VG,DE,normal,1727.0,0
F30A01185AF370F2,2024-05-19,2024-05-19 04:15:14,HELIX_PAYMENTS_085,ATLAS_BANCORP_022,50.7,AED,PA,FR,normal,6635.0,0
F30B3FBA1A0B601,2024-06-08,2024-06-08 13:27:02,QUANTUM_CLEARING_006,MERIDIAN_CAPITAL_180,51305.98,GBP,AE,UK,normal,753.0,0
F32E28C62D0F61D3,2024-07-02,2024-07-02 20:54:19,AXIOM_PARTNERS_098,OBSIDIAN_PARTNERS_188,5716.81,AED,DE,AU,normal,3892.0,0
F336AF01DA98A4A7,2024-01-27,2024-01-27 07:14:17,HELIX_PAYMENTS_105,NEXUS_TRUST_151,54346.25,AED,PA,DE,normal,6212.0,0
F348CC6F600C8BB8,2024-06-10,2024-06-10 12:32:30,NOVA_TRUST_021,OBSIDIAN_PARTNERS_008,8774.32,SGD,CY,DE,normal,4352.0,0
F34978E3A94A169B,2024-02-25,2024-02-25 08:34:26,MERIDIAN_CAPITAL_100,VERTEX_PAYMENTS_035,1475.66,CHF,AE,UK,normal,11223.0,0
F34E30592339A114,2024-02-10,2024-02-10 14:02:47,OBSIDIAN_PARTNERS_168,NOVA_TRUST_161,9217.57,SGD,AE,US,structuring,11724.0,0
F350BE7737695E19,2024-01-05,2024-01-05 20:09:52,ECLIPSE_HOLDINGS_089,STRATUS_FUND_017,323208.13,CHF,PA,AE,layering,2157.0,0
F3588B71F132BB6A,2024-03-08,2024-03-08 00:53:55,VORTEX_CREDIT_044,NEXUS_TRUST_191,14936.96,HKD,FR,DE,velocity_burst,949.0,0
F35DB995A5760EDC,2024-01-08,2024-01-08 02:08:37,QUANTUM_CLEARING_026,ECLIPSE_HOLDINGS_129,2646.43,HKD,DE,KY,normal,525.0,0
F36867ABADF789EC,2024-02-21,2024-02-21 11:23:56,MERIDIAN_CAPITAL_080,MERIDIAN_CAPITAL_100,32973.47,USD,KY,FR,normal,17822.0,0
F3AD74B852C92CE7,2024-06-06,2024-06-06 08:52:56,OBSIDIAN_PARTNERS_128,NEXUS_TRUST_111,29156.66,AED,JP,FR,normal,2352.0,0
F3C9B912F6939CAA,2024-01-12,2024-01-12 12:39:08,NEXUS_TRUST_031,ECLIPSE_HOLDINGS_149,195705.17,SGD,US,CY,normal,5825.0,0
F3CCFD59B48A5B18,2024-04-30,2024-04-30 10:20:47,HELIX_PAYMENTS_005,CIPHER_CAPITAL_110,429046.54,HKD,US,KY,layering,146.0,0
F3D6799AAE58A6CE,2024-06-10,2024-06-10 07:03:12,OBSIDIAN_PARTNERS_028,ATLAS_BANCORP_022,49660.51,HKD,AE,CY,normal,9924.0,0
F3E497133AF0DDE5,2024-04-17,2024-04-17 16:33:05,ECLIPSE_HOLDINGS_129,HELIX_PAYMENTS_145,779.94,USD,KY,VG,normal,660.0,0
F3E9A97AAE9BB7D3,2024-02-06,2024-02-06 10:47:43,STRATUS_FUND_117,NOVA_TRUST_181,14552.75,EUR,US,DE,normal,991.0,0
F3F44D801DEADE08,2024-02-04,2024-02-04 17:50:34,VORTEX_CREDIT_124,NEXUS_TRUST_031,213648.76,CHF,CY,JP,normal,2895.0,0
F4048DF2CA51C733,2024-05-16,2024-05-16 06:50:23,PRIME_HOLDINGS_119,CORONA_CLEARING_196,8470.74,AED,FR,LI,normal,1192.0,0
F40FD5D939BF7514,2024-06-30,2024-06-30 07:25:22,VORTEX_CREDIT_144,ZENITH_FUND_087,2816.85,HKD,MT,AE,normal,4645.0,0
F4269368D9B75E83,2024-05-30,2024-05-30 07:27:48,MERIDIAN_CAPITAL_100,MERIDIAN_CAPITAL_020,171841.3,GBP,LI,LI,normal,4894.0,0
F430CD389C00EDA8,2024-05-10,2024-05-10 10:33:28,CIPHER_CAPITAL_170,CIPHER_CAPITAL_050,7293.1,HKD,PA,US,normal,8011.0,0
F44AD4117E1D4AF9,2024-05-10,2024-05-10 07:36:49,VORTEX_CREDIT_184,OBSIDIAN_PARTNERS_008,1050.86,AED,UK,SG,velocity_burst,35.0,1
F459230F2076FD9E,2024-02-01,2024-02-01 17:58:04,ATLAS_BANCORP_142,DELTA_BANCORP_072,23582.49,CHF,LI,KY,high_risk_jx,3467.0,0
F45BBDC62004FD69,2024-02-02,2024-02-02 11:00:56,VERTEX_PAYMENTS_075,NEXUS_TRUST_171,4363.63,EUR,LI,KY,normal,6126.0,0
F464D9C3B2947126,2024-03-02,2024-03-02 23:29:16,OBSIDIAN_PARTNERS_088,OMEGA_FIN_113,12051.02,HKD,JP,LI,velocity_burst,6.0,1
F4654A244736C0B1,2024-01-27,2024-01-27 15:27:38,VERTEX_PAYMENTS_015,VORTEX_CREDIT_024,9539.24,SGD,KY,PA,structuring,132.0,0
F477D4D65092D2A4,2024-01-02,2024-01-02 13:35:28,NOVA_TRUST_181,OMEGA_FIN_153,2978.75,GBP,US,AE,velocity_burst,4.0,0
F47DE94F7A539985,2024-01-28,2024-01-28 13:38:05,OBSIDIAN_PARTNERS_008,HELIX_PAYMENTS_165,7656.29,CHF,AE,CY,velocity_burst,52.0,1
F49D797137B7E0DB,2024-02-02,2024-02-02 00:19:51,NOVA_TRUST_001,ZENITH_FUND_127,667285.38,GBP,LI,LI,normal,1864.0,0
F4B0914680E8DF4E,2024-02-06,2024-02-06 07:42:16,MERIDIAN_CAPITAL_020,MERIDIAN_CAPITAL_120,33538.5,AED,KY,MT,normal,7551.0,0
F4D1C368C13D5205,2024-05-23,2024-05-23 01:42:53,APEX_CREDIT_094,ECLIPSE_HOLDINGS_089,9637.17,CHF,UK,SG,structuring,541.0,0
F4DC8CBB98EB472A,2024-07-06,2024-07-06 15:13:05,VERTEX_PAYMENTS_175,MERIDIAN_CAPITAL_180,6451.6,USD,MT,AU,circular_flow,562.0,0
F4E60E00560D85BA,2024-03-28,2024-03-28 20:59:48,SOLARIS_FIN_183,MERIDIAN_CAPITAL_160,1190.1,CHF,MT,JP,normal,8814.0,0
F4EAB7E05E5EFDA2,2024-06-20,2024-06-20 14:47:48,AXIOM_PARTNERS_038,OMEGA_FIN_033,9747.77,EUR,LI,MT,normal,6840.0,0
F4F6A6BCDE40F713,2024-01-17,2024-01-17 23:52:32,ECLIPSE_HOLDINGS_049,QUANTUM_CLEARING_166,21721.01,EUR,DE,AU,normal,15650.0,0
F50C506C6824AC2A,2024-02-05,2024-02-05 01:47:39,DELTA_BANCORP_012,VERTEX_PAYMENTS_015,72654.64,GBP,AE,SG,normal,19295.0,0
F51372332B5D3CBA,2024-02-11,2024-02-11 01:48:25,ATLAS_BANCORP_142,NEXUS_TRUST_191,2682.18,EUR,DE,UK,velocity_burst,32.0,1
F513C7AD9B8813A8,2024-05-19,2024-05-19 19:03:43,DELTA_BANCORP_092,VERTEX_PAYMENTS_075,17553.07,EUR,DE,FR,normal,6774.0,0
F52254AF8B58C2A3,2024-05-08,2024-05-08 21:55:31,OMEGA_FIN_173,ZENITH_FUND_067,310343.04,CHF,DE,PA,normal,13969.0,0
F527A2F86D7F9530,2024-03-22,2024-03-22 19:28:45,NOVA_TRUST_181,MERIDIAN_CAPITAL_000,6272.9,SGD,DE,UK,velocity_burst,12.0,0
F52C4796F6E01BC9,2024-04-18,2024-04-18 03:19:45,DELTA_BANCORP_072,ECLIPSE_HOLDINGS_169,12047.9,AED,DE,FR,velocity_burst,15.0,1
F536B30A9A43C8C4,2024-03-07,2024-03-07 08:42:12,OMEGA_FIN_053,HELIX_PAYMENTS_005,29988.19,USD,CY,US,normal,2709.0,0
F542D5399FCDA38,2024-07-04,2024-07-04 21:28:14,AXIOM_PARTNERS_178,SOLARIS_FIN_143,560.38,GBP,AU,AU,normal,11547.0,0
F5569C266450323E,2024-02-13,2024-02-13 09:39:16,ATLAS_BANCORP_162,ZENITH_FUND_167,8604.31,CHF,VG,JP,normal,2611.0,0
F55F8344618B8A3B,2024-02-04,2024-02-04 12:51:33,MERIDIAN_CAPITAL_100,ZENITH_FUND_027,535.47,GBP,FR,US,velocity_burst,26.0,1
F56B3BC68E3A2549,2024-02-11,2024-02-11 02:01:44,SOLARIS_FIN_023,STRATUS_FUND_117,9383.34,SGD,VG,UK,structuring,121.0,1
F5735A3D401EE93C,2024-01-25,2024-01-25 15:32:21,QUANTUM_CLEARING_026,PRIME_HOLDINGS_119,100815.57,GBP,JP,SG,normal,279.0,0
F575060EF2AB926,2024-05-27,2024-05-27 01:13:31,AXIOM_PARTNERS_018,ATLAS_BANCORP_002,25963.6,HKD,US,MT,normal,8407.0,0
F587F8497BCBC855,2024-06-06,2024-06-06 09:43:27,OMEGA_FIN_053,VERTEX_PAYMENTS_175,14291.21,HKD,VG,JP,velocity_burst,4.0,0
F59E66AA469A33C2,2024-05-18,2024-05-18 18:59:20,ATLAS_BANCORP_102,ECLIPSE_HOLDINGS_089,426331.65,SGD,AE,AE,layering,451.0,0
F59FA8FE471B6424,2024-04-05,2024-04-05 21:30:40,APEX_CREDIT_134,NEXUS_TRUST_151,1457.45,GBP,DE,KY,normal,8486.0,0
F5A651AAE8E40EE4,2024-03-20,2024-03-20 10:25:33,VERTEX_PAYMENTS_135,VERTEX_PAYMENTS_035,3941.34,CHF,VG,AU,normal,22467.0,0
F5B56F159122B71,2024-06-09,2024-06-09 05:56:51,QUANTUM_CLEARING_066,NOVA_TRUST_181,28961.69,EUR,AU,KY,normal,3900.0,0
F5C3E4BDFBD47F8C,2024-02-28,2024-02-28 15:03:19,NOVA_TRUST_121,PRIME_HOLDINGS_119,605.19,GBP,DE,CY,normal,1086.0,0
F5C4159027A9EAD,2024-02-20,2024-02-20 21:07:15,MERIDIAN_CAPITAL_100,VERTEX_PAYMENTS_155,17064.66,CHF,KY,LI,normal,11094.0,0
F5C7F0E7D11D155D,2024-03-30,2024-03-30 23:07:42,HELIX_PAYMENTS_025,ATLAS_BANCORP_162,2403.94,USD,UK,CY,normal,3898.0,0
F5CB4EBD3C03E655,2024-05-07,2024-05-07 09:16:37,PRIME_HOLDINGS_119,STRATUS_FUND_057,15617.02,SGD,AE,PA,normal,4528.0,0
F5D6100859DA7DA0,2024-01-20,2024-01-20 20:46:30,NEXUS_TRUST_151,CORONA_CLEARING_156,8060.65,CHF,LI,VG,structuring,75.0,1
F5DF4D7ED4538656,2024-06-19,2024-06-19 09:58:36,NOVA_TRUST_061,PRIME_HOLDINGS_099,8826.94,USD,MT,JP,structuring,55.0,0
F5E8A34F61C3FD81,2024-01-18,2024-01-18 07:15:51,QUANTUM_CLEARING_146,SOLARIS_FIN_043,353495.31,AED,LI,CY,layering,60.0,0
F6076EAA97525EB5,2024-05-29,2024-05-29 15:51:37,MERIDIAN_CAPITAL_060,OMEGA_FIN_053,8673.93,GBP,DE,JP,normal,1493.0,0
F60F64D08DA59E67,2024-01-15,2024-01-15 03:27:41,DELTA_BANCORP_152,QUANTUM_CLEARING_026,2141391.61,CHF,AE,FR,normal,906.0,0
F6372F6C9F9C0F82,2024-05-31,2024-05-31 01:36:36,ZENITH_FUND_007,AXIOM_PARTNERS_178,14359.94,GBP,MT,CY,velocity_burst,9.0,1
F63E3232BBFD51FF,2024-04-27,2024-04-27 21:22:28,PRIME_HOLDINGS_199,VERTEX_PAYMENTS_135,8785.87,USD,AE,PA,structuring,15630.0,0
F64F2E8F1C434878,2024-03-19,2024-03-19 12:03:50,VORTEX_CREDIT_064,QUANTUM_CLEARING_086,5827.67,USD,VG,AE,normal,11774.0,0
F6533963C3DADFC8,2024-03-04,2024-03-04 22:38:08,NEXUS_TRUST_151,NOVA_TRUST_161,4721.49,CHF,UK,FR,velocity_burst,27.0,0
F6593DB1FBEB05DB,2024-05-10,2024-05-10 07:30:08,VORTEX_CREDIT_184,AXIOM_PARTNERS_198,12176.72,CHF,AU,JP,velocity_burst,7.0,0
F6617DF3BCBA7CC7,2024-01-13,2024-01-13 02:02:13,VERTEX_PAYMENTS_015,NEXUS_TRUST_111,345833.15,HKD,AU,PA,layering,585.0,0
F66CCE31EF6E7106,2024-06-19,2024-06-19 16:31:43,APEX_CREDIT_194,AXIOM_PARTNERS_198,7854.41,EUR,AU,DE,normal,4911.0,0
F66EEB5BB47FD372,2024-05-03,2024-05-03 23:26:35,NOVA_TRUST_121,APEX_CREDIT_014,88329.08,SGD,LI,VG,normal,5825.0,0
F674723BDE113C7A,2024-07-03,2024-07-03 15:59:49,QUANTUM_CLEARING_146,APEX_CREDIT_154,8398.9,CHF,US,FR,structuring,352.0,0
F6812DEFEB8C16BF,2024-06-27,2024-06-27 14:47:11,ZENITH_FUND_167,NEXUS_TRUST_091,753.42,CHF,KY,SG,normal,2964.0,0
F68EDA8F122DB109,2024-05-27,2024-05-27 21:16:50,VORTEX_CREDIT_064,OMEGA_FIN_193,62662.98,SGD,KY,CY,layering,687.0,0
F690613848C98D43,2024-06-07,2024-06-07 14:46:21,ECLIPSE_HOLDINGS_049,OBSIDIAN_PARTNERS_128,839.66,AED,FR,LI,normal,2141.0,0
F6A9560B3D123D7D,2024-01-19,2024-01-19 13:18:04,CIPHER_CAPITAL_050,ZENITH_FUND_187,98413.75,GBP,DE,MT,normal,9382.0,0
F6B790BD7FFF2036,2024-01-27,2024-01-27 15:39:47,VERTEX_PAYMENTS_015,HELIX_PAYMENTS_085,8596.66,AED,MT,KY,structuring,709.0,0
F6CE99BF2D0E5092,2024-02-19,2024-02-19 21:10:14,NEXUS_TRUST_111,QUANTUM_CLEARING_046,3479.72,USD,DE,US,normal,1858.0,0
F6DD87F71535EF31,2024-01-16,2024-01-16 05:34:28,DELTA_BANCORP_052,APEX_CREDIT_154,9646.32,EUR,KY,CY,structuring,3724.0,0
F6DDF17F3A48C28E,2024-01-09,2024-01-09 03:04:29,CIPHER_CAPITAL_070,CIPHER_CAPITAL_050,59898.23,USD,AE,FR,normal,10002.0,0
F6E242671FC9F5B5,2024-03-12,2024-03-12 20:18:21,MERIDIAN_CAPITAL_040,VERTEX_PAYMENTS_075,9656.13,CHF,UK,UK,structuring,3040.0,0
F7130C44EAD1C24E,2024-02-10,2024-02-10 10:38:47,CIPHER_CAPITAL_050,VERTEX_PAYMENTS_075,6057.86,AED,VG,AE,normal,1705.0,0
F728538C293928E4,2024-02-14,2024-02-14 15:48:53,NEXUS_TRUST_091,MERIDIAN_CAPITAL_080,11606.03,EUR,FR,VG,velocity_burst,3.0,0
F728F53BB70B518B,2024-04-18,2024-04-18 22:21:33,APEX_CREDIT_054,OMEGA_FIN_093,11797.71,AED,LI,AE,velocity_burst,1.0,0
F7372B295A87F893,2024-06-05,2024-06-05 14:41:52,CORONA_CLEARING_136,DELTA_BANCORP_132,6569.18,HKD,LI,LI,normal,1545.0,0
F73DFAE4CE6FC527,2024-03-07,2024-03-07 05:55:33,OBSIDIAN_PARTNERS_148,CIPHER_CAPITAL_170,38604.58,HKD,AE,FR,normal,1386.0,0
F756D5EC73136B90,2024-05-12,2024-05-12 22:20:44,VORTEX_CREDIT_064,VERTEX_PAYMENTS_035,22409.93,EUR,US,KY,normal,85.0,0
F766E0EE5B14195,2024-03-14,2024-03-14 23:27:26,ZENITH_FUND_167,APEX_CREDIT_114,7448.79,EUR,MT,SG,normal,4900.0,0
F76AFCA652501A95,2024-01-14,2024-01-14 15:44:02,CORONA_CLEARING_016,NEXUS_TRUST_191,2333.75,CHF,AE,MT,normal,3225.0,0
F77946234EF220D1,2024-02-19,2024-02-19 20:39:16,VORTEX_CREDIT_104,NEXUS_TRUST_131,466325.23,CHF,AE,MT,normal,4221.0,0
F77C1D1B5426D0AE,2024-01-24,2024-01-24 19:17:21,MERIDIAN_CAPITAL_000,DELTA_BANCORP_112,63.74,CHF,VG,FR,normal,8480.0,0
F77C7B529E25BB,2024-01-17,2024-01-17 09:53:12,SOLARIS_FIN_143,HELIX_PAYMENTS_085,324445.76,USD,US,JP,normal,720.0,0
F784033D5668C9DF,2024-02-20,2024-02-20 17:59:07,VORTEX_CREDIT_044,PRIME_HOLDINGS_199,14165.81,CHF,DE,MT,velocity_burst,4.0,0
F79793EC5C532C10,2024-02-11,2024-02-11 10:07:40,STRATUS_FUND_037,APEX_CREDIT_114,2572.43,USD,JP,VG,normal,15022.0,0
F7C00BA0DD2EAB21,2024-04-30,2024-04-30 01:32:46,DELTA_BANCORP_012,NEXUS_TRUST_011,40126.21,USD,JP,AE,normal,4984.0,0
F7C0F528E92C26F6,2024-06-05,2024-06-05 06:46:04,CIPHER_CAPITAL_110,VORTEX_CREDIT_084,29782.37,AED,DE,UK,normal,4468.0,0
F7C11CC1A1EB4F36,2024-05-31,2024-05-31 01:37:53,ZENITH_FUND_007,OBSIDIAN_PARTNERS_068,624.6,AED,JP,PA,velocity_burst,4.0,1
F7D9BCB27F4F9B89,2024-07-06,2024-07-06 03:31:58,CORONA_CLEARING_156,SOLARIS_FIN_003,1498.27,AED,US,MT,normal,5650.0,0
F7F3F80156070384,2024-03-26,2024-03-26 14:31:40,VERTEX_PAYMENTS_175,SOLARIS_FIN_143,907.78,USD,AU,MT,normal,5314.0,0
F7FC5EDBBA0E379E,2024-03-06,2024-03-06 19:53:54,VERTEX_PAYMENTS_195,STRATUS_FUND_157,790110.68,GBP,SG,VG,normal,366.0,0
F8018A92A510EF73,2024-05-22,2024-05-22 12:21:30,ATLAS_BANCORP_062,ATLAS_BANCORP_102,55974.65,AED,PA,MT,layering,169.0,0
F802013C5EB44DC9,2024-03-23,2024-03-23 04:33:22,NEXUS_TRUST_191,VORTEX_CREDIT_104,8689.0,CHF,MT,DE,normal,3189.0,0
F804E22167474315,2024-06-20,2024-06-20 05:36:32,DELTA_BANCORP_152,CIPHER_CAPITAL_190,20826.04,USD,US,LI,normal,4048.0,0
F823E62E17A40776,2024-03-30,2024-03-30 13:46:30,DELTA_BANCORP_112,CORONA_CLEARING_096,2476.47,AED,VG,CY,velocity_burst,3.0,0
F8427482729BFB4C,2024-04-12,2024-04-12 01:36:51,PRIME_HOLDINGS_139,ECLIPSE_HOLDINGS_049,18507.37,SGD,AE,FR,normal,4698.0,0
F857787EF733414B,2024-02-18,2024-02-18 16:09:37,STRATUS_FUND_157,MERIDIAN_CAPITAL_060,8536.58,GBP,FR,CY,structuring,312.0,0
F86FBAAEBD0C397E,2024-02-19,2024-02-19 03:25:09,SOLARIS_FIN_083,HELIX_PAYMENTS_025,5097.81,AED,AE,JP,velocity_burst,1.0,0
F8887D11AAD5BC67,2024-02-04,2024-02-04 09:56:44,OMEGA_FIN_173,HELIX_PAYMENTS_165,845.59,GBP,DE,US,normal,1771.0,0
F88D6587FC66F7DF,2024-06-23,2024-06-23 19:50:51,OBSIDIAN_PARTNERS_068,MERIDIAN_CAPITAL_160,4485.51,AED,CY,CY,circular_flow,1881.0,0
F8C32613180A038E,2024-03-12,2024-03-12 08:32:36,ZENITH_FUND_147,NEXUS_TRUST_151,10402.51,CHF,LI,MT,normal,294.0,0
F8E37E9897431323,2024-06-08,2024-06-08 16:49:06,MERIDIAN_CAPITAL_080,HELIX_PAYMENTS_105,413.12,CHF,US,SG,normal,12124.0,0
F8F3481FE0CC86F,2024-01-17,2024-01-17 09:25:01,NOVA_TRUST_121,QUANTUM_CLEARING_026,359.13,CHF,US,KY,normal,956.0,0
F90EB92853A822CB,2024-02-04,2024-02-04 12:50:09,MERIDIAN_CAPITAL_100,AXIOM_PARTNERS_098,3072.41,AED,CY,CY,velocity_burst,50.0,1
F916A008F641A72B,2024-07-04,2024-07-04 07:15:01,OBSIDIAN_PARTNERS_148,APEX_CREDIT_054,1927904.52,HKD,AU,JP,normal,11132.0,0
F91A80C39632E74E,2024-02-02,2024-02-02 20:24:43,NEXUS_TRUST_071,SOLARIS_FIN_023,2250.22,GBP,AU,FR,normal,7825.0,0
F92F5F26B1D2DC3,2024-01-22,2024-01-22 09:52:19,ATLAS_BANCORP_162,STRATUS_FUND_197,8703.29,USD,CY,CY,structuring,402.0,1
F92FA424584EF9E1,2024-03-04,2024-03-04 16:56:42,STRATUS_FUND_117,OMEGA_FIN_153,12754.67,USD,UK,FR,normal,23975.0,0
F94E31812C68035A,2024-04-29,2024-04-29 03:22:11,OBSIDIAN_PARTNERS_168,SOLARIS_FIN_063,2798.62,EUR,PA,PA,velocity_burst,5479.0,0
F95E6F8C808A3B21,2024-02-20,2024-02-20 04:59:36,CIPHER_CAPITAL_030,DELTA_BANCORP_192,9570.2,USD,SG,LI,normal,4680.0,0
F96106EE2481368D,2024-01-02,2024-01-02 12:16:04,MERIDIAN_CAPITAL_000,STRATUS_FUND_097,1546.96,GBP,CY,UK,velocity_burst,0.0,0
F963C95986FDC929,2024-02-21,2024-02-21 00:37:18,STRATUS_FUND_057,ATLAS_BANCORP_062,127726.8,CHF,CY,PA,normal,297.0,0
F988F3D4F14FB994,2024-02-26,2024-02-26 10:21:28,ECLIPSE_HOLDINGS_089,HELIX_PAYMENTS_045,3396.42,USD,MT,CY,velocity_burst,15.0,1
F98B2504E5495106,2024-02-17,2024-02-17 16:27:08,NEXUS_TRUST_031,CORONA_CLEARING_076,2351.43,EUR,VG,JP,normal,19560.0,0
F99214EC3A9CD94A,2024-03-27,2024-03-27 20:05:26,CORONA_CLEARING_036,NEXUS_TRUST_111,6509.65,HKD,VG,CY,normal,1446.0,0
F9A07CF7FED520F4,2024-06-18,2024-06-18 15:17:50,SOLARIS_FIN_123,OBSIDIAN_PARTNERS_168,10242.92,CHF,VG,FR,velocity_burst,2533.0,0
F9BCC5B7E269BBB8,2024-04-19,2024-04-19 10:26:07,NOVA_TRUST_121,ZENITH_FUND_047,6194.58,GBP,PA,DE,circular_flow,66.0,0
F9BFF3234CD4D0D6,2024-04-23,2024-04-23 22:01:12,STRATUS_FUND_197,OBSIDIAN_PARTNERS_128,588.28,USD,CY,PA,normal,20524.0,0
F9C605E6FEC684BD,2024-03-04,2024-03-04 17:51:33,NEXUS_TRUST_031,STRATUS_FUND_037,8597545.61,EUR,MT,KY,normal,3291.0,0
F9C772FCFD0BA9FA,2024-03-16,2024-03-16 13:11:23,APEX_CREDIT_154,ECLIPSE_HOLDINGS_089,24079.73,HKD,US,JP,normal,5412.0,0
F9C8FD896E5EA27D,2024-01-22,2024-01-22 06:40:31,ECLIPSE_HOLDINGS_069,AXIOM_PARTNERS_058,3871.58,EUR,FR,SG,velocity_burst,4.0,1
F9D15F947AA1A939,2024-03-03,2024-03-03 20:12:54,HELIX_PAYMENTS_105,ZENITH_FUND_127,5253.36,USD,SG,AE,normal,6633.0,0
F9DA5CD4A1099BF5,2024-05-14,2024-05-14 02:19:47,ATLAS_BANCORP_122,CORONA_CLEARING_116,9586.78,GBP,KY,AU,structuring,280.0,0
F9E2C96328F7B92A,2024-02-16,2024-02-16 07:16:57,CORONA_CLEARING_156,STRATUS_FUND_137,314137.32,GBP,MT,LI,normal,8590.0,0
F9FD60EE312AC392,2024-02-25,2024-02-25 15:36:23,PRIME_HOLDINGS_159,DELTA_BANCORP_152,36266.12,EUR,FR,UK,normal,4408.0,0
FA0711B42177E449,2024-02-07,2024-02-07 17:06:29,NOVA_TRUST_181,QUANTUM_CLEARING_026,9669.66,HKD,KY,UK,normal,1242.0,0
FA08829712CE004E,2024-05-23,2024-05-23 08:21:31,VERTEX_PAYMENTS_175,NEXUS_TRUST_011,21830.79,AED,LI,PA,normal,303.0,0
FA14BBA4BC1DB7C1,2024-04-10,2024-04-10 07:50:04,OMEGA_FIN_193,APEX_CREDIT_054,4880.61,GBP,SG,AE,velocity_burst,23.0,0
FA1DC4719D9DC6E6,2024-04-25,2024-04-25 17:10:27,AXIOM_PARTNERS_058,OMEGA_FIN_193,8013.07,AED,SG,MT,velocity_burst,114.0,1
FA1FC6CD3056086B,2024-03-20,2024-03-20 21:11:02,APEX_CREDIT_174,STRATUS_FUND_157,15330.62,GBP,CY,AU,normal,4806.0,0
FA2F7F2E369B1019,2024-04-18,2024-04-18 22:23:02,APEX_CREDIT_054,NOVA_TRUST_161,4156.21,SGD,MT,SG,velocity_burst,20.0,1
FA3366534483E200,2024-05-13,2024-05-13 05:48:49,ATLAS_BANCORP_062,STRATUS_FUND_177,1151895.04,USD,UK,PA,normal,4033.0,0
FA48E30E34A8E049,2024-04-07,2024-04-07 20:25:31,CORONA_CLEARING_176,PRIME_HOLDINGS_079,1878.96,AED,UK,US,normal,6607.0,0
FA5750A9800C7763,2024-03-07,2024-03-07 21:52:01,SOLARIS_FIN_023,NOVA_TRUST_121,7867.84,GBP,SG,UK,normal,3949.0,0
FA5E1C7A7E64FB69,2024-02-14,2024-02-14 12:26:53,SOLARIS_FIN_143,VERTEX_PAYMENTS_135,6142.86,SGD,CY,JP,normal,1491.0,0
FA7D6E66FE7C234C,2024-01-03,2024-01-03 05:53:00,AXIOM_PARTNERS_118,VERTEX_PAYMENTS_155,6462.9,USD,CY,FR,velocity_burst,16.0,0
FAAED4D1578D079F,2024-01-26,2024-01-26 10:03:07,VORTEX_CREDIT_124,PRIME_HOLDINGS_059,224657.96,CHF,CY,AU,normal,407.0,0
FAB5040911BE9AE4,2024-04-16,2024-04-16 16:52:58,VORTEX_CREDIT_084,NOVA_TRUST_141,6495.99,CHF,LI,DE,normal,842.0,0
FAC59D2E11BA603,2024-06-28,2024-06-28 21:15:32,AXIOM_PARTNERS_038,PRIME_HOLDINGS_019,29990.02,GBP,AU,DE,normal,8575.0,0
FAD55CE6FDE32488,2024-06-06,2024-06-06 19:15:29,QUANTUM_CLEARING_066,VERTEX_PAYMENTS_015,10736.71,EUR,FR,VG,normal,319.0,0
FAF01B492BE73860,2024-05-08,2024-05-08 07:10:15,NOVA_TRUST_041,NEXUS_TRUST_011,9739.76,AED,US,PA,structuring,2923.0,0
FAFA52478A5646FF,2024-02-12,2024-02-12 17:49:38,SOLARIS_FIN_183,MERIDIAN_CAPITAL_180,8647.12,USD,MT,LI,normal,4931.0,0
FB32E2C466A89299,2024-05-29,2024-05-29 08:42:36,VERTEX_PAYMENTS_035,STRATUS_FUND_157,376051.39,HKD,PA,LI,high_risk_jx,113.0,0
FB33E1D7DE51DC9,2024-03-03,2024-03-03 02:46:39,ZENITH_FUND_007,SOLARIS_FIN_003,8797.25,GBP,JP,US,structuring,188.0,0
FB47986EB8A56572,2024-01-23,2024-01-23 02:14:53,CORONA_CLEARING_076,SOLARIS_FIN_083,8064.46,HKD,VG,LI,structuring,68.0,0
FB6AF9AE3ABBD6C9,2024-03-26,2024-03-26 19:55:05,QUANTUM_CLEARING_086,OBSIDIAN_PARTNERS_128,9831.03,EUR,DE,DE,structuring,95.0,1
FB6C9C998807D1B2,2024-02-26,2024-02-26 10:20:04,ECLIPSE_HOLDINGS_089,HELIX_PAYMENTS_025,12880.19,SGD,MT,FR,velocity_burst,5038.0,0
FB6EF14CE5CE949A,2024-03-14,2024-03-14 21:46:17,AXIOM_PARTNERS_158,ZENITH_FUND_007,19525.03,GBP,JP,VG,normal,2525.0,0
FB72B29E871A1EDC,2024-02-14,2024-02-14 15:51:33,NEXUS_TRUST_091,OMEGA_FIN_013,9833.64,HKD,CY,FR,velocity_burst,33.0,0
FB770A3D9FFFB855,2024-05-31,2024-05-31 08:07:53,APEX_CREDIT_054,STRATUS_FUND_157,42903.31,HKD,PA,CY,circular_flow,452.0,0
FB77CBF3A9587526,2024-04-24,2024-04-24 07:14:37,HELIX_PAYMENTS_145,ECLIPSE_HOLDINGS_189,12258.6,SGD,CY,SG,velocity_burst,11.0,0
FB785EB33FFF8989,2024-02-20,2024-02-20 06:09:39,NOVA_TRUST_021,AXIOM_PARTNERS_118,8171.34,CHF,AU,SG,structuring,123.0,0
FB8CE39DFF23C086,2024-06-13,2024-06-13 22:16:06,CORONA_CLEARING_116,NEXUS_TRUST_031,229040.49,USD,VG,KY,layering,56.0,0
FB8E9B426E543497,2024-02-19,2024-02-19 07:17:56,SOLARIS_FIN_143,NEXUS_TRUST_151,1691.61,CHF,KY,DE,normal,914.0,0
FB91283E12551ED6,2024-06-21,2024-06-21 10:49:32,MERIDIAN_CAPITAL_140,ECLIPSE_HOLDINGS_089,22053.37,AED,MT,AE,normal,10225.0,0
FBA5E3999A452B88,2024-04-01,2024-04-01 12:55:21,ZENITH_FUND_007,APEX_CREDIT_074,14393.01,SGD,LI,VG,velocity_burst,8.0,1
FBACFD978C4E2CB2,2024-02-04,2024-02-04 13:17:19,APEX_CREDIT_154,HELIX_PAYMENTS_005,472836.29,GBP,PA,AE,layering,880.0,0
FBB7732CA7339BFA,2024-04-08,2024-04-08 16:11:38,VORTEX_CREDIT_124,OMEGA_FIN_133,2566.7,AED,LI,VG,normal,26.0,0
FBC63407919E46F8,2024-03-15,2024-03-15 20:09:05,OBSIDIAN_PARTNERS_028,STRATUS_FUND_037,8747.01,CHF,VG,AE,structuring,116.0,0
FBC8AC5FDEE8FD8E,2024-05-05,2024-05-05 16:32:20,VERTEX_PAYMENTS_035,STRATUS_FUND_117,9755.83,HKD,SG,KY,structuring,3027.0,0
FBD1309FE3F4BC71,2024-01-07,2024-01-07 02:50:34,STRATUS_FUND_137,AXIOM_PARTNERS_078,16520.84,HKD,FR,VG,circular_flow,752.0,0
FBDFA01177603B2F,2024-06-13,2024-06-13 11:02:59,NEXUS_TRUST_071,SOLARIS_FIN_123,12707.74,GBP,AU,AU,normal,6009.0,0
FBE249BC577AE3A4,2024-06-10,2024-06-10 01:06:40,HELIX_PAYMENTS_085,CORONA_CLEARING_116,1018350.7,AED,AU,AU,normal,228.0,0
FC0EE8D97A422688,2024-03-22,2024-03-22 00:19:02,NOVA_TRUST_061,NOVA_TRUST_141,16779.65,CHF,JP,JP,normal,56.0,0
FC13CD3728A93B2A,2024-06-11,2024-06-11 13:53:35,ZENITH_FUND_087,DELTA_BANCORP_172,8254.66,CHF,MT,VG,structuring,592.0,1
FC192290B24182B3,2024-02-12,2024-02-12 16:27:27,NEXUS_TRUST_031,DELTA_BANCORP_072,18793.36,GBP,AU,CY,normal,26740.0,0
FC4C4E09639F9845,2024-04-11,2024-04-11 17:30:04,OBSIDIAN_PARTNERS_068,AXIOM_PARTNERS_098,5292.89,AED,SG,AE,normal,2953.0,0
FC529F3F23CA5102,2024-02-08,2024-02-08 07:37:20,PRIME_HOLDINGS_179,QUANTUM_CLEARING_086,20509.16,USD,JP,SG,normal,11499.0,0
FC7B610951F79A44,2024-02-19,2024-02-19 03:25:07,SOLARIS_FIN_083,OMEGA_FIN_053,1750.48,AED,JP,LI,velocity_burst,28.0,0
FCAFA79EFFED2469,2024-06-13,2024-06-13 01:54:08,PRIME_HOLDINGS_039,AXIOM_PARTNERS_138,190075.68,EUR,MT,JP,normal,45.0,0
FCB343AB718472FE,2024-01-18,2024-01-18 09:25:30,AXIOM_PARTNERS_038,STRATUS_FUND_157,12280.92,GBP,SG,VG,circular_flow,1195.0,0
FCBCB418439DF670,2024-06-05,2024-06-05 08:43:10,MERIDIAN_CAPITAL_140,SOLARIS_FIN_023,464.62,HKD,UK,JP,normal,7026.0,0
FCD37AD1380A14A,2024-01-05,2024-01-05 19:24:32,ATLAS_BANCORP_082,CORONA_CLEARING_076,358125.36,GBP,LI,KY,layering,544.0,0
FCDC7F832362AB62,2024-06-16,2024-06-16 01:27:34,ZENITH_FUND_067,CORONA_CLEARING_116,9755.82,SGD,AE,UK,velocity_burst,38.0,1
FD237893BAB9F1CE,2024-01-02,2024-01-02 12:15:44,MERIDIAN_CAPITAL_000,VERTEX_PAYMENTS_135,1852.36,AED,VG,UK,velocity_burst,24.0,0
FD274BFA97CAAC5,2024-03-07,2024-03-07 14:09:16,CIPHER_CAPITAL_110,VORTEX_CREDIT_124,9661.32,HKD,US,DE,structuring,562.0,0
FD51F5841E3AC02E,2024-03-02,2024-03-02 23:28:22,OBSIDIAN_PARTNERS_088,HELIX_PAYMENTS_025,2908.77,SGD,VG,PA,velocity_burst,3.0,0
FD60930462B38D66,2024-06-11,2024-06-11 13:42:36,ZENITH_FUND_087,NEXUS_TRUST_051,9521.78,CHF,KY,FR,structuring,338.0,0
FD641672F65C82BB,2024-01-22,2024-01-22 06:11:49,PRIME_HOLDINGS_099,VERTEX_PAYMENTS_115,14642.06,EUR,SG,CY,velocity_burst,57.0,1
FD6EDB4DD746E947,2024-05-14,2024-05-14 02:15:07,ATLAS_BANCORP_122,DELTA_BANCORP_052,9309.05,USD,US,MT,structuring,56.0,0
FD6F2DB4D81BC3F0,2024-02-26,2024-02-26 10:20:32,ECLIPSE_HOLDINGS_089,CIPHER_CAPITAL_090,13727.25,USD,VG,MT,velocity_burst,5.0,0
FD8DD8136C4C4B78,2024-04-28,2024-04-28 05:22:30,AXIOM_PARTNERS_158,PRIME_HOLDINGS_159,19366.64,CHF,UK,SG,normal,2342.0,0
FD8DE83892552496,2024-03-13,2024-03-13 23:54:07,OMEGA_FIN_073,VORTEX_CREDIT_084,9407.86,GBP,US,VG,structuring,177.0,0
FD923479673676FC,2024-07-08,2024-07-08 00:36:58,VERTEX_PAYMENTS_015,SOLARIS_FIN_043,25415.1,GBP,CY,FR,normal,6845.0,0
FD972F42B97FF607,2024-01-09,2024-01-09 04:59:58,NOVA_TRUST_061,VERTEX_PAYMENTS_135,314070.14,AED,MT,PA,layering,327.0,0
FD977C59FB363E83,2024-06-30,2024-06-30 15:23:37,QUANTUM_CLEARING_186,ECLIPSE_HOLDINGS_069,7389069.47,CHF,DE,AE,normal,17566.0,0
FDA9953592DA610D,2024-02-19,2024-02-19 16:07:46,SOLARIS_FIN_183,STRATUS_FUND_177,57580.33,CHF,SG,MT,circular_flow,1905.0,0
FDADE9F1595FD335,2024-05-04,2024-05-04 22:40:46,ATLAS_BANCORP_002,OMEGA_FIN_113,8316.1,SGD,CY,DE,normal,1449.0,0
FDB0315910A5013E,2024-05-20,2024-05-20 20:31:49,NEXUS_TRUST_111,CIPHER_CAPITAL_110,8589.28,EUR,DE,DE,structuring,106.0,1
FDB0570F69EB0821,2024-04-09,2024-04-09 13:45:57,VERTEX_PAYMENTS_015,STRATUS_FUND_177,1859.47,EUR,AE,FR,normal,6870.0,0
FDB421191D0222EB,2024-01-19,2024-01-19 23:06:14,CIPHER_CAPITAL_170,NOVA_TRUST_181,12260.25,AED,SG,MT,normal,4648.0,0
FDCC4335513351B4,2024-01-06,2024-01-06 00:41:22,CORONA_CLEARING_116,CORONA_CLEARING_196,822029.69,EUR,MT,UK,normal,4791.0,0
FDDF74E5D9121ABE,2024-05-31,2024-05-31 19:18:07,OBSIDIAN_PARTNERS_028,VERTEX_PAYMENTS_055,5747.18,USD,AE,LI,velocity_burst,86.0,0
FDE4A5C393620E61,2024-01-22,2024-01-22 17:06:12,DELTA_BANCORP_012,NOVA_TRUST_121,41496.64,USD,US,US,normal,13628.0,0
FDEC607F66ABDDF8,2024-01-07,2024-01-07 16:51:39,CIPHER_CAPITAL_090,PRIME_HOLDINGS_059,8084.03,GBP,KY,VG,structuring,4164.0,0
FDED75789CE75B75,2024-06-13,2024-06-13 21:34:20,CIPHER_CAPITAL_050,MERIDIAN_CAPITAL_140,9117.15,GBP,AE,KY,structuring,44.0,1
FDEF15F4CC963415,2024-02-09,2024-02-09 04:03:22,QUANTUM_CLEARING_126,ATLAS_BANCORP_102,6096.64,HKD,KY,JP,normal,798.0,0
FDF483D2C32D7E08,2024-06-17,2024-06-17 17:07:00,HELIX_PAYMENTS_185,DELTA_BANCORP_152,12723.85,SGD,LI,JP,normal,11060.0,0
FE00CA04C1B20308,2024-04-08,2024-04-08 19:50:47,CORONA_CLEARING_016,ZENITH_FUND_067,8020.59,SGD,AE,PA,normal,558.0,0
FE0ED2BC4A16A4DF,2024-04-25,2024-04-25 12:11:27,AXIOM_PARTNERS_138,HELIX_PAYMENTS_045,3593.92,AED,UK,AU,normal,3113.0,0
FE0F3A9E8F5CB21,2024-02-27,2024-02-27 23:37:28,VERTEX_PAYMENTS_075,STRATUS_FUND_137,8309.42,SGD,DE,US,structuring,164.0,1
FE11C625DAA62420,2024-01-15,2024-01-15 08:26:16,ECLIPSE_HOLDINGS_009,ECLIPSE_HOLDINGS_049,1832.33,GBP,KY,FR,normal,10723.0,0
FE220A1F752C07CA,2024-04-25,2024-04-25 17:10:33,AXIOM_PARTNERS_058,PRIME_HOLDINGS_079,3076.58,SGD,SG,KY,velocity_burst,6.0,1
FE294DE2B92513CB,2024-02-29,2024-02-29 16:56:00,STRATUS_FUND_177,CORONA_CLEARING_196,35167.66,EUR,UK,LI,normal,4654.0,0
FE311904C9A2E343,2024-05-07,2024-05-07 00:35:38,VERTEX_PAYMENTS_055,ECLIPSE_HOLDINGS_069,2913.12,CHF,DE,US,normal,3540.0,0
FE456297671237F6,2024-01-10,2024-01-10 06:38:52,STRATUS_FUND_057,OMEGA_FIN_073,8867.2,AED,AU,KY,structuring,17.0,0
FE4B175B144979A,2024-03-08,2024-03-08 07:44:47,CORONA_CLEARING_036,VERTEX_PAYMENTS_075,24915.6,USD,KY,KY,normal,4287.0,0
FE4B2EBF31CED4CD,2024-04-02,2024-04-02 23:48:23,QUANTUM_CLEARING_166,VORTEX_CREDIT_044,1108.58,HKD,AE,MT,normal,1390.0,0
FE53C47948CFEB45,2024-02-01,2024-02-01 08:21:47,HELIX_PAYMENTS_045,ATLAS_BANCORP_162,201727.93,HKD,PA,MT,normal,10362.0,0
FE85D940DD3D201B,2024-06-03,2024-06-03 04:57:46,ECLIPSE_HOLDINGS_009,VERTEX_PAYMENTS_075,8314.11,USD,CY,JP,structuring,142.0,0
FE9D3AE8835FC2FC,2024-06-21,2024-06-21 11:44:38,DELTA_BANCORP_072,OMEGA_FIN_033,359173.24,USD,JP,FR,normal,553.0,0
FE9DFF0072992BD,2024-02-17,2024-02-17 03:14:03,NEXUS_TRUST_191,QUANTUM_CLEARING_006,1893.88,HKD,JP,DE,normal,3352.0,0
FEA56231E228910D,2024-06-21,2024-06-21 04:53:36,PRIME_HOLDINGS_139,CIPHER_CAPITAL_050,735.98,HKD,UK,JP,normal,182.0,0
FEAF3CA819A1EB59,2024-01-14,2024-01-14 04:47:07,NEXUS_TRUST_191,STRATUS_FUND_157,654.1,USD,LI,FR,normal,3245.0,0
FECE55BB204D2102,2024-01-27,2024-01-27 18:50:01,AXIOM_PARTNERS_158,OMEGA_FIN_133,53270.44,CHF,AU,US,layering,498.0,0
FED11800E612E6DD,2024-04-07,2024-04-07 10:20:19,CIPHER_CAPITAL_090,CIPHER_CAPITAL_190,59311.25,AED,PA,JP,normal,14832.0,0
FEDACDBD2EEC59F2,2024-01-13,2024-01-13 05:18:57,STRATUS_FUND_017,OMEGA_FIN_173,127920.17,CHF,UK,CY,normal,9881.0,0
FEE7AECAEC22908F,2024-06-07,2024-06-07 12:53:57,NOVA_TRUST_141,VERTEX_PAYMENTS_135,1235.6,AED,SG,LI,normal,9890.0,0
FEEF6DDAE8571A38,2024-05-11,2024-05-11 16:14:45,CORONA_CLEARING_176,NEXUS_TRUST_111,35889.99,AED,MT,VG,normal,3196.0,0
FF075E4AF2A03E43,2024-05-31,2024-05-31 02:52:06,SOLARIS_FIN_083,VERTEX_PAYMENTS_095,5389.4,AED,JP,CY,normal,1221.0,0
FF1E0DA28E62EDA8,2024-04-01,2024-04-01 03:55:29,MERIDIAN_CAPITAL_160,VORTEX_CREDIT_104,8423.09,USD,LI,LI,structuring,2924.0,0
FF1FFE183A40CD57,2024-02-26,2024-02-26 03:01:37,AXIOM_PARTNERS_038,ECLIPSE_HOLDINGS_189,2309.85,AED,AU,PA,velocity_burst,11.0,1
FF20A5B45EF00A97,2024-03-04,2024-03-04 22:37:16,NEXUS_TRUST_151,PRIME_HOLDINGS_159,9773.73,CHF,FR,UK,velocity_burst,5.0,0
FF361EFF902F1EE4,2024-02-09,2024-02-09 04:50:59,APEX_CREDIT_194,SOLARIS_FIN_103,1524.83,CHF,AE,MT,normal,1170.0,0
FF3D1EA0977DBC65,2024-01-07,2024-01-07 01:14:20,ECLIPSE_HOLDINGS_029,AXIOM_PARTNERS_118,8424.73,SGD,US,VG,normal,2792.0,0
FF519904FB53BE8,2024-06-11,2024-06-11 10:20:26,CORONA_CLEARING_016,SOLARIS_FIN_083,10211.82,GBP,UK,SG,normal,2469.0,0
FF694356DE64ABD7,2024-07-07,2024-07-07 15:14:55,CIPHER_CAPITAL_090,APEX_CREDIT_034,11700.33,GBP,FR,LI,velocity_burst,42.0,1
FF70B5125C3A9194,2024-06-18,2024-06-18 07:57:33,NOVA_TRUST_121,MERIDIAN_CAPITAL_060,2582.77,HKD,CY,US,normal,2970.0,0
FF80C075228382C9,2024-06-04,2024-06-04 01:26:36,CORONA_CLEARING_036,PRIME_HOLDINGS_019,6841.36,EUR,MT,CY,velocity_burst,1431.0,0
FF83914864C0B029,2024-06-17,2024-06-17 20:22:35,OMEGA_FIN_113,ECLIPSE_HOLDINGS_029,4105.91,HKD,AE,DE,normal,11735.0,0
FF86F47E90E63D6,2024-02-08,2024-02-08 04:25:41,PRIME_HOLDINGS_119,MERIDIAN_CAPITAL_080,950.38,CHF,JP,KY,normal,11507.0,0
FF9AE53CA150576C,2024-04-01,2024-04-01 15:06:10,STRATUS_FUND_177,MERIDIAN_CAPITAL_000,7678.54,AED,US,AU,velocity_burst,6.0,1
FFAA81FFF64C9DD8,2024-01-06,2024-01-06 02:24:03,QUANTUM_CLEARING_126,NEXUS_TRUST_071,28871.41,EUR,LI,FR,normal,1149.0,0
FFB9820FCAD768B3,2024-06-24,2024-06-24 20:14:55,MERIDIAN_CAPITAL_180,ATLAS_BANCORP_122,308009.83,CHF,FR,KY,normal,5423.0,0
FFC4A12AD72A4C99,2024-06-14,2024-06-14 19:49:31,VORTEX_CREDIT_144,ATLAS_BANCORP_062,3520.67,CHF,MT,CY,normal,4382.0,0
FFCF7F36E8DA0E45,2024-02-02,2024-02-02 09:18:50,QUANTUM_CLEARING_146,CORONA_CLEARING_016,40983.12,AED,UK,PA,normal,9325.0,0
FFD1A68C495A4809,2024-02-10,2024-02-10 14:10:11,OBSIDIAN_PARTNERS_168,VORTEX_CREDIT_164,8383.63,SGD,DE,DE,structuring,186.0,0
FFDC35C13F5D5721,2024-01-22,2024-01-22 06:40:13,ECLIPSE_HOLDINGS_069,QUANTUM_CLEARING_146,637.02,GBP,PA,MT,velocity_burst,6.0,1
FFDD02D1592F3EBF,2024-03-12,2024-03-12 05:27:14,PRIME_HOLDINGS_179,ATLAS_BANCORP_022,79530.92,HKD,LI,KY,normal,596.0,0
FFF16FEE82BF6DB9,2024-01-10,2024-01-10 21:37:21,CIPHER_CAPITAL_150,ZENITH_FUND_087,8670.84,USD,LI,AE,structuring,424.0,0
