alert_id,tx_id,date_key,timestamp,risk_score,risk_category_key,anomaly_score,structuring_score,graph_score,velocity_score,circular_score,high_risk_jx_score,reason,source_entity_key,dest_entity_key
1,B9A4C4D21F67B78A,2024-01-20,2024-01-20 03:01:12,0.622297,HIGH,0.965948,1.0,0.010052,1.0,0.0,0.6,"STRUCTURING: 9 sub-threshold transactions totalling $40,566 (avg $4,507) within 60 min window | VELOCITY: 15 transactions from APEX_CREDIT_054 in 300s window | HIGH-RISK JX: Jurisdiction LI flagged ($641)",APEX_CREDIT_054,SOLARIS_FIN_023
2,B39715EF287D0B9F,2024-01-20,2024-01-20 06:54:21,0.735237,HIGH,1.0,0.542106,0.61393,0.733333,1.0,0.0,"VELOCITY: 11 transactions from NEXUS_TRUST_151 in 300s window | CIRCULAR FLOW: NEXUS_TRUST_151 participates in a transaction cycle | LAYERING: Multi-hop indicator 0.00, betweenness 0.2275 for NEXUS_TRUST_151",NEXUS_TRUST_151,HELIX_PAYMENTS_185
3,C40901D826E1DD94,2024-01-20,2024-01-20 06:54:28,0.828726,CRITICAL,1.0,0.826216,0.61393,0.8,1.0,0.6,"STRUCTURING: 8 sub-threshold transactions totalling $30,983 (avg $3,873) within 60 min window | VELOCITY: 12 transactions from NEXUS_TRUST_151 in 300s window | CIRCULAR FLOW: NEXUS_TRUST_151 participates in a transaction cycle | LAYERING: Multi-hop indicator 0.00, betweenness 0.2275 for NEXUS_TRUST_151 | HIGH-RISK JX: Jurisdiction KY flagged ($7,750)",NEXUS_TRUST_151,HELIX_PAYMENTS_085
4,47D4C933AB55ED28,2024-01-20,2024-01-20 06:55:12,0.840149,CRITICAL,1.0,1.0,0.61393,0.866667,1.0,0.0,"STRUCTURING: 9 sub-threshold transactions totalling $39,770 (avg $4,419) within 60 min window | VELOCITY: 13 transactions from NEXUS_TRUST_151 in 300s window | CIRCULAR FLOW: NEXUS_TRUST_151 participates in a transaction cycle | LAYERING: Multi-hop indicator 0.00, betweenness 0.2275 for NEXUS_TRUST_151",NEXUS_TRUST_151,ECLIPSE_HOLDINGS_189
5,58031BA52D8199D7,2024-01-20,2024-01-20 06:55:40,0.846816,CRITICAL,1.0,1.0,0.61393,0.933333,1.0,0.0,"VELOCITY: 14 transactions from NEXUS_TRUST_151 in 300s window | CIRCULAR FLOW: NEXUS_TRUST_151 participates in a transaction cycle | LAYERING: Multi-hop indicator 0.00, betweenness 0.2275 for NEXUS_TRUST_151",NEXUS_TRUST_151,STRATUS_FUND_037
6,7A61667CFC4CBD92,2024-01-20,2024-01-20 06:55:42,0.883482,CRITICAL,1.0,1.0,0.61393,1.0,1.0,0.6,"STRUCTURING: 10 sub-threshold transactions totalling $44,671 (avg $4,467) within 60 min window | VELOCITY: 15 transactions from NEXUS_TRUST_151 in 300s window | CIRCULAR FLOW: NEXUS_TRUST_151 participates in a transaction cycle | LAYERING: Multi-hop indicator 0.00, betweenness 0.2275 for NEXUS_TRUST_151 | HIGH-RISK JX: Jurisdiction CY flagged ($4,901)",NEXUS_TRUST_151,APEX_CREDIT_094
7,1D22680BC88F59C0,2024-01-20,2024-01-20 06:56:33,0.883482,CRITICAL,1.0,1.0,0.61393,1.0,1.0,0.6,"STRUCTURING: 11 sub-threshold transactions totalling $47,609 (avg $4,328) within 60 min window | VELOCITY: 16 transactions from NEXUS_TRUST_151 in 300s window | CIRCULAR FLOW: NEXUS_TRUST_151 participates in a transaction cycle | LAYERING: Multi-hop indicator 0.00, betweenness 0.2275 for NEXUS_TRUST_151 | HIGH-RISK JX: Jurisdiction MT flagged ($2,938)",NEXUS_TRUST_151,CIPHER_CAPITAL_170
8,75DF5E1CB91A01B8,2024-01-20,2024-01-20 06:56:42,0.903482,CRITICAL,1.0,1.0,0.61393,1.0,1.0,1.0,"STRUCTURING: 12 sub-threshold transactions totalling $52,426 (avg $4,369) within 60 min window | VELOCITY: 17 transactions from NEXUS_TRUST_151 in 300s window | CIRCULAR FLOW: NEXUS_TRUST_151 participates in a transaction cycle | LAYERING: Multi-hop indicator 0.00, betweenness 0.2275 for NEXUS_TRUST_151 | HIGH-RISK JX: Both jurisdictions flagged (CY → CY) for $4,816",NEXUS_TRUST_151,PRIME_HOLDINGS_019
9,F5D6100859DA7DA0,2024-01-20,2024-01-20 20:46:30,0.671223,HIGH,0.986665,0.258796,0.613859,0.2,1.0,1.0,"STRUCTURING: 3 sub-threshold transactions totalling $25,880 (avg $8,627) within 60 min window | CIRCULAR FLOW: NEXUS_TRUST_151 participates in a transaction cycle | LAYERING: Multi-hop indicator 0.00, betweenness 0.2275 for NEXUS_TRUST_151 | HIGH-RISK JX: Both jurisdictions flagged (LI → VG) for $8,061",NEXUS_TRUST_151,CORONA_CLEARING_156
10,D3A6C4BC59943A65,2024-01-20,2024-01-20 20:48:43,0.666389,HIGH,1.0,0.464622,0.613859,0.2,1.0,0.0,"STRUCTURING: 4 sub-threshold transactions totalling $34,847 (avg $8,712) within 60 min window | CIRCULAR FLOW: NEXUS_TRUST_151 participates in a transaction cycle | LAYERING: Multi-hop indicator 0.00, betweenness 0.2275 for NEXUS_TRUST_151",NEXUS_TRUST_151,ZENITH_FUND_067
11,FD641672F65C82BB,2024-01-22,2024-01-22 06:11:49,0.607366,HIGH,0.958803,0.339212,0.274199,0.533333,1.0,0.6,"VELOCITY: 8 transactions from PRIME_HOLDINGS_099 in 300s window | CIRCULAR FLOW: PRIME_HOLDINGS_099 participates in a transaction cycle | HIGH-RISK JX: Jurisdiction CY flagged ($14,642)",PRIME_HOLDINGS_099,VERTEX_PAYMENTS_115
12,41FEAC254B5038F,2024-01-22,2024-01-22 06:11:56,0.644699,HIGH,0.972106,0.472586,0.274199,0.6,1.0,0.6,"STRUCTURING: 5 sub-threshold transactions totalling $28,355 (avg $5,671) within 60 min window | VELOCITY: 9 transactions from PRIME_HOLDINGS_099 in 300s window | CIRCULAR FLOW: PRIME_HOLDINGS_099 participates in a transaction cycle | HIGH-RISK JX: Jurisdiction CY flagged ($2,914)",PRIME_HOLDINGS_099,CORONA_CLEARING_036
13,DE62DBCF5875B053,2024-01-22,2024-01-22 06:11:58,0.68183,HIGH,1.0,0.583068,0.274199,0.666667,1.0,0.6,"STRUCTURING: 6 sub-threshold transactions totalling $29,153 (avg $4,859) within 60 min window | VELOCITY: 10 transactions from PRIME_HOLDINGS_099 in 300s window | CIRCULAR FLOW: PRIME_HOLDINGS_099 participates in a transaction cycle | HIGH-RISK JX: Jurisdiction CY flagged ($798)",PRIME_HOLDINGS_099,ECLIPSE_HOLDINGS_129
14,F2B10B01F4AF02F0,2024-01-22,2024-01-22 06:12:32,0.740736,HIGH,0.992518,0.755487,0.274199,0.733333,1.0,1.0,"STRUCTURING: 7 sub-threshold transactions totalling $32,378 (avg $4,625) within 60 min window | VELOCITY: 11 transactions from PRIME_HOLDINGS_099 in 300s window | CIRCULAR FLOW: PRIME_HOLDINGS_099 participates in a transaction cycle | HIGH-RISK JX: Both jurisdictions flagged (VG → LI) for $3,225",PRIME_HOLDINGS_099,OMEGA_FIN_093
15,FFDC35C13F5D5721,2024-01-22,2024-01-22 06:40:13,0.628396,HIGH,0.962693,0.344084,0.269751,0.533333,1.0,1.0,"STRUCTURING: 5 sub-threshold transactions totalling $20,645 (avg $4,129) within 60 min window | VELOCITY: 8 transactions from ECLIPSE_HOLDINGS_069 in 300s window | CIRCULAR FLOW: ECLIPSE_HOLDINGS_069 participates in a transaction cycle | HIGH-RISK JX: Both jurisdictions flagged (PA → MT) for $637",ECLIPSE_HOLDINGS_069,QUANTUM_CLEARING_146
16,A528DF7B856F1973,2024-01-22,2024-01-22 06:40:27,0.612107,HIGH,0.978589,0.455462,0.269751,0.6,1.0,0.0,"STRUCTURING: 6 sub-threshold transactions totalling $22,773 (avg $3,796) within 60 min window | VELOCITY: 9 transactions from ECLIPSE_HOLDINGS_069 in 300s window | CIRCULAR FLOW: ECLIPSE_HOLDINGS_069 participates in a transaction cycle",ECLIPSE_HOLDINGS_069,MERIDIAN_CAPITAL_080
17,F9C8FD896E5EA27D,2024-01-22,2024-01-22 06:40:31,0.658446,HIGH,1.0,0.621709,0.269751,0.666667,1.0,0.0,"STRUCTURING: 7 sub-threshold transactions totalling $26,645 (avg $3,806) within 60 min window | VELOCITY: 10 transactions from ECLIPSE_HOLDINGS_069 in 300s window | CIRCULAR FLOW: ECLIPSE_HOLDINGS_069 participates in a transaction cycle",ECLIPSE_HOLDINGS_069,AXIOM_PARTNERS_058
18,C832AF59B4D330FF,2024-01-22,2024-01-22 06:40:37,0.722191,HIGH,0.97569,0.793564,0.269751,0.733333,1.0,0.6,"STRUCTURING: 8 sub-threshold transactions totalling $29,759 (avg $3,720) within 60 min window | VELOCITY: 11 transactions from ECLIPSE_HOLDINGS_069 in 300s window | CIRCULAR FLOW: ECLIPSE_HOLDINGS_069 participates in a transaction cycle | HIGH-RISK JX: Jurisdiction AE flagged ($3,114)",ECLIPSE_HOLDINGS_069,OBSIDIAN_PARTNERS_048
19,C5D462F388613A1E,2024-01-22,2024-01-22 06:40:47,0.747438,HIGH,1.0,1.0,0.269751,0.8,1.0,0.0,"STRUCTURING: 9 sub-threshold transactions totalling $38,586 (avg $4,287) within 60 min window | VELOCITY: 12 transactions from ECLIPSE_HOLDINGS_069 in 300s window | CIRCULAR FLOW: ECLIPSE_HOLDINGS_069 participates in a transaction cycle",ECLIPSE_HOLDINGS_069,SOLARIS_FIN_063
20,7D5EF9EF68AACE1E,2024-01-22,2024-01-22 06:40:53,0.754104,HIGH,1.0,1.0,0.269751,0.866667,1.0,0.0,"STRUCTURING: 10 sub-threshold transactions totalling $40,124 (avg $4,012) within 60 min window | VELOCITY: 13 transactions from ECLIPSE_HOLDINGS_069 in 300s window | CIRCULAR FLOW: ECLIPSE_HOLDINGS_069 participates in a transaction cycle",ECLIPSE_HOLDINGS_069,ZENITH_FUND_087
21,C63CD2393EC035D9,2024-01-22,2024-01-22 06:41:02,0.790771,HIGH,1.0,1.0,0.269751,0.933333,1.0,0.6,"STRUCTURING: 11 sub-threshold transactions totalling $46,930 (avg $4,266) within 60 min window | VELOCITY: 14 transactions from ECLIPSE_HOLDINGS_069 in 300s window | CIRCULAR FLOW: ECLIPSE_HOLDINGS_069 participates in a transaction cycle | HIGH-RISK JX: Jurisdiction AE flagged ($6,806)",ECLIPSE_HOLDINGS_069,ZENITH_FUND_047
22,19C8ABFFF9253F43,2024-01-22,2024-01-22 06:41:07,0.817438,CRITICAL,1.0,1.0,0.269751,1.0,1.0,1.0,"STRUCTURING: 12 sub-threshold transactions totalling $55,000 (avg $4,583) within 60 min window | VELOCITY: 15 transactions from ECLIPSE_HOLDINGS_069 in 300s window | CIRCULAR FLOW: ECLIPSE_HOLDINGS_069 participates in a transaction cycle | HIGH-RISK JX: Both jurisdictions flagged (AE → LI) for $8,070",ECLIPSE_HOLDINGS_069,CIPHER_CAPITAL_010
23,B309EFD3C1E1B1CA,2024-01-22,2024-01-22 06:42:13,0.797438,HIGH,1.0,1.0,0.269751,1.0,1.0,0.6,"VELOCITY: 16 transactions from ECLIPSE_HOLDINGS_069 in 300s window | CIRCULAR FLOW: ECLIPSE_HOLDINGS_069 participates in a transaction cycle | HIGH-RISK JX: Jurisdiction CY flagged ($11,694)",ECLIPSE_HOLDINGS_069,STRATUS_FUND_177
24,5C7C9AB23BF0046A,2024-01-22,2024-01-22 06:42:22,0.817438,CRITICAL,1.0,1.0,0.269751,1.0,1.0,1.0,"VELOCITY: 17 transactions from ECLIPSE_HOLDINGS_069 in 300s window | CIRCULAR FLOW: ECLIPSE_HOLDINGS_069 participates in a transaction cycle | HIGH-RISK JX: Both jurisdictions flagged (CY → MT) for $13,272",ECLIPSE_HOLDINGS_069,MERIDIAN_CAPITAL_120
25,E3227FCFA63C57BD,2024-01-22,2024-01-22 06:43:37,0.767438,HIGH,1.0,1.0,0.269751,1.0,1.0,0.0,"STRUCTURING: 13 sub-threshold transactions totalling $60,873 (avg $4,683) within 60 min window | VELOCITY: 18 transactions from ECLIPSE_HOLDINGS_069 in 300s window | CIRCULAR FLOW: ECLIPSE_HOLDINGS_069 participates in a transaction cycle",ECLIPSE_HOLDINGS_069,NOVA_TRUST_121
26,B638FC06592A794A,2024-01-22,2024-01-22 06:44:49,0.790771,HIGH,1.0,1.0,0.269751,0.933333,1.0,0.6,"STRUCTURING: 14 sub-threshold transactions totalling $64,929 (avg $4,638) within 60 min window | VELOCITY: 14 transactions from ECLIPSE_HOLDINGS_069 in 300s window | CIRCULAR FLOW: ECLIPSE_HOLDINGS_069 participates in a transaction cycle | HIGH-RISK JX: Jurisdiction MT flagged ($4,057)",ECLIPSE_HOLDINGS_069,DELTA_BANCORP_012
27,12BBF10BC87FD0DC,2024-01-22,2024-01-22 06:46:52,0.700771,HIGH,1.0,1.0,0.269751,0.333333,1.0,0.0,VELOCITY: 5 transactions from ECLIPSE_HOLDINGS_069 in 300s window | CIRCULAR FLOW: ECLIPSE_HOLDINGS_069 participates in a transaction cycle,ECLIPSE_HOLDINGS_069,CORONA_CLEARING_136
28,948303E158D2CF0E,2024-01-22,2024-01-22 09:36:28,0.608357,HIGH,0.842039,0.462672,0.426177,0.266667,1.0,0.6,"STRUCTURING: 4 sub-threshold transactions totalling $34,700 (avg $8,675) within 60 min window | CIRCULAR FLOW: ATLAS_BANCORP_162 participates in a transaction cycle | HIGH-RISK JX: Jurisdiction KY flagged ($8,346)",ATLAS_BANCORP_162,NOVA_TRUST_061
29,1DF11A17703B42B7,2024-01-22,2024-01-22 09:36:55,0.692719,HIGH,0.862031,0.721163,0.426177,0.333333,1.0,1.0,"STRUCTURING: 5 sub-threshold transactions totalling $43,270 (avg $8,654) within 60 min window | VELOCITY: 5 transactions from ATLAS_BANCORP_162 in 300s window | CIRCULAR FLOW: ATLAS_BANCORP_162 participates in a transaction cycle | HIGH-RISK JX: Both jurisdictions flagged (VG → LI) for $8,569",ATLAS_BANCORP_162,NEXUS_TRUST_011
30,A778877A1555AAFD,2024-01-22,2024-01-22 09:45:37,0.693973,HIGH,0.935873,1.0,0.426177,0.066667,1.0,0.0,"STRUCTURING: 6 sub-threshold transactions totalling $51,406 (avg $8,568) within 60 min window | CIRCULAR FLOW: ATLAS_BANCORP_162 participates in a transaction cycle",ATLAS_BANCORP_162,HELIX_PAYMENTS_145
31,F92F5F26B1D2DC3,2024-01-22,2024-01-22 09:52:19,0.75928,HIGH,0.986898,1.0,0.426177,0.066667,1.0,1.0,"STRUCTURING: 7 sub-threshold transactions totalling $60,109 (avg $8,587) within 60 min window | CIRCULAR FLOW: ATLAS_BANCORP_162 participates in a transaction cycle | HIGH-RISK JX: Both jurisdictions flagged (CY → CY) for $8,703",ATLAS_BANCORP_162,STRATUS_FUND_197
32,1D9EC36363BE16FD,2024-01-22,2024-01-22 10:28:08,0.746393,HIGH,0.943941,1.0,0.426177,0.066667,1.0,1.0,"CIRCULAR FLOW: ATLAS_BANCORP_162 participates in a transaction cycle | HIGH-RISK JX: Both jurisdictions flagged (LI → KY) for $194,719",ATLAS_BANCORP_162,ATLAS_BANCORP_042
33,B93480162C74996B,2024-01-22,2024-01-22 20:00:30,0.605925,HIGH,0.920527,0.125038,0.619036,0.2,1.0,0.6,"STRUCTURING: 3 sub-threshold transactions totalling $12,504 (avg $4,168) within 60 min window | CIRCULAR FLOW: QUANTUM_CLEARING_166 participates in a transaction cycle | LAYERING: Multi-hop indicator 0.00, betweenness 0.1646 for QUANTUM_CLEARING_166 | HIGH-RISK JX: Jurisdiction CY flagged ($3,226)",QUANTUM_CLEARING_166,STRATUS_FUND_037
34,5DF424BA3FDFC41A,2024-01-22,2024-01-22 20:00:38,0.658075,HIGH,0.941647,0.220776,0.619036,0.266667,1.0,1.0,"STRUCTURING: 4 sub-threshold transactions totalling $16,558 (avg $4,140) within 60 min window | CIRCULAR FLOW: QUANTUM_CLEARING_166 participates in a transaction cycle | LAYERING: Multi-hop indicator 0.00, betweenness 0.1646 for QUANTUM_CLEARING_166 | HIGH-RISK JX: Both jurisdictions flagged (AE → CY) for $4,054",QUANTUM_CLEARING_166,OMEGA_FIN_013
35,18281009CB183108,2024-01-22,2024-01-22 20:00:46,0.647305,HIGH,0.950191,0.220776,0.619036,0.333333,1.0,0.6,"VELOCITY: 5 transactions from QUANTUM_CLEARING_166 in 300s window | CIRCULAR FLOW: QUANTUM_CLEARING_166 participates in a transaction cycle | LAYERING: Multi-hop indicator 0.00, betweenness 0.1646 for QUANTUM_CLEARING_166 | HIGH-RISK JX: Jurisdiction AE flagged ($13,603)",QUANTUM_CLEARING_166,SOLARIS_FIN_143
36,27DC892F4336F816,2024-01-22,2024-01-22 20:01:06,0.677648,HIGH,1.0,0.414447,0.619036,0.4,1.0,0.0,"STRUCTURING: 5 sub-threshold transactions totalling $24,867 (avg $4,973) within 60 min window | VELOCITY: 6 transactions from QUANTUM_CLEARING_166 in 300s window | CIRCULAR FLOW: QUANTUM_CLEARING_166 participates in a transaction cycle | LAYERING: Multi-hop indicator 0.00, betweenness 0.1646 for QUANTUM_CLEARING_166",QUANTUM_CLEARING_166,OBSIDIAN_PARTNERS_008
37,280FE8E4C6C1BC67,2024-01-22,2024-01-22 20:01:22,0.72785,HIGH,0.949122,0.558439,0.619036,0.466667,1.0,0.6,"STRUCTURING: 6 sub-threshold transactions totalling $27,922 (avg $4,654) within 60 min window | VELOCITY: 7 transactions from QUANTUM_CLEARING_166 in 300s window | CIRCULAR FLOW: QUANTUM_CLEARING_166 participates in a transaction cycle | LAYERING: Multi-hop indicator 0.00, betweenness 0.1646 for QUANTUM_CLEARING_166 | HIGH-RISK JX: Jurisdiction PA flagged ($3,055)",QUANTUM_CLEARING_166,ATLAS_BANCORP_082
38,38A35D39FC0BCFD8,2024-01-22,2024-01-22 20:01:47,0.71978,HIGH,1.0,0.558439,0.619036,0.533333,1.0,0.0,"VELOCITY: 8 transactions from QUANTUM_CLEARING_166 in 300s window | CIRCULAR FLOW: QUANTUM_CLEARING_166 participates in a transaction cycle | LAYERING: Multi-hop indicator 0.00, betweenness 0.1646 for QUANTUM_CLEARING_166",QUANTUM_CLEARING_166,MERIDIAN_CAPITAL_160
39,5374A5741F76D8A,2024-01-22,2024-01-22 20:01:51,0.756447,HIGH,1.0,0.558439,0.619036,0.6,1.0,0.6,"VELOCITY: 9 transactions from QUANTUM_CLEARING_166 in 300s window | CIRCULAR FLOW: QUANTUM_CLEARING_166 participates in a transaction cycle | LAYERING: Multi-hop indicator 0.00, betweenness 0.1646 for QUANTUM_CLEARING_166 | HIGH-RISK JX: Jurisdiction PA flagged ($13,389)",QUANTUM_CLEARING_166,SOLARIS_FIN_143
40,A725EB0A6D12880E,2024-01-22,2024-01-22 20:02:14,0.824712,CRITICAL,0.996652,0.771456,0.619036,0.666667,1.0,1.0,"STRUCTURING: 7 sub-threshold transactions totalling $33,062 (avg $4,723) within 60 min window | VELOCITY: 10 transactions from QUANTUM_CLEARING_166 in 300s window | CIRCULAR FLOW: QUANTUM_CLEARING_166 participates in a transaction cycle | LAYERING: Multi-hop indicator 0.00, betweenness 0.1646 for QUANTUM_CLEARING_166 | HIGH-RISK JX: Both jurisdictions flagged (LI → MT) for $5,140",QUANTUM_CLEARING_166,APEX_CREDIT_134
41,1585C0B8C5FDB42C,2024-01-22,2024-01-22 20:02:18,0.861245,CRITICAL,1.0,0.915764,0.619036,0.733333,1.0,1.0,"STRUCTURING: 8 sub-threshold transactions totalling $34,341 (avg $4,293) within 60 min window | VELOCITY: 11 transactions from QUANTUM_CLEARING_166 in 300s window | CIRCULAR FLOW: QUANTUM_CLEARING_166 participates in a transaction cycle | LAYERING: Multi-hop indicator 0.00, betweenness 0.1646 for QUANTUM_CLEARING_166 | HIGH-RISK JX: Both jurisdictions flagged (PA → MT) for $1,279",QUANTUM_CLEARING_166,PRIME_HOLDINGS_159
42,26C0E638DA08E412,2024-01-23,2024-01-23 00:23:00,0.630716,HIGH,0.918877,0.471553,0.416302,0.266667,1.0,0.6,"STRUCTURING: 4 sub-threshold transactions totalling $35,366 (avg $8,842) within 60 min window | CIRCULAR FLOW: CIPHER_CAPITAL_090 participates in a transaction cycle | HIGH-RISK JX: Jurisdiction LI flagged ($9,640)",CIPHER_CAPITAL_090,CORONA_CLEARING_016
43,0609427E9569A727,2024-01-23,2024-01-23 00:35:30,0.665103,HIGH,0.923344,0.736789,0.416302,0.066667,1.0,0.6,"STRUCTURING: 5 sub-threshold transactions totalling $44,207 (avg $8,841) within 60 min window | CIRCULAR FLOW: CIPHER_CAPITAL_090 participates in a transaction cycle | HIGH-RISK JX: Jurisdiction VG flagged ($8,841)",CIPHER_CAPITAL_090,MERIDIAN_CAPITAL_100
44,8D697C38B2639B4A,2024-01-23,2024-01-23 00:36:16,0.714672,HIGH,0.990876,1.0,0.416302,0.133333,1.0,0.0,"STRUCTURING: 6 sub-threshold transactions totalling $52,348 (avg $8,725) within 60 min window | CIRCULAR FLOW: CIPHER_CAPITAL_090 participates in a transaction cycle",CIPHER_CAPITAL_090,DELTA_BANCORP_072
45,B02224882CE3FA13,2024-01-23,2024-01-23 00:42:34,0.745009,HIGH,0.947557,1.0,0.416302,0.066667,1.0,1.0,"STRUCTURING: 7 sub-threshold transactions totalling $62,259 (avg $8,894) within 60 min window | CIRCULAR FLOW: CIPHER_CAPITAL_090 participates in a transaction cycle | HIGH-RISK JX: Both jurisdictions flagged (AE → PA) for $9,911",CIPHER_CAPITAL_090,OBSIDIAN_PARTNERS_088
46,0386F30A4D58E04C,2024-01-23,2024-01-23 00:49:18,0.710742,HIGH,1.0,1.0,0.416302,0.066667,1.0,0.0,"STRUCTURING: 8 sub-threshold transactions totalling $70,353 (avg $8,794) within 60 min window | CIRCULAR FLOW: CIPHER_CAPITAL_090 participates in a transaction cycle",CIPHER_CAPITAL_090,OBSIDIAN_PARTNERS_168
47,F201E330A526D7F1,2024-01-26,2024-01-26 03:49:32,0.61195,HIGH,0.837824,0.499702,0.309318,0.533333,1.0,0.6,"STRUCTURING: 5 sub-threshold transactions totalling $29,982 (avg $5,996) within 60 min window | VELOCITY: 8 transactions from CORONA_CLEARING_156 in 300s window | CIRCULAR FLOW: CORONA_CLEARING_156 participates in a transaction cycle | HIGH-RISK JX: Jurisdiction LI flagged ($9,917)",CORONA_CLEARING_156,AXIOM_PARTNERS_058
48,0E7B6F205E8263A8,2024-01-26,2024-01-26 03:50:04,0.683398,HIGH,0.852798,0.701147,0.309318,0.6,1.0,1.0,"STRUCTURING: 6 sub-threshold transactions totalling $35,057 (avg $5,843) within 60 min window | VELOCITY: 9 transactions from CORONA_CLEARING_156 in 300s window | CIRCULAR FLOW: CORONA_CLEARING_156 participates in a transaction cycle | HIGH-RISK JX: Both jurisdictions flagged (VG → MT) for $5,075",CORONA_CLEARING_156,ATLAS_BANCORP_122
49,676AFD14512D3C20,2024-01-26,2024-01-26 03:50:05,0.766866,HIGH,1.0,0.86435,0.309318,0.666667,1.0,1.0,"STRUCTURING: 7 sub-threshold transactions totalling $37,044 (avg $5,292) within 60 min window | VELOCITY: 10 transactions from CORONA_CLEARING_156 in 300s window | CIRCULAR FLOW: CORONA_CLEARING_156 participates in a transaction cycle | HIGH-RISK JX: Both jurisdictions flagged (MT → PA) for $1,986",CORONA_CLEARING_156,AXIOM_PARTNERS_018
50,0C4FAA056611B394,2024-01-26,2024-01-26 05:39:44,0.615848,HIGH,0.750161,0.74878,0.284173,0.2,1.0,1.0,"STRUCTURING: 5 sub-threshold transactions totalling $44,927 (avg $8,985) within 60 min window | CIRCULAR FLOW: ECLIPSE_HOLDINGS_089 participates in a transaction cycle | HIGH-RISK JX: Both jurisdictions flagged (AE → CY) for $9,080",ECLIPSE_HOLDINGS_089,ATLAS_BANCORP_082
51,BFCDD8DDB950376C,2024-01-26,2024-01-26 05:42:09,0.649739,HIGH,0.762319,1.0,0.284173,0.2,1.0,0.6,"STRUCTURING: 6 sub-threshold transactions totalling $53,570 (avg $8,928) within 60 min window | CIRCULAR FLOW: ECLIPSE_HOLDINGS_089 participates in a transaction cycle | HIGH-RISK JX: Jurisdiction CY flagged ($8,644)",ECLIPSE_HOLDINGS_089,HELIX_PAYMENTS_085
52,26EDE3E01B78AAE8,2024-01-26,2024-01-26 05:48:38,0.66413,HIGH,0.788066,1.0,0.284173,0.066667,1.0,1.0,"STRUCTURING: 7 sub-threshold transactions totalling $62,321 (avg $8,903) within 60 min window | CIRCULAR FLOW: ECLIPSE_HOLDINGS_089 participates in a transaction cycle | HIGH-RISK JX: Both jurisdictions flagged (KY → PA) for $8,750",ECLIPSE_HOLDINGS_089,QUANTUM_CLEARING_026
53,EC6E1F75CF0BE2ED,2024-01-28,2024-01-28 13:37:13,0.600831,HIGH,0.924745,0.0,0.613628,0.4,1.0,0.6,"VELOCITY: 6 transactions from OBSIDIAN_PARTNERS_008 in 300s window | CIRCULAR FLOW: OBSIDIAN_PARTNERS_008 participates in a transaction cycle | LAYERING: Multi-hop indicator 0.00, betweenness 0.1455 for OBSIDIAN_PARTNERS_008 | HIGH-RISK JX: Jurisdiction AE flagged ($14,576)",OBSIDIAN_PARTNERS_008,MERIDIAN_CAPITAL_180
54,F47DE94F7A539985,2024-01-28,2024-01-28 13:38:05,0.653019,HIGH,0.887346,0.183707,0.613628,0.466667,1.0,1.0,"STRUCTURING: 3 sub-threshold transactions totalling $18,371 (avg $6,124) within 60 min window | VELOCITY: 7 transactions from OBSIDIAN_PARTNERS_008 in 300s window | CIRCULAR FLOW: OBSIDIAN_PARTNERS_008 participates in a transaction cycle | LAYERING: Multi-hop indicator 0.00, betweenness 0.1455 for OBSIDIAN_PARTNERS_008 | HIGH-RISK JX: Both jurisdictions flagged (AE → CY) for $7,656",OBSIDIAN_PARTNERS_008,HELIX_PAYMENTS_165
55,EF2830A61D851434,2024-01-28,2024-01-28 13:38:09,0.65974,HIGH,0.954193,0.183707,0.613628,0.533333,1.0,0.6,"VELOCITY: 8 transactions from OBSIDIAN_PARTNERS_008 in 300s window | CIRCULAR FLOW: OBSIDIAN_PARTNERS_008 participates in a transaction cycle | LAYERING: Multi-hop indicator 0.00, betweenness 0.1455 for OBSIDIAN_PARTNERS_008 | HIGH-RISK JX: Jurisdiction LI flagged ($11,595)",OBSIDIAN_PARTNERS_008,ATLAS_BANCORP_122
56,CAF8D3CE9662C969,2024-01-28,2024-01-28 13:38:40,0.67673,HIGH,0.938004,0.259608,0.613628,0.6,1.0,0.6,"STRUCTURING: 4 sub-threshold transactions totalling $19,471 (avg $4,868) within 60 min window | VELOCITY: 9 transactions from OBSIDIAN_PARTNERS_008 in 300s window | CIRCULAR FLOW: OBSIDIAN_PARTNERS_008 participates in a transaction cycle | LAYERING: Multi-hop indicator 0.00, betweenness 0.1455 for OBSIDIAN_PARTNERS_008 | HIGH-RISK JX: Jurisdiction KY flagged ($1,100)",OBSIDIAN_PARTNERS_008,SOLARIS_FIN_023
57,59EEC643710ACDFA,2024-01-28,2024-01-28 23:34:19,0.604111,HIGH,0.831632,0.502368,0.33659,0.2,1.0,1.0,"STRUCTURING: 4 sub-threshold transactions totalling $37,678 (avg $9,419) within 60 min window | CIRCULAR FLOW: ECLIPSE_HOLDINGS_149 participates in a transaction cycle | HIGH-RISK JX: Both jurisdictions flagged (PA → MT) for $9,499",ECLIPSE_HOLDINGS_149,PRIME_HOLDINGS_199
58,8916B8154472960A,2024-01-28,2024-01-28 23:43:24,0.632327,HIGH,0.848301,0.785111,0.33659,0.066667,1.0,0.6,"STRUCTURING: 5 sub-threshold transactions totalling $47,107 (avg $9,421) within 60 min window | CIRCULAR FLOW: ECLIPSE_HOLDINGS_149 participates in a transaction cycle | HIGH-RISK JX: Jurisdiction PA flagged ($9,429)",ECLIPSE_HOLDINGS_149,QUANTUM_CLEARING_006
59,C4BC6C2BCB857ECC,2024-01-28,2024-01-28 23:46:02,0.696688,HIGH,0.997358,1.0,0.33659,0.133333,1.0,0.0,"STRUCTURING: 6 sub-threshold transactions totalling $55,132 (avg $9,189) within 60 min window | CIRCULAR FLOW: ECLIPSE_HOLDINGS_149 participates in a transaction cycle",ECLIPSE_HOLDINGS_149,QUANTUM_CLEARING_066
60,860B616EBE952BD5,2024-01-28,2024-01-28 23:49:28,0.67925,HIGH,0.939232,1.0,0.33659,0.133333,1.0,0.0,"STRUCTURING: 7 sub-threshold transactions totalling $63,252 (avg $9,036) within 60 min window | CIRCULAR FLOW: ECLIPSE_HOLDINGS_149 participates in a transaction cycle",ECLIPSE_HOLDINGS_149,CORONA_CLEARING_136
61,16C80785184E9D2A,2024-01-28,2024-01-28 23:55:24,0.675548,HIGH,0.949112,1.0,0.33659,0.066667,1.0,0.0,"STRUCTURING: 8 sub-threshold transactions totalling $71,869 (avg $8,984) within 60 min window | CIRCULAR FLOW: ECLIPSE_HOLDINGS_149 participates in a transaction cycle",ECLIPSE_HOLDINGS_149,ATLAS_BANCORP_182
62,C304DDC7136DCE83,2024-01-31,2024-01-31 00:31:53,0.620816,HIGH,0.770191,0.762831,0.268769,0.2,1.0,1.0,"STRUCTURING: 5 sub-threshold transactions totalling $45,770 (avg $9,154) within 60 min window | CIRCULAR FLOW: MERIDIAN_CAPITAL_100 participates in a transaction cycle | HIGH-RISK JX: Both jurisdictions flagged (AE → LI) for $8,507",MERIDIAN_CAPITAL_100,ATLAS_BANCORP_082
63,24210C6F219F1B87,2024-01-31,2024-01-31 00:33:47,0.675378,HIGH,0.793952,1.0,0.268769,0.2,1.0,1.0,"STRUCTURING: 6 sub-threshold transactions totalling $54,589 (avg $9,098) within 60 min window | CIRCULAR FLOW: MERIDIAN_CAPITAL_100 participates in a transaction cycle | HIGH-RISK JX: Both jurisdictions flagged (VG → AE) for $8,819",MERIDIAN_CAPITAL_100,VORTEX_CREDIT_044
64,9EBC7BE8530458C2,2024-01-31,2024-01-31 00:34:32,0.685279,HIGH,0.804735,1.0,0.268769,0.266667,1.0,1.0,"STRUCTURING: 7 sub-threshold transactions totalling $63,451 (avg $9,064) within 60 min window | CIRCULAR FLOW: MERIDIAN_CAPITAL_100 participates in a transaction cycle | HIGH-RISK JX: Both jurisdictions flagged (PA → CY) for $8,862",MERIDIAN_CAPITAL_100,ECLIPSE_HOLDINGS_049
65,96B5C83B211D2B3,2024-01-31,2024-01-31 00:40:33,0.670179,HIGH,0.821066,1.0,0.268769,0.066667,1.0,1.0,"STRUCTURING: 8 sub-threshold transactions totalling $73,009 (avg $9,126) within 60 min window | CIRCULAR FLOW: MERIDIAN_CAPITAL_100 participates in a transaction cycle | HIGH-RISK JX: Both jurisdictions flagged (MT → AE) for $9,557",MERIDIAN_CAPITAL_100,AXIOM_PARTNERS_098
66,5249C467EA65483F,2024-02-04,2024-02-04 12:48:41,0.642984,HIGH,0.890027,0.436296,0.341535,0.533333,1.0,1.0,"STRUCTURING: 6 sub-threshold transactions totalling $21,815 (avg $3,636) within 60 min window | VELOCITY: 8 transactions from MERIDIAN_CAPITAL_100 in 300s window | CIRCULAR FLOW: MERIDIAN_CAPITAL_100 participates in a transaction cycle | HIGH-RISK JX: Both jurisdictions flagged (LI → PA) for $3,235",MERIDIAN_CAPITAL_100,HELIX_PAYMENTS_005
67,843EBED3614F9384,2024-02-04,2024-02-04 12:48:43,0.6507,HIGH,1.0,0.526579,0.341535,0.6,1.0,0.0,"STRUCTURING: 7 sub-threshold transactions totalling $22,568 (avg $3,224) within 60 min window | VELOCITY: 9 transactions from MERIDIAN_CAPITAL_100 in 300s window | CIRCULAR FLOW: MERIDIAN_CAPITAL_100 participates in a transaction cycle",MERIDIAN_CAPITAL_100,CIPHER_CAPITAL_030
68,634DD95DD3C77593,2024-02-04,2024-02-04 12:49:07,0.735941,HIGH,0.926492,0.779714,0.341535,0.666667,1.0,1.0,"STRUCTURING: 8 sub-threshold transactions totalling $29,239 (avg $3,655) within 60 min window | VELOCITY: 10 transactions from MERIDIAN_CAPITAL_100 in 300s window | CIRCULAR FLOW: MERIDIAN_CAPITAL_100 participates in a transaction cycle | HIGH-RISK JX: Both jurisdictions flagged (VG → PA) for $6,672",MERIDIAN_CAPITAL_100,CIPHER_CAPITAL_070
69,2DC39C43EAA07939,2024-02-04,2024-02-04 12:49:19,0.751156,HIGH,1.0,0.962193,0.341535,0.733333,1.0,0.0,"STRUCTURING: 9 sub-threshold transactions totalling $32,073 (avg $3,564) within 60 min window | VELOCITY: 11 transactions from MERIDIAN_CAPITAL_100 in 300s window | CIRCULAR FLOW: MERIDIAN_CAPITAL_100 participates in a transaction cycle",MERIDIAN_CAPITAL_100,NOVA_TRUST_141
70,F90EB92853A822CB,2024-02-04,2024-02-04 12:50:09,0.815384,CRITICAL,1.0,1.0,0.341535,0.8,1.0,1.0,"STRUCTURING: 10 sub-threshold transactions totalling $35,146 (avg $3,515) within 60 min window | VELOCITY: 12 transactions from MERIDIAN_CAPITAL_100 in 300s window | CIRCULAR FLOW: MERIDIAN_CAPITAL_100 participates in a transaction cycle | HIGH-RISK JX: Both jurisdictions flagged (CY → CY) for $3,072",MERIDIAN_CAPITAL_100,AXIOM_PARTNERS_098
71,AB6E4500EF054EC4,2024-02-04,2024-02-04 12:50:25,0.80205,CRITICAL,1.0,1.0,0.341535,0.866667,1.0,0.6,"STRUCTURING: 11 sub-threshold transactions totalling $39,911 (avg $3,628) within 60 min window | VELOCITY: 13 transactions from MERIDIAN_CAPITAL_100 in 300s window | CIRCULAR FLOW: MERIDIAN_CAPITAL_100 participates in a transaction cycle | HIGH-RISK JX: Jurisdiction LI flagged ($4,766)",MERIDIAN_CAPITAL_100,STRATUS_FUND_017
72,C43572776AC984BA,2024-02-04,2024-02-04 12:50:54,0.778717,HIGH,1.0,1.0,0.341535,0.933333,1.0,0.0,"STRUCTURING: 12 sub-threshold transactions totalling $45,775 (avg $3,815) within 60 min window | VELOCITY: 14 transactions from MERIDIAN_CAPITAL_100 in 300s window | CIRCULAR FLOW: MERIDIAN_CAPITAL_100 participates in a transaction cycle",MERIDIAN_CAPITAL_100,OBSIDIAN_PARTNERS_028
73,BDDFD84D65443288,2024-02-04,2024-02-04 12:51:07,0.815384,CRITICAL,1.0,1.0,0.341535,1.0,1.0,0.6,"STRUCTURING: 13 sub-threshold transactions totalling $46,845 (avg $3,603) within 60 min window | VELOCITY: 15 transactions from MERIDIAN_CAPITAL_100 in 300s window | CIRCULAR FLOW: MERIDIAN_CAPITAL_100 participates in a transaction cycle | HIGH-RISK JX: Jurisdiction VG flagged ($1,069)",MERIDIAN_CAPITAL_100,CORONA_CLEARING_036
74,F55F8344618B8A3B,2024-02-04,2024-02-04 12:51:33,0.785384,HIGH,1.0,1.0,0.341535,1.0,1.0,0.0,"STRUCTURING: 14 sub-threshold transactions totalling $47,380 (avg $3,384) within 60 min window | VELOCITY: 16 transactions from MERIDIAN_CAPITAL_100 in 300s window | CIRCULAR FLOW: MERIDIAN_CAPITAL_100 participates in a transaction cycle",MERIDIAN_CAPITAL_100,ZENITH_FUND_027
75,293B0D70A71C0524,2024-02-04,2024-02-04 12:52:03,0.785384,HIGH,1.0,1.0,0.341535,1.0,1.0,0.0,"STRUCTURING: 15 sub-threshold transactions totalling $51,251 (avg $3,417) within 60 min window | VELOCITY: 17 transactions from MERIDIAN_CAPITAL_100 in 300s window | CIRCULAR FLOW: MERIDIAN_CAPITAL_100 participates in a transaction cycle",MERIDIAN_CAPITAL_100,VERTEX_PAYMENTS_075
76,228359EA448295EC,2024-02-04,2024-02-04 12:52:35,0.828717,CRITICAL,1.0,1.0,0.341535,0.933333,1.0,1.0,"VELOCITY: 14 transactions from MERIDIAN_CAPITAL_100 in 300s window | CIRCULAR FLOW: MERIDIAN_CAPITAL_100 participates in a transaction cycle | HIGH-RISK JX: Both jurisdictions flagged (MT → AE) for $13,928",MERIDIAN_CAPITAL_100,ECLIPSE_HOLDINGS_049
77,CFCE9118DC27AC8C,2024-02-04,2024-02-04 12:52:49,0.808717,CRITICAL,1.0,1.0,0.341535,0.933333,1.0,0.6,"STRUCTURING: 16 sub-threshold transactions totalling $56,751 (avg $3,547) within 60 min window | VELOCITY: 14 transactions from MERIDIAN_CAPITAL_100 in 300s window | CIRCULAR FLOW: MERIDIAN_CAPITAL_100 participates in a transaction cycle | HIGH-RISK JX: Jurisdiction MT flagged ($5,500)",MERIDIAN_CAPITAL_100,OMEGA_FIN_113
78,952030C51A76C285,2024-02-05,2024-02-05 15:47:40,0.626662,HIGH,0.908622,0.460296,0.368063,0.2,1.0,1.0,"STRUCTURING: 4 sub-threshold transactions totalling $34,522 (avg $8,631) within 60 min window | CIRCULAR FLOW: DELTA_BANCORP_012 participates in a transaction cycle | HIGH-RISK JX: Both jurisdictions flagged (AE → PA) for $8,138",DELTA_BANCORP_012,CIPHER_CAPITAL_190
79,CF0C07C9AFB2A663,2024-02-05,2024-02-05 15:50:43,0.632909,HIGH,0.944924,0.720416,0.368063,0.133333,1.0,0.0,"STRUCTURING: 5 sub-threshold transactions totalling $43,225 (avg $8,645) within 60 min window | CIRCULAR FLOW: DELTA_BANCORP_012 participates in a transaction cycle",DELTA_BANCORP_012,ATLAS_BANCORP_082
80,BB8A98D863252656,2024-02-05,2024-02-05 18:26:39,0.602406,HIGH,0.895259,0.204568,0.438324,0.533333,1.0,0.6,"STRUCTURING: 4 sub-threshold transactions totalling $15,343 (avg $3,836) within 60 min window | VELOCITY: 8 transactions from ATLAS_BANCORP_002 in 300s window | CIRCULAR FLOW: ATLAS_BANCORP_002 participates in a transaction cycle | HIGH-RISK JX: Jurisdiction LI flagged ($5,400)",ATLAS_BANCORP_002,CIPHER_CAPITAL_030
81,0792049C2CF74FAE,2024-02-05,2024-02-05 18:26:47,0.613482,HIGH,0.862803,0.275301,0.438324,0.6,1.0,0.6,"STRUCTURING: 5 sub-threshold transactions totalling $16,518 (avg $3,304) within 60 min window | VELOCITY: 9 transactions from ATLAS_BANCORP_002 in 300s window | CIRCULAR FLOW: ATLAS_BANCORP_002 participates in a transaction cycle | HIGH-RISK JX: Jurisdiction LI flagged ($1,175)",ATLAS_BANCORP_002,AXIOM_PARTNERS_018
82,4943255ACA0586FC,2024-02-05,2024-02-05 18:26:52,0.636904,HIGH,0.869619,0.348855,0.438324,0.666667,1.0,0.6,"STRUCTURING: 6 sub-threshold transactions totalling $17,443 (avg $2,907) within 60 min window | VELOCITY: 10 transactions from ATLAS_BANCORP_002 in 300s window | CIRCULAR FLOW: ATLAS_BANCORP_002 participates in a transaction cycle | HIGH-RISK JX: Jurisdiction PA flagged ($925)",ATLAS_BANCORP_002,DELTA_BANCORP_152
83,E8BA4B969313FFB,2024-02-05,2024-02-05 18:27:23,0.693425,HIGH,0.84224,0.539195,0.438324,0.733333,1.0,1.0,"STRUCTURING: 7 sub-threshold transactions totalling $23,108 (avg $3,301) within 60 min window | VELOCITY: 11 transactions from ATLAS_BANCORP_002 in 300s window | CIRCULAR FLOW: ATLAS_BANCORP_002 participates in a transaction cycle | HIGH-RISK JX: Both jurisdictions flagged (KY → CY) for $5,666",ATLAS_BANCORP_002,SOLARIS_FIN_103
84,974455563A592F99,2024-02-05,2024-02-05 18:28:07,0.742666,HIGH,0.899411,0.666306,0.438324,0.8,1.0,1.0,"STRUCTURING: 8 sub-threshold transactions totalling $24,986 (avg $3,123) within 60 min window | VELOCITY: 12 transactions from ATLAS_BANCORP_002 in 300s window | CIRCULAR FLOW: ATLAS_BANCORP_002 participates in a transaction cycle | HIGH-RISK JX: Both jurisdictions flagged (AE → MT) for $1,878",ATLAS_BANCORP_002,VORTEX_CREDIT_024
85,B8C6E3F8760F45E8,2024-02-05,2024-02-05 18:29:28,0.76099,HIGH,0.927084,0.783084,0.438324,0.866667,1.0,0.6,"STRUCTURING: 9 sub-threshold transactions totalling $26,103 (avg $2,900) within 60 min window | VELOCITY: 13 transactions from ATLAS_BANCORP_002 in 300s window | CIRCULAR FLOW: ATLAS_BANCORP_002 participates in a transaction cycle | HIGH-RISK JX: Jurisdiction MT flagged ($1,116)",ATLAS_BANCORP_002,APEX_CREDIT_054
86,08A67A174641A4E8,2024-02-06,2024-02-06 05:32:10,0.601014,HIGH,0.890796,0.134327,0.46764,0.4,1.0,1.0,"STRUCTURING: 3 sub-threshold transactions totalling $13,433 (avg $4,478) within 60 min window | VELOCITY: 6 transactions from AXIOM_PARTNERS_178 in 300s window | CIRCULAR FLOW: AXIOM_PARTNERS_178 participates in a transaction cycle | HIGH-RISK JX: Both jurisdictions flagged (AE → LI) for $2,122",AXIOM_PARTNERS_178,DELTA_BANCORP_092
87,E795C97A8BCDA354,2024-02-06,2024-02-06 05:32:33,0.618082,HIGH,0.878378,0.304959,0.46764,0.466667,1.0,0.6,"STRUCTURING: 4 sub-threshold transactions totalling $22,872 (avg $5,718) within 60 min window | VELOCITY: 7 transactions from AXIOM_PARTNERS_178 in 300s window | CIRCULAR FLOW: AXIOM_PARTNERS_178 participates in a transaction cycle | HIGH-RISK JX: Jurisdiction MT flagged ($9,439)",AXIOM_PARTNERS_178,QUANTUM_CLEARING_006
88,F18A16871829715D,2024-02-06,2024-02-06 05:32:37,0.683321,HIGH,0.905033,0.457841,0.46764,0.533333,1.0,1.0,"STRUCTURING: 5 sub-threshold transactions totalling $27,470 (avg $5,494) within 60 min window | VELOCITY: 8 transactions from AXIOM_PARTNERS_178 in 300s window | CIRCULAR FLOW: AXIOM_PARTNERS_178 participates in a transaction cycle | HIGH-RISK JX: Both jurisdictions flagged (MT → PA) for $4,599",AXIOM_PARTNERS_178,VORTEX_CREDIT_164
89,4293F09931F7E074,2024-02-06,2024-02-06 05:32:53,0.716599,HIGH,0.993737,0.457841,0.46764,0.6,1.0,1.0,"VELOCITY: 9 transactions from AXIOM_PARTNERS_178 in 300s window | CIRCULAR FLOW: AXIOM_PARTNERS_178 participates in a transaction cycle | HIGH-RISK JX: Both jurisdictions flagged (KY → KY) for $10,063",AXIOM_PARTNERS_178,NOVA_TRUST_021
90,5C012EB8D710543A,2024-02-06,2024-02-06 05:33:33,0.687197,HIGH,0.940173,0.457841,0.46764,0.666667,1.0,0.6,"VELOCITY: 10 transactions from AXIOM_PARTNERS_178 in 300s window | CIRCULAR FLOW: AXIOM_PARTNERS_178 participates in a transaction cycle | HIGH-RISK JX: Jurisdiction CY flagged ($14,918)",AXIOM_PARTNERS_178,ECLIPSE_HOLDINGS_029
91,5F660EBE179D4D0B,2024-02-06,2024-02-06 05:34:40,0.731812,HIGH,1.0,0.457841,0.46764,0.733333,1.0,1.0,"VELOCITY: 11 transactions from AXIOM_PARTNERS_178 in 300s window | CIRCULAR FLOW: AXIOM_PARTNERS_178 participates in a transaction cycle | HIGH-RISK JX: Both jurisdictions flagged (KY → KY) for $11,209",AXIOM_PARTNERS_178,CIPHER_CAPITAL_110
92,20CDD5EF98644DE,2024-02-06,2024-02-06 05:36:21,0.675145,HIGH,1.0,0.457841,0.46764,0.666667,1.0,0.0,VELOCITY: 10 transactions from AXIOM_PARTNERS_178 in 300s window | CIRCULAR FLOW: AXIOM_PARTNERS_178 participates in a transaction cycle,AXIOM_PARTNERS_178,CIPHER_CAPITAL_070
93,605B728A776EB020,2024-02-06,2024-02-06 05:36:25,0.739896,HIGH,0.982234,0.658243,0.46764,0.666667,1.0,0.6,"STRUCTURING: 6 sub-threshold transactions totalling $32,912 (avg $5,485) within 60 min window | VELOCITY: 10 transactions from AXIOM_PARTNERS_178 in 300s window | CIRCULAR FLOW: AXIOM_PARTNERS_178 participates in a transaction cycle | HIGH-RISK JX: Jurisdiction MT flagged ($5,442)",AXIOM_PARTNERS_178,OMEGA_FIN_033
94,C7B13DF0F45A4C4C,2024-02-09,2024-02-09 17:25:20,0.697321,HIGH,0.84422,0.797824,0.297961,0.6,1.0,1.0,"STRUCTURING: 7 sub-threshold transactions totalling $34,192 (avg $4,885) within 60 min window | VELOCITY: 9 transactions from AXIOM_PARTNERS_098 in 300s window | CIRCULAR FLOW: AXIOM_PARTNERS_098 participates in a transaction cycle | HIGH-RISK JX: Both jurisdictions flagged (MT → KY) for $3,984",AXIOM_PARTNERS_098,CIPHER_CAPITAL_050
95,9FF0EE42D5318FEB,2024-02-09,2024-02-09 17:25:28,0.718988,HIGH,0.826105,1.0,0.297961,0.666667,1.0,0.6,"STRUCTURING: 8 sub-threshold transactions totalling $42,127 (avg $5,266) within 60 min window | VELOCITY: 10 transactions from AXIOM_PARTNERS_098 in 300s window | CIRCULAR FLOW: AXIOM_PARTNERS_098 participates in a transaction cycle | HIGH-RISK JX: Jurisdiction LI flagged ($7,934)",AXIOM_PARTNERS_098,MERIDIAN_CAPITAL_000
96,BF1F4D3738C29BC,2024-02-09,2024-02-09 17:25:41,0.762241,HIGH,0.881391,1.0,0.297961,0.733333,1.0,1.0,"STRUCTURING: 9 sub-threshold transactions totalling $43,152 (avg $4,795) within 60 min window | VELOCITY: 11 transactions from AXIOM_PARTNERS_098 in 300s window | CIRCULAR FLOW: AXIOM_PARTNERS_098 participates in a transaction cycle | HIGH-RISK JX: Both jurisdictions flagged (CY → AE) for $1,025",AXIOM_PARTNERS_098,AXIOM_PARTNERS_198
97,D24ADE537D672B5A,2024-02-09,2024-02-09 17:25:50,0.763239,HIGH,0.862497,1.0,0.297961,0.8,1.0,1.0,"STRUCTURING: 10 sub-threshold transactions totalling $51,643 (avg $5,164) within 60 min window | VELOCITY: 12 transactions from AXIOM_PARTNERS_098 in 300s window | CIRCULAR FLOW: AXIOM_PARTNERS_098 participates in a transaction cycle | HIGH-RISK JX: Both jurisdictions flagged (CY → MT) for $8,491",AXIOM_PARTNERS_098,MERIDIAN_CAPITAL_040
98,EBE655D1244C9E4C,2024-02-09,2024-02-09 17:27:38,0.74805,HIGH,0.956309,1.0,0.297961,0.866667,1.0,0.0,"STRUCTURING: 11 sub-threshold transactions totalling $52,454 (avg $4,769) within 60 min window | VELOCITY: 13 transactions from AXIOM_PARTNERS_098 in 300s window | CIRCULAR FLOW: AXIOM_PARTNERS_098 participates in a transaction cycle",AXIOM_PARTNERS_098,VORTEX_CREDIT_044
99,D48F5AEF33B3F087,2024-02-09,2024-02-09 17:28:08,0.767824,HIGH,1.0,1.0,0.297961,0.933333,1.0,0.0,VELOCITY: 14 transactions from AXIOM_PARTNERS_098 in 300s window | CIRCULAR FLOW: AXIOM_PARTNERS_098 participates in a transaction cycle,AXIOM_PARTNERS_098,ATLAS_BANCORP_142
100,5DE9CC4E3C532CB1,2024-02-09,2024-02-09 17:28:59,0.753427,HIGH,0.940899,1.0,0.297961,0.666667,1.0,0.6,"VELOCITY: 10 transactions from AXIOM_PARTNERS_098 in 300s window | CIRCULAR FLOW: AXIOM_PARTNERS_098 participates in a transaction cycle | HIGH-RISK JX: Jurisdiction CY flagged ($13,328)",AXIOM_PARTNERS_098,ZENITH_FUND_147
101,8D589C20E38DC502,2024-02-09,2024-02-09 17:29:40,0.730627,HIGH,0.987123,1.0,0.297961,0.6,1.0,0.0,VELOCITY: 9 transactions from AXIOM_PARTNERS_098 in 300s window | CIRCULAR FLOW: AXIOM_PARTNERS_098 participates in a transaction cycle,AXIOM_PARTNERS_098,AXIOM_PARTNERS_138
102,8BB43F5839AB5D88,2024-02-09,2024-02-09 17:29:48,0.747497,HIGH,0.921134,1.0,0.297961,0.666667,1.0,0.6,"STRUCTURING: 12 sub-threshold transactions totalling $55,580 (avg $4,632) within 60 min window | VELOCITY: 10 transactions from AXIOM_PARTNERS_098 in 300s window | CIRCULAR FLOW: AXIOM_PARTNERS_098 participates in a transaction cycle | HIGH-RISK JX: Jurisdiction KY flagged ($3,126)",AXIOM_PARTNERS_098,STRATUS_FUND_017
103,7EB3EAA38D02CE53,2024-02-10,2024-02-10 05:21:25,0.653754,HIGH,0.775119,0.802463,0.282903,0.6,1.0,0.6,"STRUCTURING: 6 sub-threshold transactions totalling $40,123 (avg $6,687) within 60 min window | VELOCITY: 9 transactions from ZENITH_FUND_187 in 300s window | CIRCULAR FLOW: ZENITH_FUND_187 participates in a transaction cycle | HIGH-RISK JX: Jurisdiction CY flagged ($7,812)",ZENITH_FUND_187,VERTEX_PAYMENTS_095
104,09BD5E54695DB354,2024-02-10,2024-02-10 05:22:28,0.705736,HIGH,0.794479,1.0,0.282903,0.666667,1.0,0.6,"STRUCTURING: 7 sub-threshold transactions totalling $49,432 (avg $7,062) within 60 min window | VELOCITY: 10 transactions from ZENITH_FUND_187 in 300s window | CIRCULAR FLOW: ZENITH_FUND_187 participates in a transaction cycle | HIGH-RISK JX: Jurisdiction MT flagged ($9,309)",ZENITH_FUND_187,ATLAS_BANCORP_002
105,09E6809DC7DD6920,2024-02-10,2024-02-10 05:23:01,0.737852,HIGH,0.812642,1.0,0.282903,0.733333,1.0,1.0,"STRUCTURING: 8 sub-threshold transactions totalling $57,393 (avg $7,174) within 60 min window | VELOCITY: 11 transactions from ZENITH_FUND_187 in 300s window | CIRCULAR FLOW: ZENITH_FUND_187 participates in a transaction cycle | HIGH-RISK JX: Both jurisdictions flagged (CY → KY) for $7,962",ZENITH_FUND_187,NEXUS_TRUST_091
106,689967F684A6583A,2024-02-10,2024-02-10 05:23:02,0.746782,HIGH,0.986855,1.0,0.282903,0.8,1.0,0.0,"STRUCTURING: 9 sub-threshold transactions totalling $64,892 (avg $7,210) within 60 min window | VELOCITY: 12 transactions from ZENITH_FUND_187 in 300s window | CIRCULAR FLOW: ZENITH_FUND_187 participates in a transaction cycle",ZENITH_FUND_187,CIPHER_CAPITAL_110
107,D81B3895E9806AC8,2024-02-10,2024-02-10 05:23:33,0.764559,HIGH,0.923887,1.0,0.282903,0.866667,1.0,0.6,"VELOCITY: 13 transactions from ZENITH_FUND_187 in 300s window | CIRCULAR FLOW: ZENITH_FUND_187 participates in a transaction cycle | HIGH-RISK JX: Jurisdiction KY flagged ($13,058)",ZENITH_FUND_187,PRIME_HOLDINGS_079
108,500A3EDE57EFDE80,2024-02-10,2024-02-10 05:23:57,0.747045,HIGH,0.943287,1.0,0.282903,0.933333,1.0,0.0,"STRUCTURING: 10 sub-threshold transactions totalling $66,487 (avg $6,649) within 60 min window | VELOCITY: 14 transactions from ZENITH_FUND_187 in 300s window | CIRCULAR FLOW: ZENITH_FUND_187 participates in a transaction cycle",ZENITH_FUND_187,STRATUS_FUND_177
109,0DADB30B7722A217,2024-02-10,2024-02-10 05:24:48,0.787973,HIGH,0.95749,1.0,0.282903,1.0,1.0,0.6,"VELOCITY: 15 transactions from ZENITH_FUND_187 in 300s window | CIRCULAR FLOW: ZENITH_FUND_187 participates in a transaction cycle | HIGH-RISK JX: Jurisdiction LI flagged ($10,041)",ZENITH_FUND_187,PRIME_HOLDINGS_019
110,8C05960F5DFDD6B2,2024-02-10,2024-02-10 05:25:49,0.73126,HIGH,0.879557,1.0,0.282903,0.666667,1.0,0.6,"STRUCTURING: 11 sub-threshold transactions totalling $71,575 (avg $6,507) within 60 min window | VELOCITY: 10 transactions from ZENITH_FUND_187 in 300s window | CIRCULAR FLOW: ZENITH_FUND_187 participates in a transaction cycle | HIGH-RISK JX: Jurisdiction AE flagged ($5,088)",ZENITH_FUND_187,HELIX_PAYMENTS_105
111,D24558F51017F5E3,2024-02-10,2024-02-10 05:25:58,0.730726,HIGH,1.0,1.0,0.282903,0.6,1.0,0.0,"STRUCTURING: 12 sub-threshold transactions totalling $73,083 (avg $6,090) within 60 min window | VELOCITY: 9 transactions from ZENITH_FUND_187 in 300s window | CIRCULAR FLOW: ZENITH_FUND_187 participates in a transaction cycle",ZENITH_FUND_187,PRIME_HOLDINGS_159
112,E8E3915BAD27C86F,2024-02-10,2024-02-10 05:27:52,0.738614,HIGH,0.948518,1.0,0.282903,0.533333,1.0,0.6,"VELOCITY: 8 transactions from ZENITH_FUND_187 in 300s window | CIRCULAR FLOW: ZENITH_FUND_187 participates in a transaction cycle | HIGH-RISK JX: Jurisdiction CY flagged ($14,042)",ZENITH_FUND_187,PRIME_HOLDINGS_179
113,68149EA969E63B60,2024-02-10,2024-02-10 21:39:57,0.665169,HIGH,0.793368,1.0,0.255302,0.133333,1.0,1.0,"STRUCTURING: 6 sub-threshold transactions totalling $51,614 (avg $8,602) within 60 min window | CIRCULAR FLOW: VERTEX_PAYMENTS_195 participates in a transaction cycle | HIGH-RISK JX: Both jurisdictions flagged (VG → LI) for $8,133",VERTEX_PAYMENTS_195,DELTA_BANCORP_132
114,49AD960A8C121728,2024-02-11,2024-02-11 01:46:41,0.610928,HIGH,0.809076,0.354245,0.536092,0.333333,1.0,0.6,"VELOCITY: 5 transactions from ATLAS_BANCORP_142 in 300s window | CIRCULAR FLOW: ATLAS_BANCORP_142 participates in a transaction cycle | HIGH-RISK JX: Jurisdiction CY flagged ($14,916)",ATLAS_BANCORP_142,MERIDIAN_CAPITAL_020
115,183FFAA84483EF7E,2024-02-11,2024-02-11 01:46:49,0.667154,HIGH,0.950687,0.539625,0.536092,0.4,1.0,0.0,"STRUCTURING: 5 sub-threshold transactions totalling $32,378 (avg $6,476) within 60 min window | VELOCITY: 6 transactions from ATLAS_BANCORP_142 in 300s window | CIRCULAR FLOW: ATLAS_BANCORP_142 participates in a transaction cycle",ATLAS_BANCORP_142,SOLARIS_FIN_143
116,421D29B11647E569,2024-02-11,2024-02-11 01:46:53,0.723787,HIGH,0.852928,0.786095,0.536092,0.466667,1.0,0.6,"STRUCTURING: 6 sub-threshold transactions totalling $39,305 (avg $6,551) within 60 min window | VELOCITY: 7 transactions from ATLAS_BANCORP_142 in 300s window | CIRCULAR FLOW: ATLAS_BANCORP_142 participates in a transaction cycle | HIGH-RISK JX: Jurisdiction PA flagged ($6,927)",ATLAS_BANCORP_142,CORONA_CLEARING_076
117,050DACAB58B7A723,2024-02-11,2024-02-11 01:46:58,0.728301,HIGH,0.945752,0.786095,0.536092,0.533333,1.0,0.0,VELOCITY: 8 transactions from ATLAS_BANCORP_142 in 300s window | CIRCULAR FLOW: ATLAS_BANCORP_142 participates in a transaction cycle,ATLAS_BANCORP_142,NEXUS_TRUST_031
118,683DDADAA7CF2A7E,2024-02-11,2024-02-11 01:47:21,0.761189,HIGH,0.911122,0.969147,0.536092,0.6,1.0,0.0,"STRUCTURING: 7 sub-threshold transactions totalling $41,535 (avg $5,934) within 60 min window | VELOCITY: 9 transactions from ATLAS_BANCORP_142 in 300s window | CIRCULAR FLOW: ATLAS_BANCORP_142 participates in a transaction cycle",ATLAS_BANCORP_142,ZENITH_FUND_187
119,7104535973600C79,2024-02-11,2024-02-11 01:47:32,0.798061,HIGH,0.911807,0.969147,0.536092,0.666667,1.0,0.6,"VELOCITY: 10 transactions from ATLAS_BANCORP_142 in 300s window | CIRCULAR FLOW: ATLAS_BANCORP_142 participates in a transaction cycle | HIGH-RISK JX: Jurisdiction KY flagged ($10,479)",ATLAS_BANCORP_142,QUANTUM_CLEARING_166
120,AF5BF7E15BBEA2B,2024-02-11,2024-02-11 01:47:43,0.830024,CRITICAL,0.929462,0.969147,0.536092,0.733333,1.0,1.0,"VELOCITY: 11 transactions from ATLAS_BANCORP_142 in 300s window | CIRCULAR FLOW: ATLAS_BANCORP_142 participates in a transaction cycle | HIGH-RISK JX: Both jurisdictions flagged (PA → KY) for $11,340",ATLAS_BANCORP_142,STRATUS_FUND_117
121,7FD3716999249820,2024-02-11,2024-02-11 01:47:53,0.821051,CRITICAL,0.943997,0.969147,0.536092,0.8,1.0,0.6,"VELOCITY: 12 transactions from ATLAS_BANCORP_142 in 300s window | CIRCULAR FLOW: ATLAS_BANCORP_142 participates in a transaction cycle | HIGH-RISK JX: Jurisdiction MT flagged ($11,113)",ATLAS_BANCORP_142,ECLIPSE_HOLDINGS_189
122,F51372332B5D3CBA,2024-02-11,2024-02-11 01:48:25,0.829464,CRITICAL,0.968708,1.0,0.608741,0.866667,1.0,0.0,"STRUCTURING: 8 sub-threshold transactions totalling $44,217 (avg $5,527) within 60 min window | VELOCITY: 13 transactions from ATLAS_BANCORP_142 in 300s window | CIRCULAR FLOW: ATLAS_BANCORP_142 participates in a transaction cycle | LAYERING: Multi-hop indicator 0.00, betweenness 0.1068 for ATLAS_BANCORP_142",ATLAS_BANCORP_142,NEXUS_TRUST_191
123,BC33DC5E2FE1E032,2024-02-11,2024-02-11 01:48:27,0.875519,CRITICAL,1.0,1.0,0.608741,0.933333,1.0,0.6,"VELOCITY: 14 transactions from ATLAS_BANCORP_142 in 300s window | CIRCULAR FLOW: ATLAS_BANCORP_142 participates in a transaction cycle | LAYERING: Multi-hop indicator 0.00, betweenness 0.1068 for ATLAS_BANCORP_142 | HIGH-RISK JX: Jurisdiction LI flagged ($10,792)",ATLAS_BANCORP_142,SOLARIS_FIN_043
124,2F2B40E8C778FF94,2024-02-11,2024-02-11 01:49:03,0.870645,CRITICAL,0.961534,1.0,0.608741,1.0,1.0,0.6,"STRUCTURING: 9 sub-threshold transactions totalling $50,679 (avg $5,631) within 60 min window | VELOCITY: 15 transactions from ATLAS_BANCORP_142 in 300s window | CIRCULAR FLOW: ATLAS_BANCORP_142 participates in a transaction cycle | LAYERING: Multi-hop indicator 0.00, betweenness 0.1068 for ATLAS_BANCORP_142 | HIGH-RISK JX: Jurisdiction AE flagged ($6,462)",ATLAS_BANCORP_142,NEXUS_TRUST_051
125,D9A2D0C83E3E8610,2024-02-11,2024-02-11 01:50:05,0.876383,CRITICAL,0.980659,1.0,0.608741,1.0,1.0,0.6,"STRUCTURING: 10 sub-threshold transactions totalling $57,759 (avg $5,776) within 60 min window | VELOCITY: 16 transactions from ATLAS_BANCORP_142 in 300s window | CIRCULAR FLOW: ATLAS_BANCORP_142 participates in a transaction cycle | LAYERING: Multi-hop indicator 0.00, betweenness 0.1068 for ATLAS_BANCORP_142 | HIGH-RISK JX: Jurisdiction PA flagged ($7,080)",ATLAS_BANCORP_142,VORTEX_CREDIT_164
126,6A91A64818A16988,2024-02-11,2024-02-11 01:50:50,0.882185,CRITICAL,1.0,1.0,0.608741,1.0,1.0,0.6,"STRUCTURING: 11 sub-threshold transactions totalling $62,767 (avg $5,706) within 60 min window | VELOCITY: 17 transactions from ATLAS_BANCORP_142 in 300s window | CIRCULAR FLOW: ATLAS_BANCORP_142 participates in a transaction cycle | LAYERING: Multi-hop indicator 0.00, betweenness 0.1068 for ATLAS_BANCORP_142 | HIGH-RISK JX: Jurisdiction PA flagged ($5,007)",ATLAS_BANCORP_142,ATLAS_BANCORP_102
127,2442B8ED48FD2614,2024-02-11,2024-02-11 01:50:57,0.902185,CRITICAL,1.0,1.0,0.608741,1.0,1.0,1.0,"STRUCTURING: 12 sub-threshold transactions totalling $65,105 (avg $5,425) within 60 min window | VELOCITY: 17 transactions from ATLAS_BANCORP_142 in 300s window | CIRCULAR FLOW: ATLAS_BANCORP_142 participates in a transaction cycle | LAYERING: Multi-hop indicator 0.00, betweenness 0.1068 for ATLAS_BANCORP_142 | HIGH-RISK JX: Both jurisdictions flagged (PA → CY) for $2,339",ATLAS_BANCORP_142,MERIDIAN_CAPITAL_160
128,5BECB3EF421E0D1D,2024-02-11,2024-02-11 01:52:41,0.842185,CRITICAL,1.0,1.0,0.608741,0.6,1.0,0.6,"VELOCITY: 9 transactions from ATLAS_BANCORP_142 in 300s window | CIRCULAR FLOW: ATLAS_BANCORP_142 participates in a transaction cycle | LAYERING: Multi-hop indicator 0.00, betweenness 0.1068 for ATLAS_BANCORP_142 | HIGH-RISK JX: Jurisdiction MT flagged ($14,745)",ATLAS_BANCORP_142,OMEGA_FIN_153
129,9BC348F789D956D2,2024-02-11,2024-02-11 01:53:05,0.835519,CRITICAL,1.0,1.0,0.608741,0.533333,1.0,0.6,"VELOCITY: 8 transactions from ATLAS_BANCORP_142 in 300s window | CIRCULAR FLOW: ATLAS_BANCORP_142 participates in a transaction cycle | LAYERING: Multi-hop indicator 0.00, betweenness 0.1068 for ATLAS_BANCORP_142 | HIGH-RISK JX: Jurisdiction CY flagged ($14,452)",ATLAS_BANCORP_142,OMEGA_FIN_073
130,F56B3BC68E3A2549,2024-02-11,2024-02-11 02:01:44,0.642397,HIGH,0.759746,1.0,0.284559,0.133333,1.0,0.6,"STRUCTURING: 6 sub-threshold transactions totalling $54,701 (avg $9,117) within 60 min window | CIRCULAR FLOW: SOLARIS_FIN_023 participates in a transaction cycle | HIGH-RISK JX: Jurisdiction VG flagged ($9,383)",SOLARIS_FIN_023,STRATUS_FUND_117
131,121E6436B42006C9,2024-02-11,2024-02-11 21:11:16,0.601052,HIGH,0.750534,0.748788,0.331202,0.133333,1.0,0.6,"STRUCTURING: 5 sub-threshold transactions totalling $44,927 (avg $8,985) within 60 min window | CIRCULAR FLOW: NOVA_TRUST_121 participates in a transaction cycle | HIGH-RISK JX: Jurisdiction PA flagged ($8,885)",NOVA_TRUST_121,HELIX_PAYMENTS_125
132,C6127584BF8F1878,2024-02-11,2024-02-11 21:18:15,0.670087,HIGH,0.768733,1.0,0.331202,0.066667,1.0,1.0,"STRUCTURING: 6 sub-threshold transactions totalling $54,214 (avg $9,036) within 60 min window | CIRCULAR FLOW: NOVA_TRUST_121 participates in a transaction cycle | HIGH-RISK JX: Both jurisdictions flagged (CY → MT) for $9,287",NOVA_TRUST_121,NEXUS_TRUST_051
133,C0B1ECBE65D891BF,2024-02-13,2024-02-13 03:54:48,0.618848,HIGH,0.846542,0.502316,0.271022,0.466667,1.0,1.0,"STRUCTURING: 5 sub-threshold transactions totalling $30,139 (avg $6,028) within 60 min window | VELOCITY: 7 transactions from MERIDIAN_CAPITAL_060 in 300s window | CIRCULAR FLOW: MERIDIAN_CAPITAL_060 participates in a transaction cycle | HIGH-RISK JX: Both jurisdictions flagged (KY → AE) for $4,624",MERIDIAN_CAPITAL_060,STRATUS_FUND_117
134,CFB16113F9E90770,2024-02-13,2024-02-13 03:55:02,0.634779,HIGH,0.755812,0.784734,0.271022,0.533333,1.0,0.6,"STRUCTURING: 6 sub-threshold transactions totalling $39,237 (avg $6,539) within 60 min window | VELOCITY: 8 transactions from MERIDIAN_CAPITAL_060 in 300s window | CIRCULAR FLOW: MERIDIAN_CAPITAL_060 participates in a transaction cycle | HIGH-RISK JX: Jurisdiction PA flagged ($9,098)",MERIDIAN_CAPITAL_060,PRIME_HOLDINGS_099
135,BF759976D14C9B23,2024-02-13,2024-02-13 03:55:44,0.666276,HIGH,0.838579,0.784734,0.271022,0.6,1.0,0.6,"VELOCITY: 9 transactions from MERIDIAN_CAPITAL_060 in 300s window | CIRCULAR FLOW: MERIDIAN_CAPITAL_060 participates in a transaction cycle | HIGH-RISK JX: Jurisdiction KY flagged ($13,477)",MERIDIAN_CAPITAL_060,ECLIPSE_HOLDINGS_189
136,0B59B6C34AD7E290,2024-02-13,2024-02-13 03:55:49,0.697087,HIGH,0.875548,1.0,0.271022,0.666667,1.0,0.0,"STRUCTURING: 7 sub-threshold transactions totalling $45,020 (avg $6,431) within 60 min window | VELOCITY: 10 transactions from MERIDIAN_CAPITAL_060 in 300s window | CIRCULAR FLOW: MERIDIAN_CAPITAL_060 participates in a transaction cycle",MERIDIAN_CAPITAL_060,MERIDIAN_CAPITAL_040
137,C1864FDB5FE59B94,2024-02-13,2024-02-13 03:56:08,0.731388,HIGH,0.800996,1.0,0.271022,0.733333,1.0,1.0,"STRUCTURING: 8 sub-threshold transactions totalling $53,987 (avg $6,748) within 60 min window | VELOCITY: 11 transactions from MERIDIAN_CAPITAL_060 in 300s window | CIRCULAR FLOW: MERIDIAN_CAPITAL_060 participates in a transaction cycle | HIGH-RISK JX: Both jurisdictions flagged (KY → CY) for $8,967",MERIDIAN_CAPITAL_060,SOLARIS_FIN_083
138,B499F0D9D51BC8EF,2024-02-13,2024-02-13 03:58:22,0.748294,HIGH,0.835129,1.0,0.271022,0.8,1.0,1.0,"STRUCTURING: 9 sub-threshold transactions totalling $56,334 (avg $6,259) within 60 min window | VELOCITY: 12 transactions from MERIDIAN_CAPITAL_060 in 300s window | CIRCULAR FLOW: MERIDIAN_CAPITAL_060 participates in a transaction cycle | HIGH-RISK JX: Both jurisdictions flagged (AE → CY) for $2,347",MERIDIAN_CAPITAL_060,QUANTUM_CLEARING_086
139,42929A1A7B1D6DB3,2024-02-13,2024-02-13 03:58:26,0.733719,HIGH,0.930988,1.0,0.271022,0.866667,1.0,0.0,"STRUCTURING: 10 sub-threshold transactions totalling $65,359 (avg $6,536) within 60 min window | VELOCITY: 13 transactions from MERIDIAN_CAPITAL_060 in 300s window | CIRCULAR FLOW: MERIDIAN_CAPITAL_060 participates in a transaction cycle",MERIDIAN_CAPITAL_060,ATLAS_BANCORP_022
140,55515EC174A9003E,2024-02-13,2024-02-13 03:59:54,0.686177,HIGH,0.80585,1.0,0.271022,0.466667,1.0,0.6,"STRUCTURING: 11 sub-threshold transactions totalling $74,906 (avg $6,810) within 60 min window | VELOCITY: 7 transactions from MERIDIAN_CAPITAL_060 in 300s window | CIRCULAR FLOW: MERIDIAN_CAPITAL_060 participates in a transaction cycle | HIGH-RISK JX: Jurisdiction LI flagged ($9,548)",MERIDIAN_CAPITAL_060,VORTEX_CREDIT_124
141,65A3A6CEB77287CC,2024-02-13,2024-02-13 04:00:20,0.67715,HIGH,0.875759,1.0,0.271022,0.466667,1.0,0.0,"STRUCTURING: 12 sub-threshold transactions totalling $80,732 (avg $6,728) within 60 min window | VELOCITY: 7 transactions from MERIDIAN_CAPITAL_060 in 300s window | CIRCULAR FLOW: MERIDIAN_CAPITAL_060 participates in a transaction cycle",MERIDIAN_CAPITAL_060,SOLARIS_FIN_003
142,F01DD6CFBC0A78FE,2024-02-14,2024-02-14 12:59:11,0.615104,HIGH,0.884592,0.437721,0.262061,0.466667,1.0,1.0,"STRUCTURING: 5 sub-threshold transactions totalling $26,263 (avg $5,253) within 60 min window | VELOCITY: 7 transactions from SOLARIS_FIN_163 in 300s window | CIRCULAR FLOW: SOLARIS_FIN_163 participates in a transaction cycle | HIGH-RISK JX: Both jurisdictions flagged (LI → CY) for $2,282",SOLARIS_FIN_163,DELTA_BANCORP_172
143,E70D33D42166CC41,2024-02-14,2024-02-14 12:59:23,0.619989,HIGH,0.761126,0.614014,0.262061,0.533333,1.0,1.0,"STRUCTURING: 6 sub-threshold transactions totalling $30,701 (avg $5,117) within 60 min window | VELOCITY: 8 transactions from SOLARIS_FIN_163 in 300s window | CIRCULAR FLOW: SOLARIS_FIN_163 participates in a transaction cycle | HIGH-RISK JX: Both jurisdictions flagged (MT → AE) for $4,437",SOLARIS_FIN_163,VORTEX_CREDIT_064
144,917525F3B938988C,2024-02-14,2024-02-14 12:59:47,0.644306,HIGH,0.796991,0.795902,0.344112,0.6,1.0,0.0,"STRUCTURING: 7 sub-threshold transactions totalling $34,110 (avg $4,873) within 60 min window | VELOCITY: 9 transactions from SOLARIS_FIN_163 in 300s window | CIRCULAR FLOW: SOLARIS_FIN_163 participates in a transaction cycle",SOLARIS_FIN_163,CIPHER_CAPITAL_190
145,9A91CF9D9025C0FC,2024-02-14,2024-02-14 12:59:50,0.712182,HIGH,0.864957,1.0,0.344112,0.666667,1.0,0.0,"STRUCTURING: 8 sub-threshold transactions totalling $38,880 (avg $4,860) within 60 min window | VELOCITY: 10 transactions from SOLARIS_FIN_163 in 300s window | CIRCULAR FLOW: SOLARIS_FIN_163 participates in a transaction cycle",SOLARIS_FIN_163,NOVA_TRUST_161
146,9FAF89D7D9C7E0B9,2024-02-14,2024-02-14 12:59:59,0.728928,HIGH,0.798554,1.0,0.344112,0.733333,1.0,0.6,"STRUCTURING: 9 sub-threshold transactions totalling $42,039 (avg $4,671) within 60 min window | VELOCITY: 11 transactions from SOLARIS_FIN_163 in 300s window | CIRCULAR FLOW: SOLARIS_FIN_163 participates in a transaction cycle | HIGH-RISK JX: Jurisdiction VG flagged ($3,159)",SOLARIS_FIN_163,OBSIDIAN_PARTNERS_108
147,50EA23F486E077E1,2024-02-14,2024-02-14 13:00:24,0.754408,HIGH,0.794599,1.0,0.344112,0.8,1.0,1.0,"STRUCTURING: 10 sub-threshold transactions totalling $51,260 (avg $5,126) within 60 min window | VELOCITY: 12 transactions from SOLARIS_FIN_163 in 300s window | CIRCULAR FLOW: SOLARIS_FIN_163 participates in a transaction cycle | HIGH-RISK JX: Both jurisdictions flagged (PA → AE) for $9,221",SOLARIS_FIN_163,PRIME_HOLDINGS_099
148,0A6B50D0BE758645,2024-02-14,2024-02-14 13:02:21,0.736396,HIGH,0.879004,1.0,0.344112,0.866667,1.0,0.0,"STRUCTURING: 11 sub-threshold transactions totalling $56,488 (avg $5,135) within 60 min window | VELOCITY: 13 transactions from SOLARIS_FIN_163 in 300s window | CIRCULAR FLOW: SOLARIS_FIN_163 participates in a transaction cycle",SOLARIS_FIN_163,VERTEX_PAYMENTS_055
149,58EBF440E2A63FA7,2024-02-14,2024-02-14 13:02:35,0.76969,HIGH,0.867761,1.0,0.344112,0.933333,1.0,0.6,"STRUCTURING: 12 sub-threshold transactions totalling $65,767 (avg $5,481) within 60 min window | VELOCITY: 14 transactions from SOLARIS_FIN_163 in 300s window | CIRCULAR FLOW: SOLARIS_FIN_163 participates in a transaction cycle | HIGH-RISK JX: Jurisdiction AE flagged ($9,279)",SOLARIS_FIN_163,SOLARIS_FIN_183
150,20B8A36E1726E0A,2024-02-14,2024-02-14 13:03:47,0.756497,HIGH,0.990451,1.0,0.344112,0.733333,1.0,0.0,VELOCITY: 11 transactions from SOLARIS_FIN_163 in 300s window | CIRCULAR FLOW: SOLARIS_FIN_163 participates in a transaction cycle,SOLARIS_FIN_163,VORTEX_CREDIT_004
151,DF88CE41CA27005F,2024-02-14,2024-02-14 13:03:49,0.766028,HIGH,1.0,1.0,0.344112,0.8,1.0,0.0,VELOCITY: 12 transactions from SOLARIS_FIN_163 in 300s window | CIRCULAR FLOW: SOLARIS_FIN_163 participates in a transaction cycle,SOLARIS_FIN_163,VERTEX_PAYMENTS_175
152,86FB329EB2039DC7,2024-02-14,2024-02-14 15:53:42,0.61128,HIGH,0.757959,0.527775,0.273348,0.8,1.0,0.6,"STRUCTURING: 5 sub-threshold transactions totalling $31,667 (avg $6,333) within 60 min window | VELOCITY: 12 transactions from NEXUS_TRUST_091 in 300s window | CIRCULAR FLOW: NEXUS_TRUST_091 participates in a transaction cycle | HIGH-RISK JX: Jurisdiction AE flagged ($9,894)",NEXUS_TRUST_091,CORONA_CLEARING_156
153,D26ADDAD296F8FE8,2024-02-15,2024-02-15 21:23:27,0.648809,HIGH,0.909903,0.162063,0.6137,0.4,1.0,1.0,"STRUCTURING: 4 sub-threshold transactions totalling $12,155 (avg $3,039) within 60 min window | VELOCITY: 6 transactions from QUANTUM_CLEARING_086 in 300s window | CIRCULAR FLOW: QUANTUM_CLEARING_086 participates in a transaction cycle | LAYERING: Multi-hop indicator 0.00, betweenness 0.1289 for QUANTUM_CLEARING_086 | HIGH-RISK JX: Both jurisdictions flagged (KY → KY) for $3,723",QUANTUM_CLEARING_086,STRATUS_FUND_097
154,87CBA4968E8690D8,2024-02-15,2024-02-15 21:23:27,0.648624,HIGH,0.911625,0.225223,0.6137,0.466667,1.0,0.6,"STRUCTURING: 5 sub-threshold transactions totalling $13,513 (avg $2,703) within 60 min window | VELOCITY: 7 transactions from QUANTUM_CLEARING_086 in 300s window | CIRCULAR FLOW: QUANTUM_CLEARING_086 participates in a transaction cycle | LAYERING: Multi-hop indicator 0.00, betweenness 0.1289 for QUANTUM_CLEARING_086 | HIGH-RISK JX: Jurisdiction LI flagged ($1,359)",QUANTUM_CLEARING_086,PRIME_HOLDINGS_199
155,6DBD96362E53715F,2024-02-15,2024-02-15 21:24:35,0.664705,HIGH,0.808479,0.327014,0.6137,0.533333,1.0,1.0,"STRUCTURING: 6 sub-threshold transactions totalling $16,351 (avg $2,725) within 60 min window | VELOCITY: 8 transactions from QUANTUM_CLEARING_086 in 300s window | CIRCULAR FLOW: QUANTUM_CLEARING_086 participates in a transaction cycle | LAYERING: Multi-hop indicator 0.00, betweenness 0.1289 for QUANTUM_CLEARING_086 | HIGH-RISK JX: Both jurisdictions flagged (AE → MT) for $2,837",QUANTUM_CLEARING_086,DELTA_BANCORP_112
156,52B98648A4956CDA,2024-02-15,2024-02-15 21:25:24,0.703078,HIGH,0.827598,0.55687,0.6137,0.6,1.0,0.6,"STRUCTURING: 7 sub-threshold transactions totalling $23,866 (avg $3,409) within 60 min window | VELOCITY: 9 transactions from QUANTUM_CLEARING_086 in 300s window | CIRCULAR FLOW: QUANTUM_CLEARING_086 participates in a transaction cycle | LAYERING: Multi-hop indicator 0.00, betweenness 0.1289 for QUANTUM_CLEARING_086 | HIGH-RISK JX: Jurisdiction VG flagged ($7,515)",QUANTUM_CLEARING_086,ECLIPSE_HOLDINGS_109
157,CC0358C6DDAB3401,2024-02-15,2024-02-15 21:25:24,0.769907,HIGH,1.0,0.749075,0.6137,0.666667,1.0,0.0,"STRUCTURING: 8 sub-threshold transactions totalling $28,090 (avg $3,511) within 60 min window | VELOCITY: 10 transactions from QUANTUM_CLEARING_086 in 300s window | CIRCULAR FLOW: QUANTUM_CLEARING_086 participates in a transaction cycle | LAYERING: Multi-hop indicator 0.00, betweenness 0.1289 for QUANTUM_CLEARING_086",QUANTUM_CLEARING_086,ZENITH_FUND_067
158,7C47874F82C03747,2024-02-15,2024-02-15 21:27:05,0.816129,CRITICAL,0.864569,1.0,0.6137,0.733333,1.0,0.6,"STRUCTURING: 9 sub-threshold transactions totalling $34,477 (avg $3,831) within 60 min window | VELOCITY: 11 transactions from QUANTUM_CLEARING_086 in 300s window | CIRCULAR FLOW: QUANTUM_CLEARING_086 participates in a transaction cycle | LAYERING: Multi-hop indicator 0.00, betweenness 0.1289 for QUANTUM_CLEARING_086 | HIGH-RISK JX: Jurisdiction AE flagged ($6,387)",QUANTUM_CLEARING_086,HELIX_PAYMENTS_125
159,A73CD0AD10B967DD,2024-02-17,2024-02-17 10:12:49,0.6065,HIGH,0.752128,0.476142,0.435866,0.266667,1.0,1.0,"STRUCTURING: 4 sub-threshold transactions totalling $35,711 (avg $8,928) within 60 min window | CIRCULAR FLOW: ECLIPSE_HOLDINGS_169 participates in a transaction cycle | HIGH-RISK JX: Both jurisdictions flagged (CY → LI) for $8,396",ECLIPSE_HOLDINGS_169,CORONA_CLEARING_016
160,6FD1B24E69215783,2024-02-17,2024-02-17 10:13:30,0.653674,HIGH,0.774045,0.745804,0.435866,0.333333,1.0,0.6,"STRUCTURING: 5 sub-threshold transactions totalling $44,748 (avg $8,950) within 60 min window | VELOCITY: 5 transactions from ECLIPSE_HOLDINGS_169 in 300s window | CIRCULAR FLOW: ECLIPSE_HOLDINGS_169 participates in a transaction cycle | HIGH-RISK JX: Jurisdiction LI flagged ($9,038)",ECLIPSE_HOLDINGS_169,NEXUS_TRUST_151
161,E711B7BC84E8F7D8,2024-02-17,2024-02-17 10:16:17,0.727915,HIGH,0.785385,1.0,0.435866,0.333333,1.0,1.0,"STRUCTURING: 6 sub-threshold transactions totalling $54,183 (avg $9,030) within 60 min window | VELOCITY: 5 transactions from ECLIPSE_HOLDINGS_169 in 300s window | CIRCULAR FLOW: ECLIPSE_HOLDINGS_169 participates in a transaction cycle | HIGH-RISK JX: Both jurisdictions flagged (KY → CY) for $9,435",ECLIPSE_HOLDINGS_169,ATLAS_BANCORP_042
162,C263DE77B626CB89,2024-02-17,2024-02-17 10:19:37,0.712671,HIGH,0.801238,1.0,0.435866,0.133333,1.0,1.0,"STRUCTURING: 7 sub-threshold transactions totalling $62,245 (avg $8,892) within 60 min window | CIRCULAR FLOW: ECLIPSE_HOLDINGS_169 participates in a transaction cycle | HIGH-RISK JX: Both jurisdictions flagged (AE → MT) for $8,062",ECLIPSE_HOLDINGS_169,HELIX_PAYMENTS_145
163,E8D64F04DECF832B,2024-02-18,2024-02-18 06:20:00,0.658188,HIGH,1.0,0.361428,0.303608,0.6,1.0,1.0,"VELOCITY: 9 transactions from DELTA_BANCORP_072 in 300s window | CIRCULAR FLOW: DELTA_BANCORP_072 participates in a transaction cycle | HIGH-RISK JX: Both jurisdictions flagged (MT → MT) for $12,434",DELTA_BANCORP_072,OBSIDIAN_PARTNERS_148
164,3B07F9CACD7945AB,2024-02-18,2024-02-18 06:20:09,0.629669,HIGH,0.82276,0.55136,0.303608,0.666667,1.0,0.6,"STRUCTURING: 5 sub-threshold transactions totalling $33,082 (avg $6,616) within 60 min window | VELOCITY: 10 transactions from DELTA_BANCORP_072 in 300s window | CIRCULAR FLOW: DELTA_BANCORP_072 participates in a transaction cycle | HIGH-RISK JX: Jurisdiction KY flagged ($5,974)",DELTA_BANCORP_072,VERTEX_PAYMENTS_015
165,2335CC492022CADC,2024-02-18,2024-02-18 06:20:24,0.711685,HIGH,0.846621,0.792317,0.303608,0.733333,1.0,1.0,"STRUCTURING: 6 sub-threshold transactions totalling $39,616 (avg $6,603) within 60 min window | VELOCITY: 11 transactions from DELTA_BANCORP_072 in 300s window | CIRCULAR FLOW: DELTA_BANCORP_072 participates in a transaction cycle | HIGH-RISK JX: Both jurisdictions flagged (VG → MT) for $6,534",DELTA_BANCORP_072,ECLIPSE_HOLDINGS_149
166,818C79CE87578C97,2024-02-18,2024-02-18 06:21:13,0.747293,HIGH,0.986212,0.977637,0.303608,0.8,1.0,0.0,"STRUCTURING: 7 sub-threshold transactions totalling $41,899 (avg $5,986) within 60 min window | VELOCITY: 12 transactions from DELTA_BANCORP_072 in 300s window | CIRCULAR FLOW: DELTA_BANCORP_072 participates in a transaction cycle",DELTA_BANCORP_072,MERIDIAN_CAPITAL_120
167,2CD34DBF122F15CA,2024-02-18,2024-02-18 06:21:44,0.778352,HIGH,0.885945,1.0,0.303608,0.866667,1.0,1.0,"STRUCTURING: 8 sub-threshold transactions totalling $47,423 (avg $5,928) within 60 min window | VELOCITY: 13 transactions from DELTA_BANCORP_072 in 300s window | CIRCULAR FLOW: DELTA_BANCORP_072 participates in a transaction cycle | HIGH-RISK JX: Both jurisdictions flagged (AE → KY) for $5,525",DELTA_BANCORP_072,QUANTUM_CLEARING_166
168,0ED4BB081540D8BB,2024-02-18,2024-02-18 06:22:09,0.776416,HIGH,0.923935,1.0,0.303608,0.933333,1.0,0.6,"VELOCITY: 14 transactions from DELTA_BANCORP_072 in 300s window | CIRCULAR FLOW: DELTA_BANCORP_072 participates in a transaction cycle | HIGH-RISK JX: Jurisdiction KY flagged ($10,961)",DELTA_BANCORP_072,ZENITH_FUND_027
169,4E25525F5F653FB3,2024-02-18,2024-02-18 06:22:45,0.768592,HIGH,0.975632,1.0,0.303608,1.0,1.0,0.0,"STRUCTURING: 9 sub-threshold transactions totalling $51,647 (avg $5,739) within 60 min window | VELOCITY: 15 transactions from DELTA_BANCORP_072 in 300s window | CIRCULAR FLOW: DELTA_BANCORP_072 participates in a transaction cycle",DELTA_BANCORP_072,STRATUS_FUND_197
170,9D807F61CBC5D1E7,2024-02-18,2024-02-18 16:13:14,0.619349,HIGH,0.814095,0.762871,0.290185,0.2,1.0,0.6,"STRUCTURING: 5 sub-threshold transactions totalling $45,772 (avg $9,154) within 60 min window | CIRCULAR FLOW: STRATUS_FUND_157 participates in a transaction cycle | HIGH-RISK JX: Jurisdiction LI flagged ($8,496)",STRATUS_FUND_157,OBSIDIAN_PARTNERS_048
171,59A59096E77156DB,2024-02-19,2024-02-19 09:31:27,0.601625,HIGH,0.781363,0.51412,0.324235,0.333333,1.0,1.0,"STRUCTURING: 5 sub-threshold transactions totalling $30,847 (avg $6,169) within 60 min window | VELOCITY: 5 transactions from CORONA_CLEARING_196 in 300s window | CIRCULAR FLOW: CORONA_CLEARING_196 participates in a transaction cycle | HIGH-RISK JX: Both jurisdictions flagged (LI → PA) for $1,232",CORONA_CLEARING_196,NOVA_TRUST_041
172,5E6EC57018241D3A,2024-02-19,2024-02-19 09:31:35,0.640056,HIGH,0.772648,0.686016,0.324235,0.4,1.0,1.0,"STRUCTURING: 6 sub-threshold transactions totalling $34,301 (avg $5,717) within 60 min window | VELOCITY: 6 transactions from CORONA_CLEARING_196 in 300s window | CIRCULAR FLOW: CORONA_CLEARING_196 participates in a transaction cycle | HIGH-RISK JX: Both jurisdictions flagged (LI → PA) for $3,454",CORONA_CLEARING_196,ATLAS_BANCORP_102
173,87226E09E057285B,2024-02-19,2024-02-19 09:31:35,0.677644,HIGH,0.942384,0.686016,0.324235,0.466667,1.0,0.6,"VELOCITY: 7 transactions from CORONA_CLEARING_196 in 300s window | CIRCULAR FLOW: CORONA_CLEARING_196 participates in a transaction cycle | HIGH-RISK JX: Jurisdiction VG flagged ($11,291)",CORONA_CLEARING_196,VERTEX_PAYMENTS_115
174,1DA7CDB4865510B0,2024-02-19,2024-02-19 09:31:41,0.659038,HIGH,0.858142,0.686016,0.324235,0.533333,1.0,0.6,"VELOCITY: 8 transactions from CORONA_CLEARING_196 in 300s window | CIRCULAR FLOW: CORONA_CLEARING_196 participates in a transaction cycle | HIGH-RISK JX: Jurisdiction CY flagged ($14,366)",CORONA_CLEARING_196,CIPHER_CAPITAL_150
175,9C0130473E21E60A,2024-02-19,2024-02-19 09:32:31,0.679733,HIGH,0.828509,0.950608,0.324235,0.6,1.0,0.0,"STRUCTURING: 7 sub-threshold transactions totalling $40,740 (avg $5,820) within 60 min window | VELOCITY: 9 transactions from CORONA_CLEARING_196 in 300s window | CIRCULAR FLOW: CORONA_CLEARING_196 participates in a transaction cycle",CORONA_CLEARING_196,APEX_CREDIT_034
176,5667F42B76291DEB,2024-02-19,2024-02-19 09:32:37,0.726048,HIGH,0.827742,1.0,0.324235,0.666667,1.0,0.6,"STRUCTURING: 8 sub-threshold transactions totalling $47,076 (avg $5,884) within 60 min window | VELOCITY: 10 transactions from CORONA_CLEARING_196 in 300s window | CIRCULAR FLOW: CORONA_CLEARING_196 participates in a transaction cycle | HIGH-RISK JX: Jurisdiction CY flagged ($6,335)",CORONA_CLEARING_196,VORTEX_CREDIT_044
177,A355400F22CAB55C,2024-02-19,2024-02-19 09:33:07,0.740865,HIGH,0.854911,1.0,0.324235,0.733333,1.0,0.6,"STRUCTURING: 9 sub-threshold transactions totalling $49,345 (avg $5,483) within 60 min window | VELOCITY: 11 transactions from CORONA_CLEARING_196 in 300s window | CIRCULAR FLOW: CORONA_CLEARING_196 participates in a transaction cycle | HIGH-RISK JX: Jurisdiction MT flagged ($2,269)",CORONA_CLEARING_196,ECLIPSE_HOLDINGS_069
178,4DE253648539E52E,2024-02-19,2024-02-19 09:33:31,0.772943,HIGH,0.872948,1.0,0.324235,0.8,1.0,1.0,"STRUCTURING: 10 sub-threshold transactions totalling $51,878 (avg $5,188) within 60 min window | VELOCITY: 12 transactions from CORONA_CLEARING_196 in 300s window | CIRCULAR FLOW: CORONA_CLEARING_196 participates in a transaction cycle | HIGH-RISK JX: Both jurisdictions flagged (LI → KY) for $2,533",CORONA_CLEARING_196,ZENITH_FUND_187
179,2FB119CC752D933,2024-02-19,2024-02-19 09:34:03,0.779183,HIGH,0.871525,1.0,0.324235,0.866667,1.0,1.0,"STRUCTURING: 11 sub-threshold transactions totalling $59,950 (avg $5,450) within 60 min window | VELOCITY: 13 transactions from CORONA_CLEARING_196 in 300s window | CIRCULAR FLOW: CORONA_CLEARING_196 participates in a transaction cycle | HIGH-RISK JX: Both jurisdictions flagged (KY → VG) for $8,072",CORONA_CLEARING_196,SOLARIS_FIN_003
180,DA3DBEE1353919E8,2024-02-19,2024-02-19 09:34:16,0.778806,HIGH,0.914714,1.0,0.324235,0.933333,1.0,0.6,"STRUCTURING: 12 sub-threshold transactions totalling $66,410 (avg $5,534) within 60 min window | VELOCITY: 14 transactions from CORONA_CLEARING_196 in 300s window | CIRCULAR FLOW: CORONA_CLEARING_196 participates in a transaction cycle | HIGH-RISK JX: Jurisdiction KY flagged ($6,460)",CORONA_CLEARING_196,AXIOM_PARTNERS_018
181,6AD14165B96717CE,2024-02-19,2024-02-19 09:34:48,0.821134,CRITICAL,0.966918,1.0,0.324235,1.0,1.0,1.0,"STRUCTURING: 13 sub-threshold transactions totalling $68,594 (avg $5,276) within 60 min window | VELOCITY: 15 transactions from CORONA_CLEARING_196 in 300s window | CIRCULAR FLOW: CORONA_CLEARING_196 participates in a transaction cycle | HIGH-RISK JX: Both jurisdictions flagged (CY → AE) for $2,184",CORONA_CLEARING_196,AXIOM_PARTNERS_178
182,EE92CF38D118D22B,2024-02-19,2024-02-19 09:35:37,0.79819,HIGH,0.957104,1.0,0.324235,1.0,1.0,0.6,"STRUCTURING: 14 sub-threshold transactions totalling $74,887 (avg $5,349) within 60 min window | VELOCITY: 16 transactions from CORONA_CLEARING_196 in 300s window | CIRCULAR FLOW: CORONA_CLEARING_196 participates in a transaction cycle | HIGH-RISK JX: Jurisdiction KY flagged ($6,293)",CORONA_CLEARING_196,CORONA_CLEARING_056
183,ED7D992BD6857B25,2024-02-19,2024-02-19 09:35:57,0.781059,HIGH,1.0,1.0,0.324235,1.0,1.0,0.0,"STRUCTURING: 15 sub-threshold transactions totalling $83,544 (avg $5,570) within 60 min window | VELOCITY: 17 transactions from CORONA_CLEARING_196 in 300s window | CIRCULAR FLOW: CORONA_CLEARING_196 participates in a transaction cycle",CORONA_CLEARING_196,STRATUS_FUND_137
184,55E5B7F22CCCAD6F,2024-02-19,2024-02-19 09:36:07,0.83039,CRITICAL,0.997771,1.0,0.324235,1.0,1.0,1.0,"STRUCTURING: 16 sub-threshold transactions totalling $92,743 (avg $5,796) within 60 min window | VELOCITY: 18 transactions from CORONA_CLEARING_196 in 300s window | CIRCULAR FLOW: CORONA_CLEARING_196 participates in a transaction cycle | HIGH-RISK JX: Both jurisdictions flagged (CY → AE) for $9,200",CORONA_CLEARING_196,CIPHER_CAPITAL_170
185,91055F10989F2178,2024-02-19,2024-02-19 09:37:38,0.753287,HIGH,0.940762,1.0,0.324235,0.6,1.0,0.6,"STRUCTURING: 17 sub-threshold transactions totalling $101,420 (avg $5,966) within 60 min window | VELOCITY: 9 transactions from CORONA_CLEARING_196 in 300s window | CIRCULAR FLOW: CORONA_CLEARING_196 participates in a transaction cycle | HIGH-RISK JX: Jurisdiction MT flagged ($8,677)",CORONA_CLEARING_196,VORTEX_CREDIT_124
186,1DA436B5ADD1EA7D,2024-02-20,2024-02-20 18:00:19,0.652337,HIGH,0.9633,0.39572,0.350146,0.466667,1.0,1.0,"VELOCITY: 7 transactions from VORTEX_CREDIT_044 in 300s window | CIRCULAR FLOW: VORTEX_CREDIT_044 participates in a transaction cycle | HIGH-RISK JX: Both jurisdictions flagged (AE → AE) for $10,841",VORTEX_CREDIT_044,ZENITH_FUND_067
187,23212AC7E70529D4,2024-02-20,2024-02-20 18:00:19,0.620014,HIGH,1.0,0.39572,0.350146,0.533333,1.0,0.0,VELOCITY: 8 transactions from VORTEX_CREDIT_044 in 300s window | CIRCULAR FLOW: VORTEX_CREDIT_044 participates in a transaction cycle,VORTEX_CREDIT_044,OMEGA_FIN_093
188,3452037E919E6008,2024-02-20,2024-02-20 18:00:31,0.650113,HIGH,0.842399,0.599282,0.350146,0.6,1.0,0.6,"STRUCTURING: 6 sub-threshold transactions totalling $29,964 (avg $4,994) within 60 min window | VELOCITY: 9 transactions from VORTEX_CREDIT_044 in 300s window | CIRCULAR FLOW: VORTEX_CREDIT_044 participates in a transaction cycle | HIGH-RISK JX: Jurisdiction MT flagged ($6,221)",VORTEX_CREDIT_044,STRATUS_FUND_157
189,9E5ABAE7359E292A,2024-02-20,2024-02-20 18:01:26,0.692418,HIGH,0.874245,0.729705,0.350146,0.666667,1.0,0.6,"STRUCTURING: 7 sub-threshold transactions totalling $31,273 (avg $4,468) within 60 min window | VELOCITY: 10 transactions from VORTEX_CREDIT_044 in 300s window | CIRCULAR FLOW: VORTEX_CREDIT_044 participates in a transaction cycle | HIGH-RISK JX: Jurisdiction KY flagged ($1,309)",VORTEX_CREDIT_044,ECLIPSE_HOLDINGS_109
190,963A480B716C42D8,2024-02-20,2024-02-20 18:02:21,0.716197,HIGH,0.947441,0.855472,0.350146,0.733333,1.0,0.0,"STRUCTURING: 8 sub-threshold transactions totalling $32,080 (avg $4,010) within 60 min window | VELOCITY: 11 transactions from VORTEX_CREDIT_044 in 300s window | CIRCULAR FLOW: VORTEX_CREDIT_044 participates in a transaction cycle",VORTEX_CREDIT_044,AXIOM_PARTNERS_058
191,D92405FC547C6D06,2024-02-22,2024-02-22 08:26:06,0.602463,HIGH,0.917168,0.286974,0.293005,0.466667,1.0,1.0,"STRUCTURING: 5 sub-threshold transactions totalling $17,218 (avg $3,444) within 60 min window | VELOCITY: 7 transactions from HELIX_PAYMENTS_005 in 300s window | CIRCULAR FLOW: HELIX_PAYMENTS_005 participates in a transaction cycle | HIGH-RISK JX: Both jurisdictions flagged (MT → VG) for $4,972",HELIX_PAYMENTS_005,NOVA_TRUST_181
192,EA93FC56D42D76E3,2024-02-22,2024-02-22 08:26:24,0.601327,HIGH,0.843711,0.358144,0.293005,0.533333,1.0,1.0,"STRUCTURING: 6 sub-threshold transactions totalling $17,907 (avg $2,985) within 60 min window | VELOCITY: 8 transactions from HELIX_PAYMENTS_005 in 300s window | CIRCULAR FLOW: HELIX_PAYMENTS_005 participates in a transaction cycle | HIGH-RISK JX: Both jurisdictions flagged (LI → CY) for $689",HELIX_PAYMENTS_005,VERTEX_PAYMENTS_135
193,1A81001159345EED,2024-02-22,2024-02-22 08:26:51,0.633809,HIGH,0.811053,0.636211,0.293005,0.6,1.0,0.6,"STRUCTURING: 7 sub-threshold transactions totalling $27,266 (avg $3,895) within 60 min window | VELOCITY: 9 transactions from HELIX_PAYMENTS_005 in 300s window | CIRCULAR FLOW: HELIX_PAYMENTS_005 participates in a transaction cycle | HIGH-RISK JX: Jurisdiction PA flagged ($9,359)",HELIX_PAYMENTS_005,DELTA_BANCORP_172
194,7E956BFC6A4CA864,2024-02-22,2024-02-22 08:27:03,0.733503,HIGH,0.838816,0.959701,0.293005,0.666667,1.0,1.0,"STRUCTURING: 8 sub-threshold transactions totalling $35,989 (avg $4,499) within 60 min window | VELOCITY: 10 transactions from HELIX_PAYMENTS_005 in 300s window | CIRCULAR FLOW: HELIX_PAYMENTS_005 participates in a transaction cycle | HIGH-RISK JX: Both jurisdictions flagged (KY → VG) for $8,723",HELIX_PAYMENTS_005,VORTEX_CREDIT_084
195,BF844EA756A387F6,2024-02-22,2024-02-22 08:27:21,0.733304,HIGH,0.855733,1.0,0.293005,0.733333,1.0,0.6,"STRUCTURING: 9 sub-threshold transactions totalling $44,554 (avg $4,950) within 60 min window | VELOCITY: 11 transactions from HELIX_PAYMENTS_005 in 300s window | CIRCULAR FLOW: HELIX_PAYMENTS_005 participates in a transaction cycle | HIGH-RISK JX: Jurisdiction VG flagged ($8,565)",HELIX_PAYMENTS_005,NEXUS_TRUST_191
196,A0322C023D403E06,2024-02-22,2024-02-22 08:28:35,0.732168,HIGH,0.929722,1.0,0.293005,0.8,1.0,0.0,"STRUCTURING: 10 sub-threshold transactions totalling $52,558 (avg $5,256) within 60 min window | VELOCITY: 12 transactions from HELIX_PAYMENTS_005 in 300s window | CIRCULAR FLOW: HELIX_PAYMENTS_005 participates in a transaction cycle",HELIX_PAYMENTS_005,SOLARIS_FIN_083
197,06228B293277C667,2024-02-22,2024-02-22 08:29:07,0.766897,HIGH,0.923265,1.0,0.293005,0.866667,1.0,0.6,"STRUCTURING: 11 sub-threshold transactions totalling $55,517 (avg $5,047) within 60 min window | VELOCITY: 13 transactions from HELIX_PAYMENTS_005 in 300s window | CIRCULAR FLOW: HELIX_PAYMENTS_005 participates in a transaction cycle | HIGH-RISK JX: Jurisdiction KY flagged ($2,959)",HELIX_PAYMENTS_005,HELIX_PAYMENTS_165
198,37C7F7C02C3B024D,2024-02-22,2024-02-22 08:29:59,0.787343,HIGH,0.969195,1.0,0.293005,0.933333,1.0,0.6,"VELOCITY: 14 transactions from HELIX_PAYMENTS_005 in 300s window | CIRCULAR FLOW: HELIX_PAYMENTS_005 participates in a transaction cycle | HIGH-RISK JX: Jurisdiction LI flagged ($11,756)",HELIX_PAYMENTS_005,ZENITH_FUND_047
199,55F9E58DC4491CA4,2024-02-24,2024-02-24 02:23:43,0.608501,HIGH,0.86739,0.168705,0.604838,0.333333,1.0,0.6,"VELOCITY: 5 transactions from ATLAS_BANCORP_002 in 300s window | CIRCULAR FLOW: ATLAS_BANCORP_002 participates in a transaction cycle | LAYERING: Multi-hop indicator 0.00, betweenness 0.1109 for ATLAS_BANCORP_002 | HIGH-RISK JX: Jurisdiction AE flagged ($12,035)",ATLAS_BANCORP_002,MERIDIAN_CAPITAL_080
200,C74CF00FDCB0491C,2024-02-24,2024-02-24 02:24:03,0.644512,HIGH,0.864526,0.319721,0.604838,0.4,1.0,0.6,"STRUCTURING: 4 sub-threshold transactions totalling $23,979 (avg $5,995) within 60 min window | VELOCITY: 6 transactions from ATLAS_BANCORP_002 in 300s window | CIRCULAR FLOW: ATLAS_BANCORP_002 participates in a transaction cycle | LAYERING: Multi-hop indicator 0.00, betweenness 0.1109 for ATLAS_BANCORP_002 | HIGH-RISK JX: Jurisdiction LI flagged ($7,109)",ATLAS_BANCORP_002,NEXUS_TRUST_151
201,E6AE53728EF44EBD,2024-02-25,2024-02-25 19:27:50,0.628968,HIGH,0.740213,0.756969,0.288709,0.333333,1.0,1.0,"STRUCTURING: 5 sub-threshold transactions totalling $45,418 (avg $9,084) within 60 min window | VELOCITY: 5 transactions from CIPHER_CAPITAL_150 in 300s window | CIRCULAR FLOW: CIPHER_CAPITAL_150 participates in a transaction cycle | HIGH-RISK JX: Both jurisdictions flagged (VG → AE) for $8,460",CIPHER_CAPITAL_150,NOVA_TRUST_001
202,6A381C0492E1C2F2,2024-02-25,2024-02-25 19:28:02,0.692149,HIGH,0.766574,1.0,0.288709,0.4,1.0,1.0,"STRUCTURING: 6 sub-threshold transactions totalling $54,860 (avg $9,143) within 60 min window | VELOCITY: 6 transactions from CIPHER_CAPITAL_150 in 300s window | CIRCULAR FLOW: CIPHER_CAPITAL_150 participates in a transaction cycle | HIGH-RISK JX: Both jurisdictions flagged (KY → LI) for $9,442",CIPHER_CAPITAL_150,QUANTUM_CLEARING_086
203,21798728EFF3EAD3,2024-02-25,2024-02-25 19:31:00,0.644545,HIGH,0.796783,1.0,0.288709,0.333333,1.0,0.0,"STRUCTURING: 7 sub-threshold transactions totalling $63,445 (avg $9,064) within 60 min window | VELOCITY: 5 transactions from CIPHER_CAPITAL_150 in 300s window | CIRCULAR FLOW: CIPHER_CAPITAL_150 participates in a transaction cycle",CIPHER_CAPITAL_150,APEX_CREDIT_114
204,9659C57E98C3643C,2024-02-26,2024-02-26 02:59:43,0.606001,HIGH,0.78085,0.667916,0.272652,0.4,1.0,0.6,"STRUCTURING: 6 sub-threshold transactions totalling $33,396 (avg $5,566) within 60 min window | VELOCITY: 6 transactions from AXIOM_PARTNERS_038 in 300s window | CIRCULAR FLOW: AXIOM_PARTNERS_038 participates in a transaction cycle | HIGH-RISK JX: Jurisdiction MT flagged ($3,072)",AXIOM_PARTNERS_038,NOVA_TRUST_141
205,C387F908D29658FD,2024-02-26,2024-02-26 02:59:47,0.737195,HIGH,0.946445,0.942157,0.272652,0.466667,1.0,1.0,"STRUCTURING: 7 sub-threshold transactions totalling $40,378 (avg $5,768) within 60 min window | VELOCITY: 7 transactions from AXIOM_PARTNERS_038 in 300s window | CIRCULAR FLOW: AXIOM_PARTNERS_038 participates in a transaction cycle | HIGH-RISK JX: Both jurisdictions flagged (LI → LI) for $6,982",AXIOM_PARTNERS_038,HELIX_PAYMENTS_185
206,D959648DC3876C5B,2024-02-26,2024-02-26 02:59:58,0.728552,HIGH,0.820736,1.0,0.315992,0.533333,1.0,1.0,"STRUCTURING: 8 sub-threshold transactions totalling $50,189 (avg $6,274) within 60 min window | VELOCITY: 8 transactions from AXIOM_PARTNERS_038 in 300s window | CIRCULAR FLOW: AXIOM_PARTNERS_038 participates in a transaction cycle | HIGH-RISK JX: Both jurisdictions flagged (VG → MT) for $9,811",AXIOM_PARTNERS_038,VORTEX_CREDIT_084
207,A165BD194886D4F,2024-02-26,2024-02-26 03:00:11,0.721473,HIGH,0.841582,1.0,0.315992,0.6,1.0,0.6,"VELOCITY: 9 transactions from AXIOM_PARTNERS_038 in 300s window | CIRCULAR FLOW: AXIOM_PARTNERS_038 participates in a transaction cycle | HIGH-RISK JX: Jurisdiction PA flagged ($10,308)",AXIOM_PARTNERS_038,PRIME_HOLDINGS_019
208,DDB03C02F8B06AE7,2024-02-26,2024-02-26 03:00:33,0.707451,HIGH,0.872621,1.0,0.315992,0.666667,1.0,0.0,"STRUCTURING: 9 sub-threshold transactions totalling $52,378 (avg $5,820) within 60 min window | VELOCITY: 10 transactions from AXIOM_PARTNERS_038 in 300s window | CIRCULAR FLOW: AXIOM_PARTNERS_038 participates in a transaction cycle",AXIOM_PARTNERS_038,HELIX_PAYMENTS_045
209,4210A52D11438D3C,2024-02-26,2024-02-26 03:01:26,0.750738,HIGH,0.894689,1.0,0.315992,0.733333,1.0,0.6,"VELOCITY: 11 transactions from AXIOM_PARTNERS_038 in 300s window | CIRCULAR FLOW: AXIOM_PARTNERS_038 participates in a transaction cycle | HIGH-RISK JX: Jurisdiction PA flagged ($10,450)",AXIOM_PARTNERS_038,CORONA_CLEARING_136
210,FF1FFE183A40CD57,2024-02-26,2024-02-26 03:01:37,0.746669,HIGH,0.858902,1.0,0.315992,0.8,1.0,0.6,"STRUCTURING: 10 sub-threshold transactions totalling $54,687 (avg $5,469) within 60 min window | VELOCITY: 12 transactions from AXIOM_PARTNERS_038 in 300s window | CIRCULAR FLOW: AXIOM_PARTNERS_038 participates in a transaction cycle | HIGH-RISK JX: Jurisdiction PA flagged ($2,310)",AXIOM_PARTNERS_038,ECLIPSE_HOLDINGS_189
211,15DB3511300E6E7D,2024-02-26,2024-02-26 03:02:04,0.779241,HIGH,0.878589,1.0,0.315992,0.866667,1.0,1.0,"STRUCTURING: 11 sub-threshold transactions totalling $58,796 (avg $5,345) within 60 min window | VELOCITY: 13 transactions from AXIOM_PARTNERS_038 in 300s window | CIRCULAR FLOW: AXIOM_PARTNERS_038 participates in a transaction cycle | HIGH-RISK JX: Both jurisdictions flagged (AE → MT) for $4,109",AXIOM_PARTNERS_038,ECLIPSE_HOLDINGS_009
212,EC8D95E53AF93D67,2024-02-26,2024-02-26 03:03:03,0.806548,CRITICAL,0.947389,1.0,0.315992,0.933333,1.0,1.0,"VELOCITY: 14 transactions from AXIOM_PARTNERS_038 in 300s window | CIRCULAR FLOW: AXIOM_PARTNERS_038 participates in a transaction cycle | HIGH-RISK JX: Both jurisdictions flagged (VG → KY) for $13,807",AXIOM_PARTNERS_038,DELTA_BANCORP_032
213,E2240BE0690A1D13,2024-02-26,2024-02-26 03:03:39,0.776809,HIGH,0.992703,1.0,0.315992,1.0,1.0,0.0,VELOCITY: 15 transactions from AXIOM_PARTNERS_038 in 300s window | CIRCULAR FLOW: AXIOM_PARTNERS_038 participates in a transaction cycle,AXIOM_PARTNERS_038,ECLIPSE_HOLDINGS_169
214,C44C8B0B3C68D3D1,2024-02-26,2024-02-26 03:03:45,0.778998,HIGH,1.0,1.0,0.315992,1.0,1.0,0.0,VELOCITY: 16 transactions from AXIOM_PARTNERS_038 in 300s window | CIRCULAR FLOW: AXIOM_PARTNERS_038 participates in a transaction cycle,AXIOM_PARTNERS_038,ECLIPSE_HOLDINGS_029
215,3158D33958C8B2AB,2024-02-26,2024-02-26 03:03:59,0.772161,HIGH,0.97721,1.0,0.315992,1.0,1.0,0.0,"STRUCTURING: 12 sub-threshold transactions totalling $66,209 (avg $5,517) within 60 min window | VELOCITY: 17 transactions from AXIOM_PARTNERS_038 in 300s window | CIRCULAR FLOW: AXIOM_PARTNERS_038 participates in a transaction cycle",AXIOM_PARTNERS_038,VORTEX_CREDIT_124
216,7F89A5449A7E7D4B,2024-02-26,2024-02-26 03:04:35,0.778529,HIGH,0.920659,1.0,0.315992,0.933333,1.0,0.6,"STRUCTURING: 13 sub-threshold transactions totalling $73,235 (avg $5,633) within 60 min window | VELOCITY: 14 transactions from AXIOM_PARTNERS_038 in 300s window | CIRCULAR FLOW: AXIOM_PARTNERS_038 participates in a transaction cycle | HIGH-RISK JX: Jurisdiction KY flagged ($7,025)",AXIOM_PARTNERS_038,SOLARIS_FIN_143
217,25E67E978C6744DE,2024-02-26,2024-02-26 03:05:30,0.749929,HIGH,0.914215,1.0,0.315992,0.666667,1.0,0.6,"STRUCTURING: 14 sub-threshold transactions totalling $76,568 (avg $5,469) within 60 min window | VELOCITY: 10 transactions from AXIOM_PARTNERS_038 in 300s window | CIRCULAR FLOW: AXIOM_PARTNERS_038 participates in a transaction cycle | HIGH-RISK JX: Jurisdiction AE flagged ($3,333)",AXIOM_PARTNERS_038,OMEGA_FIN_053
218,357EA521557BDE6D,2024-02-26,2024-02-26 03:06:43,0.743902,HIGH,0.938569,1.0,0.315992,0.533333,1.0,0.6,"STRUCTURING: 15 sub-threshold transactions totalling $85,542 (avg $5,703) within 60 min window | VELOCITY: 8 transactions from AXIOM_PARTNERS_038 in 300s window | CIRCULAR FLOW: AXIOM_PARTNERS_038 participates in a transaction cycle | HIGH-RISK JX: Jurisdiction LI flagged ($8,974)",AXIOM_PARTNERS_038,CORONA_CLEARING_156
219,F988F3D4F14FB994,2024-02-26,2024-02-26 10:21:28,0.607391,HIGH,0.860895,0.323658,0.270895,0.666667,1.0,1.0,"STRUCTURING: 5 sub-threshold transactions totalling $19,420 (avg $3,884) within 60 min window | VELOCITY: 10 transactions from ECLIPSE_HOLDINGS_089 in 300s window | CIRCULAR FLOW: ECLIPSE_HOLDINGS_089 participates in a transaction cycle | HIGH-RISK JX: Both jurisdictions flagged (MT → CY) for $3,396",ECLIPSE_HOLDINGS_089,HELIX_PAYMENTS_045
220,64B12E5DEE3F99E3,2024-02-26,2024-02-26 10:21:34,0.613671,HIGH,0.926276,0.323658,0.270895,0.733333,1.0,0.6,"VELOCITY: 11 transactions from ECLIPSE_HOLDINGS_089 in 300s window | CIRCULAR FLOW: ECLIPSE_HOLDINGS_089 participates in a transaction cycle | HIGH-RISK JX: Jurisdiction KY flagged ($11,461)",ECLIPSE_HOLDINGS_089,SOLARIS_FIN_183
221,34E3678749E85D68,2024-02-26,2024-02-26 10:21:34,0.707798,HIGH,1.0,0.550373,0.270895,0.8,1.0,1.0,"STRUCTURING: 6 sub-threshold transactions totalling $27,519 (avg $4,586) within 60 min window | VELOCITY: 12 transactions from ECLIPSE_HOLDINGS_089 in 300s window | CIRCULAR FLOW: ECLIPSE_HOLDINGS_089 participates in a transaction cycle | HIGH-RISK JX: Both jurisdictions flagged (KY → KY) for $8,099",ECLIPSE_HOLDINGS_089,SOLARIS_FIN_083
222,CAA228E0DBDFD124,2024-02-26,2024-02-26 10:21:44,0.678136,HIGH,0.945571,0.550373,0.270895,0.866667,1.0,0.6,"VELOCITY: 13 transactions from ECLIPSE_HOLDINGS_089 in 300s window | CIRCULAR FLOW: ECLIPSE_HOLDINGS_089 participates in a transaction cycle | HIGH-RISK JX: Jurisdiction PA flagged ($14,216)",ECLIPSE_HOLDINGS_089,CIPHER_CAPITAL_070
223,8E1D017248F3E6F5,2024-02-26,2024-02-26 10:22:03,0.668354,HIGH,0.990742,0.550373,0.270895,0.933333,1.0,0.0,VELOCITY: 14 transactions from ECLIPSE_HOLDINGS_089 in 300s window | CIRCULAR FLOW: ECLIPSE_HOLDINGS_089 participates in a transaction cycle,ECLIPSE_HOLDINGS_089,OMEGA_FIN_033
224,1FC5041B270273F3,2024-02-26,2024-02-26 10:22:28,0.769171,HIGH,1.0,0.757234,0.270895,1.0,1.0,1.0,"STRUCTURING: 7 sub-threshold transactions totalling $32,453 (avg $4,636) within 60 min window | VELOCITY: 15 transactions from ECLIPSE_HOLDINGS_089 in 300s window | CIRCULAR FLOW: ECLIPSE_HOLDINGS_089 participates in a transaction cycle | HIGH-RISK JX: Both jurisdictions flagged (AE → AE) for $4,934",ECLIPSE_HOLDINGS_089,QUANTUM_CLEARING_006
225,3DE09DE6BBD1325B,2024-02-26,2024-02-26 10:23:04,0.739636,HIGH,0.968218,0.757234,0.270895,1.0,1.0,0.6,"VELOCITY: 16 transactions from ECLIPSE_HOLDINGS_089 in 300s window | CIRCULAR FLOW: ECLIPSE_HOLDINGS_089 participates in a transaction cycle | HIGH-RISK JX: Jurisdiction LI flagged ($13,410)",ECLIPSE_HOLDINGS_089,MERIDIAN_CAPITAL_080
226,65911A3798CE8FEF,2024-02-26,2024-02-26 10:23:14,0.756068,HIGH,1.0,0.941721,0.270895,1.0,1.0,0.0,"STRUCTURING: 8 sub-threshold transactions totalling $35,315 (avg $4,414) within 60 min window | VELOCITY: 17 transactions from ECLIPSE_HOLDINGS_089 in 300s window | CIRCULAR FLOW: ECLIPSE_HOLDINGS_089 participates in a transaction cycle",ECLIPSE_HOLDINGS_089,QUANTUM_CLEARING_086
227,D1F11DDE5B6909BF,2024-02-26,2024-02-26 10:23:22,0.787105,HIGH,0.964605,1.0,0.270895,1.0,1.0,0.6,"STRUCTURING: 9 sub-threshold transactions totalling $39,099 (avg $4,344) within 60 min window | VELOCITY: 18 transactions from ECLIPSE_HOLDINGS_089 in 300s window | CIRCULAR FLOW: ECLIPSE_HOLDINGS_089 participates in a transaction cycle | HIGH-RISK JX: Jurisdiction VG flagged ($3,784)",ECLIPSE_HOLDINGS_089,ATLAS_BANCORP_182
228,6C1271D22A863238,2024-02-26,2024-02-26 10:24:11,0.767724,HIGH,1.0,1.0,0.270895,1.0,1.0,0.0,VELOCITY: 19 transactions from ECLIPSE_HOLDINGS_089 in 300s window | CIRCULAR FLOW: ECLIPSE_HOLDINGS_089 participates in a transaction cycle,ECLIPSE_HOLDINGS_089,VERTEX_PAYMENTS_035
229,9ED2898BB025609B,2024-02-26,2024-02-26 10:27:16,0.725065,HIGH,0.891137,1.0,0.270895,0.4,1.0,1.0,"STRUCTURING: 10 sub-threshold transactions totalling $46,112 (avg $4,611) within 60 min window | VELOCITY: 6 transactions from ECLIPSE_HOLDINGS_089 in 300s window | CIRCULAR FLOW: ECLIPSE_HOLDINGS_089 participates in a transaction cycle | HIGH-RISK JX: Both jurisdictions flagged (VG → PA) for $7,013",ECLIPSE_HOLDINGS_089,ZENITH_FUND_167
230,1C142BF97BC32EBA,2024-02-26,2024-02-26 11:54:32,0.624235,HIGH,0.904356,0.462622,0.614948,0.066667,1.0,0.0,"STRUCTURING: 4 sub-threshold transactions totalling $34,697 (avg $8,674) within 60 min window | CIRCULAR FLOW: STRATUS_FUND_157 participates in a transaction cycle | LAYERING: Multi-hop indicator 0.00, betweenness 0.1057 for STRATUS_FUND_157",STRATUS_FUND_157,DELTA_BANCORP_192
231,D1969DBAF5D9BA7C,2024-02-27,2024-02-27 14:48:50,0.663219,HIGH,0.826866,0.478283,0.598011,0.2,1.0,1.0,"STRUCTURING: 4 sub-threshold transactions totalling $35,871 (avg $8,968) within 60 min window | CIRCULAR FLOW: MERIDIAN_CAPITAL_000 participates in a transaction cycle | LAYERING: Multi-hop indicator 0.00, betweenness 0.0959 for MERIDIAN_CAPITAL_000 | HIGH-RISK JX: Both jurisdictions flagged (MT → PA) for $9,115",MERIDIAN_CAPITAL_000,OBSIDIAN_PARTNERS_128
232,986565C8A6FEE418,2024-02-27,2024-02-27 14:50:24,0.72752,HIGH,0.863059,0.7455,0.598011,0.2,1.0,1.0,"STRUCTURING: 5 sub-threshold transactions totalling $44,730 (avg $8,946) within 60 min window | CIRCULAR FLOW: MERIDIAN_CAPITAL_000 participates in a transaction cycle | LAYERING: Multi-hop indicator 0.00, betweenness 0.0959 for MERIDIAN_CAPITAL_000 | HIGH-RISK JX: Both jurisdictions flagged (KY → VG) for $8,859",MERIDIAN_CAPITAL_000,VERTEX_PAYMENTS_075
233,05AC1A02A75C61AC,2024-02-27,2024-02-27 14:55:36,0.772476,HIGH,0.887688,1.0,0.598011,0.066667,1.0,1.0,"STRUCTURING: 6 sub-threshold transactions totalling $54,706 (avg $9,118) within 60 min window | CIRCULAR FLOW: MERIDIAN_CAPITAL_000 participates in a transaction cycle | LAYERING: Multi-hop indicator 0.00, betweenness 0.0959 for MERIDIAN_CAPITAL_000 | HIGH-RISK JX: Both jurisdictions flagged (VG → LI) for $9,976",MERIDIAN_CAPITAL_000,DELTA_BANCORP_012
234,901705FD54DAF90C,2024-02-27,2024-02-27 15:11:06,0.779345,HIGH,0.910585,1.0,0.598011,0.066667,1.0,1.0,"STRUCTURING: 7 sub-threshold transactions totalling $63,348 (avg $9,050) within 60 min window | CIRCULAR FLOW: MERIDIAN_CAPITAL_000 participates in a transaction cycle | LAYERING: Multi-hop indicator 0.00, betweenness 0.0959 for MERIDIAN_CAPITAL_000 | HIGH-RISK JX: Both jurisdictions flagged (LI → AE) for $8,642",MERIDIAN_CAPITAL_000,SOLARIS_FIN_163
235,C34AAFD863E7BF6F,2024-02-27,2024-02-27 15:16:33,0.759052,HIGH,0.909608,1.0,0.598011,0.066667,1.0,0.6,"STRUCTURING: 8 sub-threshold transactions totalling $72,524 (avg $9,066) within 60 min window | CIRCULAR FLOW: MERIDIAN_CAPITAL_000 participates in a transaction cycle | LAYERING: Multi-hop indicator 0.00, betweenness 0.0959 for MERIDIAN_CAPITAL_000 | HIGH-RISK JX: Jurisdiction VG flagged ($9,176)",MERIDIAN_CAPITAL_000,VORTEX_CREDIT_024
236,61BB9C8CE844F0DE,2024-02-27,2024-02-27 23:34:44,0.641779,HIGH,0.850719,0.755529,0.368497,0.133333,1.0,0.6,"STRUCTURING: 5 sub-threshold transactions totalling $45,332 (avg $9,066) within 60 min window | CIRCULAR FLOW: VERTEX_PAYMENTS_075 participates in a transaction cycle | HIGH-RISK JX: Jurisdiction AE flagged ($9,755)",VERTEX_PAYMENTS_075,QUANTUM_CLEARING_086
237,FE0F3A9E8F5CB21,2024-02-27,2024-02-27 23:37:28,0.678289,HIGH,0.909438,1.0,0.368497,0.133333,1.0,0.0,"STRUCTURING: 6 sub-threshold transactions totalling $53,641 (avg $8,940) within 60 min window | CIRCULAR FLOW: VERTEX_PAYMENTS_075 participates in a transaction cycle",VERTEX_PAYMENTS_075,STRATUS_FUND_137
238,EE08359827F176A3,2024-02-27,2024-02-27 23:39:14,0.726495,HIGH,0.881237,1.0,0.368497,0.2,1.0,1.0,"STRUCTURING: 7 sub-threshold transactions totalling $62,972 (avg $8,996) within 60 min window | CIRCULAR FLOW: VERTEX_PAYMENTS_075 participates in a transaction cycle | HIGH-RISK JX: Both jurisdictions flagged (VG → PA) for $9,330",VERTEX_PAYMENTS_075,CIPHER_CAPITAL_130
239,B9F7CCC82ABB5DBB,2024-02-27,2024-02-27 23:47:01,0.697503,HIGH,0.895706,1.0,0.368497,0.066667,1.0,0.6,"STRUCTURING: 8 sub-threshold transactions totalling $71,986 (avg $8,998) within 60 min window | CIRCULAR FLOW: VERTEX_PAYMENTS_075 participates in a transaction cycle | HIGH-RISK JX: Jurisdiction PA flagged ($9,014)",VERTEX_PAYMENTS_075,CORONA_CLEARING_036
240,3DDB89618B8CF184,2024-03-02,2024-03-02 13:46:28,0.623561,HIGH,0.908106,0.373161,0.39932,0.466667,1.0,0.6,"STRUCTURING: 4 sub-threshold transactions totalling $27,987 (avg $6,997) within 60 min window | VELOCITY: 7 transactions from MERIDIAN_CAPITAL_100 in 300s window | CIRCULAR FLOW: MERIDIAN_CAPITAL_100 participates in a transaction cycle | HIGH-RISK JX: Jurisdiction VG flagged ($8,295)",MERIDIAN_CAPITAL_100,APEX_CREDIT_154
241,786ADC8E62C607C3,2024-03-02,2024-03-02 13:46:32,0.668148,HIGH,0.96784,0.373161,0.39932,0.533333,1.0,1.0,"VELOCITY: 8 transactions from MERIDIAN_CAPITAL_100 in 300s window | CIRCULAR FLOW: MERIDIAN_CAPITAL_100 participates in a transaction cycle | HIGH-RISK JX: Both jurisdictions flagged (LI → AE) for $11,592",MERIDIAN_CAPITAL_100,APEX_CREDIT_134
242,105B4DC480DE09AF,2024-03-02,2024-03-02 13:46:54,0.667307,HIGH,0.942817,0.373161,0.39932,0.6,1.0,1.0,"VELOCITY: 9 transactions from MERIDIAN_CAPITAL_100 in 300s window | CIRCULAR FLOW: MERIDIAN_CAPITAL_100 participates in a transaction cycle | HIGH-RISK JX: Both jurisdictions flagged (VG → KY) for $10,756",MERIDIAN_CAPITAL_100,AXIOM_PARTNERS_078
243,27C6337B852B00C3,2024-03-02,2024-03-02 13:46:56,0.669454,HIGH,0.994416,0.373161,0.39932,0.666667,1.0,0.6,"VELOCITY: 10 transactions from MERIDIAN_CAPITAL_100 in 300s window | CIRCULAR FLOW: MERIDIAN_CAPITAL_100 participates in a transaction cycle | HIGH-RISK JX: Jurisdiction LI flagged ($10,942)",MERIDIAN_CAPITAL_100,CORONA_CLEARING_036
244,7BDAE3CF37AAB457,2024-03-02,2024-03-02 13:47:08,0.684199,HIGH,0.954677,0.373161,0.39932,0.733333,1.0,1.0,"VELOCITY: 11 transactions from MERIDIAN_CAPITAL_100 in 300s window | CIRCULAR FLOW: MERIDIAN_CAPITAL_100 participates in a transaction cycle | HIGH-RISK JX: Both jurisdictions flagged (VG → MT) for $14,187",MERIDIAN_CAPITAL_100,MERIDIAN_CAPITAL_020
245,71224244B5406903,2024-03-02,2024-03-02 13:47:40,0.67623,HIGH,0.97256,0.373161,0.39932,0.8,1.0,0.6,"VELOCITY: 12 transactions from MERIDIAN_CAPITAL_100 in 300s window | CIRCULAR FLOW: MERIDIAN_CAPITAL_100 participates in a transaction cycle | HIGH-RISK JX: Jurisdiction LI flagged ($14,172)",MERIDIAN_CAPITAL_100,MERIDIAN_CAPITAL_000
246,DD2A43D6B35D9B3B,2024-03-02,2024-03-02 13:47:46,0.710097,HIGH,0.943888,0.552167,0.39932,0.866667,1.0,0.6,"STRUCTURING: 5 sub-threshold transactions totalling $33,130 (avg $6,626) within 60 min window | VELOCITY: 13 transactions from MERIDIAN_CAPITAL_100 in 300s window | CIRCULAR FLOW: MERIDIAN_CAPITAL_100 participates in a transaction cycle | HIGH-RISK JX: Jurisdiction AE flagged ($5,143)",MERIDIAN_CAPITAL_100,STRATUS_FUND_197
247,B6C239FAFA0C2061,2024-03-02,2024-03-02 13:47:50,0.755562,HIGH,0.980371,0.691438,0.39932,0.933333,1.0,0.6,"STRUCTURING: 6 sub-threshold transactions totalling $34,572 (avg $5,762) within 60 min window | VELOCITY: 14 transactions from MERIDIAN_CAPITAL_100 in 300s window | CIRCULAR FLOW: MERIDIAN_CAPITAL_100 participates in a transaction cycle | HIGH-RISK JX: Jurisdiction MT flagged ($1,442)",MERIDIAN_CAPITAL_100,QUANTUM_CLEARING_106
248,D56419669B9166F7,2024-03-02,2024-03-02 13:48:06,0.819956,CRITICAL,0.967086,1.0,0.39932,1.0,1.0,0.6,"STRUCTURING: 7 sub-threshold transactions totalling $43,330 (avg $6,190) within 60 min window | VELOCITY: 15 transactions from MERIDIAN_CAPITAL_100 in 300s window | CIRCULAR FLOW: MERIDIAN_CAPITAL_100 participates in a transaction cycle | HIGH-RISK JX: Jurisdiction LI flagged ($8,758)",MERIDIAN_CAPITAL_100,DELTA_BANCORP_012
249,45CF2AF5746C4146,2024-03-02,2024-03-02 13:48:36,0.79983,HIGH,1.0,1.0,0.39932,1.0,1.0,0.0,"STRUCTURING: 8 sub-threshold transactions totalling $52,818 (avg $6,602) within 60 min window | VELOCITY: 16 transactions from MERIDIAN_CAPITAL_100 in 300s window | CIRCULAR FLOW: MERIDIAN_CAPITAL_100 participates in a transaction cycle",MERIDIAN_CAPITAL_100,SOLARIS_FIN_023
250,6739647F829A49B1,2024-03-02,2024-03-02 13:48:46,0.821535,CRITICAL,0.97235,1.0,0.39932,1.0,1.0,0.6,"STRUCTURING: 9 sub-threshold transactions totalling $58,748 (avg $6,528) within 60 min window | VELOCITY: 17 transactions from MERIDIAN_CAPITAL_100 in 300s window | CIRCULAR FLOW: MERIDIAN_CAPITAL_100 participates in a transaction cycle | HIGH-RISK JX: Jurisdiction CY flagged ($5,931)",MERIDIAN_CAPITAL_100,DELTA_BANCORP_052
251,3F77A981498C0AFD,2024-03-02,2024-03-02 13:49:04,0.79983,HIGH,1.0,1.0,0.39932,1.0,1.0,0.0,"STRUCTURING: 10 sub-threshold transactions totalling $61,762 (avg $6,176) within 60 min window | VELOCITY: 18 transactions from MERIDIAN_CAPITAL_100 in 300s window | CIRCULAR FLOW: MERIDIAN_CAPITAL_100 participates in a transaction cycle",MERIDIAN_CAPITAL_100,VORTEX_CREDIT_144
252,077E33448EED11EE,2024-03-02,2024-03-02 13:51:20,0.793163,HIGH,1.0,1.0,0.39932,0.933333,1.0,0.0,VELOCITY: 14 transactions from MERIDIAN_CAPITAL_100 in 300s window | CIRCULAR FLOW: MERIDIAN_CAPITAL_100 participates in a transaction cycle,MERIDIAN_CAPITAL_100,ECLIPSE_HOLDINGS_089
253,286668A360FABF82,2024-03-02,2024-03-02 13:51:40,0.77983,HIGH,1.0,1.0,0.39932,0.8,1.0,0.0,VELOCITY: 12 transactions from MERIDIAN_CAPITAL_100 in 300s window | CIRCULAR FLOW: MERIDIAN_CAPITAL_100 participates in a transaction cycle,MERIDIAN_CAPITAL_100,HELIX_PAYMENTS_145
254,D7FB5BEA73160F36,2024-03-02,2024-03-02 23:28:52,0.647878,HIGH,0.761761,0.708018,0.324317,0.466667,1.0,1.0,"STRUCTURING: 6 sub-threshold transactions totalling $35,401 (avg $5,900) within 60 min window | VELOCITY: 7 transactions from OBSIDIAN_PARTNERS_088 in 300s window | CIRCULAR FLOW: OBSIDIAN_PARTNERS_088 participates in a transaction cycle | HIGH-RISK JX: Both jurisdictions flagged (MT → CY) for $9,543",OBSIDIAN_PARTNERS_088,NOVA_TRUST_041
255,8D39050A7611AC06,2024-03-02,2024-03-02 23:29:10,0.647431,HIGH,0.804715,0.708018,0.324317,0.533333,1.0,0.6,"VELOCITY: 8 transactions from OBSIDIAN_PARTNERS_088 in 300s window | CIRCULAR FLOW: OBSIDIAN_PARTNERS_088 participates in a transaction cycle | HIGH-RISK JX: Jurisdiction CY flagged ($12,765)",OBSIDIAN_PARTNERS_088,HELIX_PAYMENTS_065
256,F464D9C3B2947126,2024-03-02,2024-03-02 23:29:16,0.659169,HIGH,0.821621,0.708018,0.324317,0.6,1.0,0.6,"VELOCITY: 9 transactions from OBSIDIAN_PARTNERS_088 in 300s window | CIRCULAR FLOW: OBSIDIAN_PARTNERS_088 participates in a transaction cycle | HIGH-RISK JX: Jurisdiction LI flagged ($12,051)",OBSIDIAN_PARTNERS_088,OMEGA_FIN_113
257,06696BECAD66AD9D,2024-03-02,2024-03-02 23:29:41,0.710548,HIGH,0.917838,0.937251,0.324317,0.666667,1.0,0.0,"STRUCTURING: 7 sub-threshold transactions totalling $40,168 (avg $5,738) within 60 min window | VELOCITY: 10 transactions from OBSIDIAN_PARTNERS_088 in 300s window | CIRCULAR FLOW: OBSIDIAN_PARTNERS_088 participates in a transaction cycle",OBSIDIAN_PARTNERS_088,APEX_CREDIT_194
258,5B40ABACAC29E21B,2024-03-02,2024-03-02 23:29:42,0.763623,HIGH,0.930702,1.0,0.324317,0.733333,1.0,0.6,"STRUCTURING: 8 sub-threshold transactions totalling $40,785 (avg $5,098) within 60 min window | VELOCITY: 11 transactions from OBSIDIAN_PARTNERS_088 in 300s window | CIRCULAR FLOW: OBSIDIAN_PARTNERS_088 participates in a transaction cycle | HIGH-RISK JX: Jurisdiction MT flagged ($617)",OBSIDIAN_PARTNERS_088,MERIDIAN_CAPITAL_040
259,152852302F4BE721,2024-03-02,2024-03-02 23:30:33,0.731105,HIGH,0.800086,1.0,0.324317,0.8,1.0,0.6,"STRUCTURING: 9 sub-threshold transactions totalling $46,301 (avg $5,145) within 60 min window | VELOCITY: 12 transactions from OBSIDIAN_PARTNERS_088 in 300s window | CIRCULAR FLOW: OBSIDIAN_PARTNERS_088 participates in a transaction cycle | HIGH-RISK JX: Jurisdiction MT flagged ($5,516)",OBSIDIAN_PARTNERS_088,OMEGA_FIN_053
260,457390E476C112B8,2024-03-02,2024-03-02 23:30:58,0.760544,HIGH,0.875994,1.0,0.324317,0.866667,1.0,0.6,"VELOCITY: 13 transactions from OBSIDIAN_PARTNERS_088 in 300s window | CIRCULAR FLOW: OBSIDIAN_PARTNERS_088 participates in a transaction cycle | HIGH-RISK JX: Jurisdiction MT flagged ($12,652)",OBSIDIAN_PARTNERS_088,ATLAS_BANCORP_122
261,5712EC28BA56DEB5,2024-03-02,2024-03-02 23:31:46,0.745481,HIGH,0.903561,1.0,0.324317,0.933333,1.0,0.0,"STRUCTURING: 10 sub-threshold transactions totalling $48,115 (avg $4,811) within 60 min window | VELOCITY: 14 transactions from OBSIDIAN_PARTNERS_088 in 300s window | CIRCULAR FLOW: OBSIDIAN_PARTNERS_088 participates in a transaction cycle",OBSIDIAN_PARTNERS_088,APEX_CREDIT_134
262,BF2F124D4B031C97,2024-03-02,2024-03-02 23:32:36,0.775489,HIGH,0.881367,1.0,0.324317,1.0,1.0,0.6,"STRUCTURING: 11 sub-threshold transactions totalling $54,255 (avg $4,932) within 60 min window | VELOCITY: 15 transactions from OBSIDIAN_PARTNERS_088 in 300s window | CIRCULAR FLOW: OBSIDIAN_PARTNERS_088 participates in a transaction cycle | HIGH-RISK JX: Jurisdiction LI flagged ($6,140)",OBSIDIAN_PARTNERS_088,DELTA_BANCORP_112
263,40D69D32297CE285,2024-03-02,2024-03-02 23:32:42,0.793773,HIGH,0.942312,1.0,0.324317,1.0,1.0,0.6,"VELOCITY: 16 transactions from OBSIDIAN_PARTNERS_088 in 300s window | CIRCULAR FLOW: OBSIDIAN_PARTNERS_088 participates in a transaction cycle | HIGH-RISK JX: Jurisdiction CY flagged ($10,721)",OBSIDIAN_PARTNERS_088,ATLAS_BANCORP_042
264,D74CB9904AFE5EA3,2024-03-02,2024-03-02 23:32:55,0.794002,HIGH,0.943076,1.0,0.324317,1.0,1.0,0.6,"VELOCITY: 17 transactions from OBSIDIAN_PARTNERS_088 in 300s window | CIRCULAR FLOW: OBSIDIAN_PARTNERS_088 participates in a transaction cycle | HIGH-RISK JX: Jurisdiction AE flagged ($10,975)",OBSIDIAN_PARTNERS_088,ATLAS_BANCORP_042
265,3F7F6BC4ABD7335E,2024-03-04,2024-03-04 22:37:19,0.605801,HIGH,0.985214,0.213536,0.44345,0.266667,1.0,0.6,"CIRCULAR FLOW: NEXUS_TRUST_151 participates in a transaction cycle | HIGH-RISK JX: Jurisdiction MT flagged ($14,605)",NEXUS_TRUST_151,CIPHER_CAPITAL_150
266,9658CB5A75DE257,2024-03-04,2024-03-04 22:37:41,0.634743,HIGH,0.9928,0.213536,0.44345,0.333333,1.0,1.0,"VELOCITY: 5 transactions from NEXUS_TRUST_151 in 300s window | CIRCULAR FLOW: NEXUS_TRUST_151 participates in a transaction cycle | HIGH-RISK JX: Both jurisdictions flagged (CY → CY) for $13,688",NEXUS_TRUST_151,ATLAS_BANCORP_162
267,A58716537EFB178C,2024-03-04,2024-03-04 22:38:19,0.60878,HIGH,0.939057,0.347668,0.44345,0.466667,1.0,0.0,VELOCITY: 7 transactions from NEXUS_TRUST_151 in 300s window | CIRCULAR FLOW: NEXUS_TRUST_151 participates in a transaction cycle,NEXUS_TRUST_151,VERTEX_PAYMENTS_095
268,7A4D90A9E6350DDC,2024-03-04,2024-03-04 22:39:03,0.700282,HIGH,0.979855,0.460647,0.44345,0.533333,1.0,1.0,"STRUCTURING: 5 sub-threshold transactions totalling $27,639 (avg $5,528) within 60 min window | VELOCITY: 8 transactions from NEXUS_TRUST_151 in 300s window | CIRCULAR FLOW: NEXUS_TRUST_151 participates in a transaction cycle | HIGH-RISK JX: Both jurisdictions flagged (LI → LI) for $1,564",NEXUS_TRUST_151,SOLARIS_FIN_163
269,951EBB1F89DD3AFE,2024-03-05,2024-03-05 03:58:15,0.606656,HIGH,0.846153,0.390791,0.258609,0.6,1.0,1.0,"VELOCITY: 9 transactions from PRIME_HOLDINGS_139 in 300s window | CIRCULAR FLOW: PRIME_HOLDINGS_139 participates in a transaction cycle | HIGH-RISK JX: Both jurisdictions flagged (MT → PA) for $13,957",PRIME_HOLDINGS_139,STRATUS_FUND_037
270,12E5F97650767061,2024-03-05,2024-03-05 03:58:42,0.602658,HIGH,0.726126,0.617508,0.258609,0.666667,1.0,0.6,"STRUCTURING: 6 sub-threshold transactions totalling $30,875 (avg $5,146) within 60 min window | VELOCITY: 10 transactions from PRIME_HOLDINGS_139 in 300s window | CIRCULAR FLOW: PRIME_HOLDINGS_139 participates in a transaction cycle | HIGH-RISK JX: Jurisdiction VG flagged ($7,428)",PRIME_HOLDINGS_139,OBSIDIAN_PARTNERS_108
271,CA18675C7ACDCC9D,2024-03-05,2024-03-05 03:58:45,0.633313,HIGH,0.806085,0.617508,0.258609,0.733333,1.0,0.6,"VELOCITY: 11 transactions from PRIME_HOLDINGS_139 in 300s window | CIRCULAR FLOW: PRIME_HOLDINGS_139 participates in a transaction cycle | HIGH-RISK JX: Jurisdiction VG flagged ($10,075)",PRIME_HOLDINGS_139,ZENITH_FUND_167
272,8BBB8B0C9DAC8BA0,2024-03-05,2024-03-05 03:59:03,0.654777,HIGH,0.788743,0.617508,0.258609,0.8,1.0,1.0,"VELOCITY: 12 transactions from PRIME_HOLDINGS_139 in 300s window | CIRCULAR FLOW: PRIME_HOLDINGS_139 participates in a transaction cycle | HIGH-RISK JX: Both jurisdictions flagged (MT → LI) for $14,831",PRIME_HOLDINGS_139,CORONA_CLEARING_176
273,A37B5E52419C19ED,2024-03-05,2024-03-05 03:59:09,0.671969,HIGH,0.803756,0.747616,0.258609,0.866667,1.0,0.6,"STRUCTURING: 7 sub-threshold transactions totalling $32,041 (avg $4,577) within 60 min window | VELOCITY: 13 transactions from PRIME_HOLDINGS_139 in 300s window | CIRCULAR FLOW: PRIME_HOLDINGS_139 participates in a transaction cycle | HIGH-RISK JX: Jurisdiction MT flagged ($1,165)",PRIME_HOLDINGS_139,APEX_CREDIT_054
274,916AC44695ECCBB9,2024-03-05,2024-03-05 03:59:18,0.685571,HIGH,0.826875,0.747616,0.258609,0.933333,1.0,0.6,"VELOCITY: 14 transactions from PRIME_HOLDINGS_139 in 300s window | CIRCULAR FLOW: PRIME_HOLDINGS_139 participates in a transaction cycle | HIGH-RISK JX: Jurisdiction CY flagged ($10,298)",PRIME_HOLDINGS_139,VORTEX_CREDIT_104
275,54574E68C74DA9C4,2024-03-05,2024-03-05 04:00:22,0.7209,HIGH,0.86734,0.980231,0.258609,1.0,1.0,0.0,"STRUCTURING: 8 sub-threshold transactions totalling $36,759 (avg $4,595) within 60 min window | VELOCITY: 15 transactions from PRIME_HOLDINGS_139 in 300s window | CIRCULAR FLOW: PRIME_HOLDINGS_139 participates in a transaction cycle",PRIME_HOLDINGS_139,SOLARIS_FIN_103
276,1D091D5ADFF9CFAD,2024-03-05,2024-03-05 04:01:45,0.68956,HIGH,0.83858,1.0,0.258609,0.733333,1.0,0.0,"STRUCTURING: 9 sub-threshold transactions totalling $45,992 (avg $5,110) within 60 min window | VELOCITY: 11 transactions from PRIME_HOLDINGS_139 in 300s window | CIRCULAR FLOW: PRIME_HOLDINGS_139 participates in a transaction cycle",PRIME_HOLDINGS_139,VORTEX_CREDIT_184
277,2AEAAC341A11F8CE,2024-03-05,2024-03-05 04:01:59,0.699476,HIGH,0.849413,1.0,0.258609,0.8,1.0,0.0,"STRUCTURING: 10 sub-threshold transactions totalling $48,231 (avg $4,823) within 60 min window | VELOCITY: 12 transactions from PRIME_HOLDINGS_139 in 300s window | CIRCULAR FLOW: PRIME_HOLDINGS_139 participates in a transaction cycle",PRIME_HOLDINGS_139,ZENITH_FUND_007
278,4DE2728A391CBF0B,2024-03-05,2024-03-05 04:03:53,0.685004,HIGH,0.812282,1.0,0.258609,0.466667,1.0,0.6,"STRUCTURING: 11 sub-threshold transactions totalling $52,595 (avg $4,781) within 60 min window | VELOCITY: 7 transactions from PRIME_HOLDINGS_139 in 300s window | CIRCULAR FLOW: PRIME_HOLDINGS_139 participates in a transaction cycle | HIGH-RISK JX: Jurisdiction LI flagged ($4,365)",PRIME_HOLDINGS_139,ZENITH_FUND_047
279,549713481A1168,2024-03-05,2024-03-05 04:04:15,0.669981,HIGH,0.88443,1.0,0.258609,0.4,1.0,0.0,"STRUCTURING: 12 sub-threshold transactions totalling $58,566 (avg $4,880) within 60 min window | VELOCITY: 6 transactions from PRIME_HOLDINGS_139 in 300s window | CIRCULAR FLOW: PRIME_HOLDINGS_139 participates in a transaction cycle",PRIME_HOLDINGS_139,ZENITH_FUND_047
280,F014E7B6E2FE37CA,2024-03-05,2024-03-05 05:39:36,0.633723,HIGH,0.751429,0.49376,0.584835,0.133333,1.0,1.0,"STRUCTURING: 4 sub-threshold transactions totalling $37,032 (avg $9,258) within 60 min window | CIRCULAR FLOW: OMEGA_FIN_033 participates in a transaction cycle | LAYERING: Multi-hop indicator 0.00, betweenness 0.0912 for OMEGA_FIN_033 | HIGH-RISK JX: Both jurisdictions flagged (MT → AE) for $9,510",OMEGA_FIN_033,CIPHER_CAPITAL_090
281,1EFB950B88A6866C,2024-03-05,2024-03-05 14:19:53,0.624721,HIGH,0.7856,1.0,0.276163,0.2,1.0,0.0,"STRUCTURING: 6 sub-threshold transactions totalling $52,732 (avg $8,789) within 60 min window | CIRCULAR FLOW: ZENITH_FUND_147 participates in a transaction cycle",ZENITH_FUND_147,APEX_CREDIT_174
282,4E3E57296186C831,2024-03-07,2024-03-07 14:10:51,0.61727,HIGH,0.769238,0.7548,0.288822,0.133333,1.0,1.0,"STRUCTURING: 5 sub-threshold transactions totalling $45,288 (avg $9,058) within 60 min window | CIRCULAR FLOW: CIPHER_CAPITAL_110 participates in a transaction cycle | HIGH-RISK JX: Both jurisdictions flagged (MT → AE) for $8,570",CIPHER_CAPITAL_110,HELIX_PAYMENTS_025
283,833A21837ABE228B,2024-03-07,2024-03-07 14:11:02,0.662636,HIGH,0.801434,1.0,0.288822,0.2,1.0,0.6,"STRUCTURING: 6 sub-threshold transactions totalling $55,012 (avg $9,169) within 60 min window | CIRCULAR FLOW: CIPHER_CAPITAL_110 participates in a transaction cycle | HIGH-RISK JX: Jurisdiction PA flagged ($9,724)",CIPHER_CAPITAL_110,NEXUS_TRUST_051
284,753D351D56026F39,2024-03-07,2024-03-07 14:20:37,0.667799,HIGH,0.796423,1.0,0.288822,0.066667,1.0,1.0,"STRUCTURING: 7 sub-threshold transactions totalling $64,912 (avg $9,273) within 60 min window | CIRCULAR FLOW: CIPHER_CAPITAL_110 participates in a transaction cycle | HIGH-RISK JX: Both jurisdictions flagged (VG → LI) for $9,900",CIPHER_CAPITAL_110,OMEGA_FIN_033
285,2D4DDE4E6B810790,2024-03-07,2024-03-07 14:23:40,0.659054,HIGH,0.811719,1.0,0.288822,0.133333,1.0,0.6,"STRUCTURING: 8 sub-threshold transactions totalling $74,146 (avg $9,268) within 60 min window | CIRCULAR FLOW: CIPHER_CAPITAL_110 participates in a transaction cycle | HIGH-RISK JX: Jurisdiction LI flagged ($9,234)",CIPHER_CAPITAL_110,NEXUS_TRUST_071
286,08A590877B8DDDF4,2024-03-08,2024-03-08 00:54:55,0.623286,HIGH,0.886407,0.336378,0.400352,0.6,1.0,0.6,"STRUCTURING: 5 sub-threshold transactions totalling $20,183 (avg $4,037) within 60 min window | VELOCITY: 9 transactions from VORTEX_CREDIT_044 in 300s window | CIRCULAR FLOW: VORTEX_CREDIT_044 participates in a transaction cycle | HIGH-RISK JX: Jurisdiction VG flagged ($1,047)",VORTEX_CREDIT_044,OBSIDIAN_PARTNERS_048
287,C366E1D4824B277E,2024-03-08,2024-03-08 00:55:45,0.667124,HIGH,0.846744,0.581731,0.400352,0.666667,1.0,0.6,"STRUCTURING: 6 sub-threshold transactions totalling $29,087 (avg $4,848) within 60 min window | VELOCITY: 10 transactions from VORTEX_CREDIT_044 in 300s window | CIRCULAR FLOW: VORTEX_CREDIT_044 participates in a transaction cycle | HIGH-RISK JX: Jurisdiction CY flagged ($8,904)",VORTEX_CREDIT_044,VORTEX_CREDIT_104
288,2E4C17C691831695,2024-03-08,2024-03-08 00:55:55,0.794953,HIGH,0.976458,0.89297,0.400352,0.733333,1.0,1.0,"STRUCTURING: 7 sub-threshold transactions totalling $38,270 (avg $5,467) within 60 min window | VELOCITY: 11 transactions from VORTEX_CREDIT_044 in 300s window | CIRCULAR FLOW: VORTEX_CREDIT_044 participates in a transaction cycle | HIGH-RISK JX: Both jurisdictions flagged (LI → LI) for $9,184",VORTEX_CREDIT_044,MERIDIAN_CAPITAL_080
289,97A3DD179836BC66,2024-03-08,2024-03-08 00:56:05,0.764146,HIGH,0.918214,0.89297,0.400352,0.8,1.0,0.6,"VELOCITY: 12 transactions from VORTEX_CREDIT_044 in 300s window | CIRCULAR FLOW: VORTEX_CREDIT_044 participates in a transaction cycle | HIGH-RISK JX: Jurisdiction VG flagged ($10,683)",VORTEX_CREDIT_044,STRATUS_FUND_057
290,339082AE8ACBEE4E,2024-03-08,2024-03-08 00:56:10,0.789065,HIGH,0.907701,1.0,0.400352,0.866667,1.0,0.6,"STRUCTURING: 8 sub-threshold transactions totalling $41,274 (avg $5,159) within 60 min window | VELOCITY: 13 transactions from VORTEX_CREDIT_044 in 300s window | CIRCULAR FLOW: VORTEX_CREDIT_044 participates in a transaction cycle | HIGH-RISK JX: Jurisdiction LI flagged ($3,004)",VORTEX_CREDIT_044,VERTEX_PAYMENTS_095
291,1213911C54869BDD,2024-03-08,2024-03-08 00:56:29,0.832965,CRITICAL,0.965145,1.0,0.400352,0.933333,1.0,1.0,"VELOCITY: 14 transactions from VORTEX_CREDIT_044 in 300s window | CIRCULAR FLOW: VORTEX_CREDIT_044 participates in a transaction cycle | HIGH-RISK JX: Both jurisdictions flagged (AE → LI) for $12,017",VORTEX_CREDIT_044,CIPHER_CAPITAL_170
292,05F8E4AF6BE52DD4,2024-03-08,2024-03-08 00:56:37,0.830132,CRITICAL,0.933481,1.0,0.400352,1.0,1.0,1.0,"STRUCTURING: 9 sub-threshold transactions totalling $48,461 (avg $5,385) within 60 min window | VELOCITY: 15 transactions from VORTEX_CREDIT_044 in 300s window | CIRCULAR FLOW: VORTEX_CREDIT_044 participates in a transaction cycle | HIGH-RISK JX: Both jurisdictions flagged (MT → AE) for $7,187",VORTEX_CREDIT_044,CIPHER_CAPITAL_110
293,190E003187851304,2024-03-08,2024-03-08 00:57:15,0.800088,CRITICAL,1.0,1.0,0.400352,1.0,1.0,0.0,"STRUCTURING: 10 sub-threshold transactions totalling $56,439 (avg $5,644) within 60 min window | VELOCITY: 16 transactions from VORTEX_CREDIT_044 in 300s window | CIRCULAR FLOW: VORTEX_CREDIT_044 participates in a transaction cycle",VORTEX_CREDIT_044,QUANTUM_CLEARING_146
294,597BD9E65A18A8E0,2024-03-09,2024-03-09 01:48:52,0.617433,HIGH,0.772134,1.0,0.263171,0.2,1.0,0.0,"STRUCTURING: 6 sub-threshold transactions totalling $54,082 (avg $9,014) within 60 min window | CIRCULAR FLOW: ZENITH_FUND_047 participates in a transaction cycle",ZENITH_FUND_047,PRIME_HOLDINGS_179
295,18E2C05E34B0AB92,2024-03-09,2024-03-09 01:49:02,0.638595,HIGH,0.720453,1.0,0.263171,0.266667,1.0,0.6,"STRUCTURING: 7 sub-threshold transactions totalling $63,119 (avg $9,017) within 60 min window | CIRCULAR FLOW: ZENITH_FUND_047 participates in a transaction cycle | HIGH-RISK JX: Jurisdiction VG flagged ($9,037)",ZENITH_FUND_047,OMEGA_FIN_073
296,75CBEF126204A16A,2024-03-09,2024-03-09 01:50:51,0.642819,HIGH,0.734533,1.0,0.263171,0.266667,1.0,0.6,"STRUCTURING: 8 sub-threshold transactions totalling $71,779 (avg $8,972) within 60 min window | CIRCULAR FLOW: ZENITH_FUND_047 participates in a transaction cycle | HIGH-RISK JX: Jurisdiction VG flagged ($8,661)",ZENITH_FUND_047,SOLARIS_FIN_083
297,8B007B8784F68390,2024-03-12,2024-03-12 20:40:46,0.673343,HIGH,0.751633,1.0,0.364746,0.066667,1.0,1.0,"STRUCTURING: 6 sub-threshold transactions totalling $52,967 (avg $8,828) within 60 min window | CIRCULAR FLOW: MERIDIAN_CAPITAL_040 participates in a transaction cycle | HIGH-RISK JX: Both jurisdictions flagged (KY → MT) for $8,102",MERIDIAN_CAPITAL_040,DELTA_BANCORP_092
298,158B850EEF8125D5,2024-03-14,2024-03-14 00:02:34,0.603391,HIGH,0.683971,0.751137,0.39189,0.2,1.0,0.6,"STRUCTURING: 5 sub-threshold transactions totalling $45,068 (avg $9,014) within 60 min window | CIRCULAR FLOW: OMEGA_FIN_073 participates in a transaction cycle | HIGH-RISK JX: Jurisdiction VG flagged ($9,466)",OMEGA_FIN_073,OMEGA_FIN_113
299,C006C6F7BD0640A4,2024-03-14,2024-03-14 00:05:18,0.658557,HIGH,0.724171,1.0,0.39189,0.133333,1.0,0.6,"STRUCTURING: 6 sub-threshold transactions totalling $53,391 (avg $8,898) within 60 min window | CIRCULAR FLOW: OMEGA_FIN_073 participates in a transaction cycle | HIGH-RISK JX: Jurisdiction VG flagged ($8,323)",OMEGA_FIN_073,PRIME_HOLDINGS_039
300,CA29DB5F4F82FC1E,2024-03-14,2024-03-14 00:13:22,0.641431,HIGH,0.789305,1.0,0.39189,0.066667,1.0,0.0,"STRUCTURING: 7 sub-threshold transactions totalling $62,883 (avg $8,983) within 60 min window | CIRCULAR FLOW: OMEGA_FIN_073 participates in a transaction cycle",OMEGA_FIN_073,HELIX_PAYMENTS_105
301,746A306DA98C5C96,2024-03-14,2024-03-14 00:15:45,0.683973,HIGH,0.742225,1.0,0.39189,0.133333,1.0,1.0,"STRUCTURING: 8 sub-threshold transactions totalling $71,342 (avg $8,918) within 60 min window | CIRCULAR FLOW: OMEGA_FIN_073 participates in a transaction cycle | HIGH-RISK JX: Both jurisdictions flagged (AE → PA) for $8,459",OMEGA_FIN_073,STRATUS_FUND_077
302,CA8FD288B60E0E73,2024-03-14,2024-03-14 23:46:24,0.6139,HIGH,0.838439,0.69986,0.27625,0.533333,1.0,0.0,"STRUCTURING: 6 sub-threshold transactions totalling $34,993 (avg $5,832) within 60 min window | VELOCITY: 8 transactions from ZENITH_FUND_147 in 300s window | CIRCULAR FLOW: ZENITH_FUND_147 participates in a transaction cycle",ZENITH_FUND_147,HELIX_PAYMENTS_045
303,96D25D241ADFC1F5,2024-03-14,2024-03-14 23:46:24,0.730222,HIGH,0.903975,0.999837,0.27625,0.6,1.0,0.6,"STRUCTURING: 7 sub-threshold transactions totalling $42,850 (avg $6,121) within 60 min window | VELOCITY: 9 transactions from ZENITH_FUND_147 in 300s window | CIRCULAR FLOW: ZENITH_FUND_147 participates in a transaction cycle | HIGH-RISK JX: Jurisdiction VG flagged ($7,857)",ZENITH_FUND_147,NOVA_TRUST_121
304,75E2CAC4CD3BA8D,2024-03-14,2024-03-14 23:46:42,0.703375,HIGH,0.792152,1.0,0.27625,0.666667,1.0,0.6,"STRUCTURING: 8 sub-threshold transactions totalling $46,104 (avg $5,763) within 60 min window | VELOCITY: 10 transactions from ZENITH_FUND_147 in 300s window | CIRCULAR FLOW: ZENITH_FUND_147 participates in a transaction cycle | HIGH-RISK JX: Jurisdiction VG flagged ($3,254)",ZENITH_FUND_147,STRATUS_FUND_177
305,C14F6C1C4B78AA5A,2024-03-14,2024-03-14 23:46:48,0.742783,HIGH,0.834625,1.0,0.27625,0.733333,1.0,1.0,"STRUCTURING: 9 sub-threshold transactions totalling $50,077 (avg $5,564) within 60 min window | VELOCITY: 11 transactions from ZENITH_FUND_147 in 300s window | CIRCULAR FLOW: ZENITH_FUND_147 participates in a transaction cycle | HIGH-RISK JX: Both jurisdictions flagged (LI → PA) for $3,973",ZENITH_FUND_147,OBSIDIAN_PARTNERS_128
306,DC8886C1350DA8CA,2024-03-14,2024-03-14 23:47:09,0.727786,HIGH,0.829078,1.0,0.27625,0.8,1.0,0.6,"STRUCTURING: 10 sub-threshold transactions totalling $55,666 (avg $5,567) within 60 min window | VELOCITY: 12 transactions from ZENITH_FUND_147 in 300s window | CIRCULAR FLOW: ZENITH_FUND_147 participates in a transaction cycle | HIGH-RISK JX: Jurisdiction PA flagged ($5,589)",ZENITH_FUND_147,APEX_CREDIT_134
307,0E673A6B2E718FF7,2024-03-14,2024-03-14 23:48:53,0.747302,HIGH,0.87191,1.0,0.27625,0.866667,1.0,0.6,"STRUCTURING: 11 sub-threshold transactions totalling $63,754 (avg $5,796) within 60 min window | VELOCITY: 13 transactions from ZENITH_FUND_147 in 300s window | CIRCULAR FLOW: ZENITH_FUND_147 participates in a transaction cycle | HIGH-RISK JX: Jurisdiction VG flagged ($8,088)",ZENITH_FUND_147,VORTEX_CREDIT_044
308,5D814D6EDA99D285,2024-03-14,2024-03-14 23:50:20,0.756578,HIGH,0.880607,1.0,0.27625,0.933333,1.0,0.6,"STRUCTURING: 12 sub-threshold transactions totalling $66,951 (avg $5,579) within 60 min window | VELOCITY: 14 transactions from ZENITH_FUND_147 in 300s window | CIRCULAR FLOW: ZENITH_FUND_147 participates in a transaction cycle | HIGH-RISK JX: Jurisdiction MT flagged ($3,197)",ZENITH_FUND_147,VORTEX_CREDIT_184
309,D827867F27D24F90,2024-03-16,2024-03-16 05:11:12,0.637455,HIGH,0.878697,0.742471,0.394742,0.266667,1.0,0.0,"STRUCTURING: 5 sub-threshold transactions totalling $44,548 (avg $8,910) within 60 min window | CIRCULAR FLOW: ZENITH_FUND_087 participates in a transaction cycle",ZENITH_FUND_087,NOVA_TRUST_061
310,E43223F9D9583D76,2024-03-16,2024-03-16 05:12:39,0.699962,HIGH,0.837589,1.0,0.394742,0.2,1.0,0.6,"STRUCTURING: 6 sub-threshold transactions totalling $53,024 (avg $8,837) within 60 min window | CIRCULAR FLOW: ZENITH_FUND_087 participates in a transaction cycle | HIGH-RISK JX: Jurisdiction PA flagged ($8,476)",ZENITH_FUND_087,SOLARIS_FIN_103
311,74FE549688602AE6,2024-03-16,2024-03-16 05:12:42,0.722711,HIGH,0.891196,1.0,0.394742,0.266667,1.0,0.6,"STRUCTURING: 7 sub-threshold transactions totalling $61,864 (avg $8,838) within 60 min window | CIRCULAR FLOW: ZENITH_FUND_087 participates in a transaction cycle | HIGH-RISK JX: Jurisdiction VG flagged ($8,840)",ZENITH_FUND_087,APEX_CREDIT_194
312,7AFB469CB8D65CFD,2024-03-16,2024-03-16 05:12:53,0.70835,HIGH,0.921104,1.0,0.394742,0.333333,1.0,0.0,"STRUCTURING: 8 sub-threshold transactions totalling $70,684 (avg $8,836) within 60 min window | VELOCITY: 5 transactions from ZENITH_FUND_087 in 300s window | CIRCULAR FLOW: ZENITH_FUND_087 participates in a transaction cycle",ZENITH_FUND_087,ECLIPSE_HOLDINGS_049
313,D5A912DB470BE8E5,2024-03-17,2024-03-17 03:28:10,0.617534,HIGH,0.740762,0.364455,0.556323,0.533333,1.0,0.6,"STRUCTURING: 5 sub-threshold transactions totalling $21,867 (avg $4,373) within 60 min window | VELOCITY: 8 transactions from PRIME_HOLDINGS_079 in 300s window | CIRCULAR FLOW: PRIME_HOLDINGS_079 participates in a transaction cycle | HIGH-RISK JX: Jurisdiction LI flagged ($8,379)",PRIME_HOLDINGS_079,OBSIDIAN_PARTNERS_048
314,134D1144EE1A20BA,2024-03-17,2024-03-17 03:28:40,0.698906,HIGH,0.746191,0.629842,0.556323,0.6,1.0,1.0,"STRUCTURING: 6 sub-threshold transactions totalling $31,492 (avg $5,249) within 60 min window | VELOCITY: 9 transactions from PRIME_HOLDINGS_079 in 300s window | CIRCULAR FLOW: PRIME_HOLDINGS_079 participates in a transaction cycle | HIGH-RISK JX: Both jurisdictions flagged (AE → LI) for $9,625",PRIME_HOLDINGS_079,OBSIDIAN_PARTNERS_088
315,46CCBB244962A3D6,2024-03-17,2024-03-17 14:40:39,0.641063,HIGH,0.727771,1.0,0.264261,0.266667,1.0,0.6,"STRUCTURING: 6 sub-threshold transactions totalling $54,248 (avg $9,041) within 60 min window | CIRCULAR FLOW: CORONA_CLEARING_096 participates in a transaction cycle | HIGH-RISK JX: Jurisdiction MT flagged ($9,739)",CORONA_CLEARING_096,SOLARIS_FIN_023
316,E087F7C0CA8AF026,2024-03-17,2024-03-17 14:41:42,0.686957,HIGH,0.836305,1.0,0.264261,0.2,1.0,1.0,"STRUCTURING: 7 sub-threshold transactions totalling $64,033 (avg $9,148) within 60 min window | CIRCULAR FLOW: CORONA_CLEARING_096 participates in a transaction cycle | HIGH-RISK JX: Both jurisdictions flagged (AE → AE) for $9,785",CORONA_CLEARING_096,ECLIPSE_HOLDINGS_149
317,41723756933008CD,2024-03-17,2024-03-17 14:43:42,0.640177,HIGH,0.724816,1.0,0.264261,0.266667,1.0,0.6,"STRUCTURING: 8 sub-threshold transactions totalling $73,363 (avg $9,170) within 60 min window | CIRCULAR FLOW: CORONA_CLEARING_096 participates in a transaction cycle | HIGH-RISK JX: Jurisdiction CY flagged ($9,330)",CORONA_CLEARING_096,ATLAS_BANCORP_042
318,A4B6B6D7836E7283,2024-03-18,2024-03-18 06:31:00,0.615136,HIGH,0.768995,1.0,0.257751,0.2,1.0,0.0,"STRUCTURING: 6 sub-threshold transactions totalling $50,768 (avg $8,461) within 60 min window | CIRCULAR FLOW: APEX_CREDIT_014 participates in a transaction cycle",APEX_CREDIT_014,ATLAS_BANCORP_142
319,6C3D69A9372FF3CC,2024-03-18,2024-03-18 06:39:12,0.627268,HIGH,0.753879,1.0,0.257751,0.066667,1.0,0.6,"STRUCTURING: 7 sub-threshold transactions totalling $60,726 (avg $8,675) within 60 min window | CIRCULAR FLOW: APEX_CREDIT_014 participates in a transaction cycle | HIGH-RISK JX: Jurisdiction AE flagged ($9,957)",APEX_CREDIT_014,DELTA_BANCORP_092
320,EB1764141D841049,2024-03-19,2024-03-19 08:47:36,0.649818,HIGH,0.839249,0.771381,0.321734,0.333333,1.0,0.6,"STRUCTURING: 5 sub-threshold transactions totalling $46,283 (avg $9,257) within 60 min window | VELOCITY: 5 transactions from STRATUS_FUND_137 in 300s window | CIRCULAR FLOW: STRATUS_FUND_137 participates in a transaction cycle | HIGH-RISK JX: Jurisdiction MT flagged ($9,583)",STRATUS_FUND_137,SOLARIS_FIN_083
321,3EF52DD7560BDBDA,2024-03-22,2024-03-22 19:29:28,0.601389,HIGH,0.805144,0.414572,0.32106,0.466667,1.0,1.0,"VELOCITY: 7 transactions from NOVA_TRUST_181 in 300s window | CIRCULAR FLOW: NOVA_TRUST_181 participates in a transaction cycle | HIGH-RISK JX: Both jurisdictions flagged (KY → PA) for $10,901",NOVA_TRUST_181,APEX_CREDIT_074
322,AF3564A6B48F2B3,2024-03-23,2024-03-23 23:17:54,0.650843,HIGH,0.886884,1.0,0.25911,0.2,1.0,0.0,"STRUCTURING: 6 sub-threshold transactions totalling $54,900 (avg $9,150) within 60 min window | CIRCULAR FLOW: SOLARIS_FIN_043 participates in a transaction cycle",SOLARIS_FIN_043,ZENITH_FUND_127
323,3A055C9262DCF75E,2024-03-26,2024-03-26 19:51:27,0.613666,HIGH,0.755599,0.46556,0.548832,0.266667,1.0,0.6,"STRUCTURING: 4 sub-threshold transactions totalling $34,917 (avg $8,729) within 60 min window | CIRCULAR FLOW: QUANTUM_CLEARING_086 participates in a transaction cycle | HIGH-RISK JX: Jurisdiction AE flagged ($8,260)",QUANTUM_CLEARING_086,STRATUS_FUND_197
324,0BB07774FDC18F,2024-03-26,2024-03-26 19:53:30,0.675987,HIGH,0.778197,0.743267,0.548832,0.266667,1.0,0.6,"STRUCTURING: 5 sub-threshold transactions totalling $44,596 (avg $8,919) within 60 min window | CIRCULAR FLOW: QUANTUM_CLEARING_086 participates in a transaction cycle | HIGH-RISK JX: Jurisdiction VG flagged ($9,679)",QUANTUM_CLEARING_086,AXIOM_PARTNERS_098
325,FB6AF9AE3ABBD6C9,2024-03-26,2024-03-26 19:55:05,0.755286,HIGH,0.971371,1.0,0.548832,0.266667,1.0,0.0,"STRUCTURING: 6 sub-threshold transactions totalling $54,427 (avg $9,071) within 60 min window | CIRCULAR FLOW: QUANTUM_CLEARING_086 participates in a transaction cycle",QUANTUM_CLEARING_086,OBSIDIAN_PARTNERS_128
326,25C38B14217582F,2024-03-26,2024-03-26 19:55:53,0.761843,HIGH,0.971007,1.0,0.548832,0.333333,1.0,0.0,"STRUCTURING: 7 sub-threshold transactions totalling $62,792 (avg $8,970) within 60 min window | VELOCITY: 5 transactions from QUANTUM_CLEARING_086 in 300s window | CIRCULAR FLOW: QUANTUM_CLEARING_086 participates in a transaction cycle",QUANTUM_CLEARING_086,STRATUS_FUND_077
327,91B217A9862903CE,2024-03-28,2024-03-28 05:05:34,0.653267,HIGH,1.0,0.184652,0.47868,0.466667,1.0,1.0,"STRUCTURING: 4 sub-threshold transactions totalling $13,849 (avg $3,462) within 60 min window | VELOCITY: 7 transactions from ZENITH_FUND_087 in 300s window | CIRCULAR FLOW: ZENITH_FUND_087 participates in a transaction cycle | HIGH-RISK JX: Both jurisdictions flagged (KY → KY) for $909",ZENITH_FUND_087,ATLAS_BANCORP_162
328,43BE1FC5D632076D,2024-03-28,2024-03-28 05:05:58,0.625096,HIGH,0.868347,0.307942,0.47868,0.533333,1.0,0.6,"STRUCTURING: 5 sub-threshold transactions totalling $18,477 (avg $3,695) within 60 min window | VELOCITY: 8 transactions from ZENITH_FUND_087 in 300s window | CIRCULAR FLOW: ZENITH_FUND_087 participates in a transaction cycle | HIGH-RISK JX: Jurisdiction VG flagged ($4,628)",ZENITH_FUND_087,SOLARIS_FIN_163
329,A69E93FCD1A47FEA,2024-03-28,2024-03-28 05:07:14,0.676604,HIGH,0.885531,0.506374,0.47868,0.6,1.0,0.6,"STRUCTURING: 6 sub-threshold transactions totalling $25,319 (avg $4,220) within 60 min window | VELOCITY: 9 transactions from ZENITH_FUND_087 in 300s window | CIRCULAR FLOW: ZENITH_FUND_087 participates in a transaction cycle | HIGH-RISK JX: Jurisdiction VG flagged ($6,842)",ZENITH_FUND_087,CIPHER_CAPITAL_110
330,D83396A6223E65A2,2024-03-30,2024-03-30 13:47:19,0.641428,HIGH,0.826656,0.48352,0.400241,0.466667,1.0,1.0,"VELOCITY: 7 transactions from DELTA_BANCORP_112 in 300s window | CIRCULAR FLOW: DELTA_BANCORP_112 participates in a transaction cycle | HIGH-RISK JX: Both jurisdictions flagged (AE → PA) for $10,408",DELTA_BANCORP_112,OMEGA_FIN_013
331,8FC56B7EECF94E41,2024-03-30,2024-03-30 13:47:21,0.660099,HIGH,0.866673,0.48352,0.400241,0.533333,1.0,1.0,"VELOCITY: 8 transactions from DELTA_BANCORP_112 in 300s window | CIRCULAR FLOW: DELTA_BANCORP_112 participates in a transaction cycle | HIGH-RISK JX: Both jurisdictions flagged (MT → AE) for $13,022",DELTA_BANCORP_112,VORTEX_CREDIT_104
332,4F2C7208CFD8C170,2024-03-30,2024-03-30 13:47:31,0.613528,HIGH,0.855878,0.48352,0.400241,0.6,1.0,0.0,VELOCITY: 9 transactions from DELTA_BANCORP_112 in 300s window | CIRCULAR FLOW: DELTA_BANCORP_112 participates in a transaction cycle,DELTA_BANCORP_112,CIPHER_CAPITAL_030
333,89BE7B66FD74911F,2024-03-30,2024-03-30 13:47:32,0.70339,HIGH,0.950987,0.606835,0.400241,0.666667,1.0,0.6,"STRUCTURING: 6 sub-threshold transactions totalling $30,342 (avg $5,057) within 60 min window | VELOCITY: 10 transactions from DELTA_BANCORP_112 in 300s window | CIRCULAR FLOW: DELTA_BANCORP_112 participates in a transaction cycle | HIGH-RISK JX: Jurisdiction PA flagged ($1,331)",DELTA_BANCORP_112,NOVA_TRUST_101
334,9EE7AB5D5D03DD68,2024-03-30,2024-03-30 13:47:42,0.697789,HIGH,0.849135,0.848274,0.400241,0.733333,1.0,0.0,"STRUCTURING: 7 sub-threshold transactions totalling $36,355 (avg $5,194) within 60 min window | VELOCITY: 11 transactions from DELTA_BANCORP_112 in 300s window | CIRCULAR FLOW: DELTA_BANCORP_112 participates in a transaction cycle",DELTA_BANCORP_112,HELIX_PAYMENTS_125
335,2CAF6CD01DA0DF87,2024-03-30,2024-03-30 13:48:27,0.768268,HIGH,0.868311,0.98857,0.400241,0.8,1.0,0.6,"STRUCTURING: 8 sub-threshold transactions totalling $37,071 (avg $4,634) within 60 min window | VELOCITY: 12 transactions from DELTA_BANCORP_112 in 300s window | CIRCULAR FLOW: DELTA_BANCORP_112 participates in a transaction cycle | HIGH-RISK JX: Jurisdiction LI flagged ($717)",DELTA_BANCORP_112,NOVA_TRUST_121
336,79C70CA771580FD,2024-03-30,2024-03-30 13:48:37,0.825926,CRITICAL,0.963997,1.0,0.400241,0.866667,1.0,1.0,"STRUCTURING: 9 sub-threshold transactions totalling $43,893 (avg $4,877) within 60 min window | VELOCITY: 13 transactions from DELTA_BANCORP_112 in 300s window | CIRCULAR FLOW: DELTA_BANCORP_112 participates in a transaction cycle | HIGH-RISK JX: Both jurisdictions flagged (KY → KY) for $6,822",DELTA_BANCORP_112,SOLARIS_FIN_183
337,BF659AA6B6F00586,2024-03-30,2024-03-30 13:49:56,0.793394,HIGH,1.0,1.0,0.400241,0.933333,1.0,0.0,"STRUCTURING: 10 sub-threshold transactions totalling $47,373 (avg $4,737) within 60 min window | VELOCITY: 14 transactions from DELTA_BANCORP_112 in 300s window | CIRCULAR FLOW: DELTA_BANCORP_112 participates in a transaction cycle",DELTA_BANCORP_112,OMEGA_FIN_173
338,4C67CB96FB355002,2024-03-30,2024-03-30 13:50:03,0.825963,CRITICAL,0.919675,1.0,0.400241,1.0,1.0,1.0,"STRUCTURING: 11 sub-threshold transactions totalling $51,537 (avg $4,685) within 60 min window | VELOCITY: 15 transactions from DELTA_BANCORP_112 in 300s window | CIRCULAR FLOW: DELTA_BANCORP_112 participates in a transaction cycle | HIGH-RISK JX: Both jurisdictions flagged (VG → CY) for $4,164",DELTA_BANCORP_112,NEXUS_TRUST_171
339,325126D0CE838874,2024-03-30,2024-03-30 13:50:25,0.823805,CRITICAL,0.979149,1.0,0.400241,1.0,1.0,0.6,"VELOCITY: 16 transactions from DELTA_BANCORP_112 in 300s window | CIRCULAR FLOW: DELTA_BANCORP_112 participates in a transaction cycle | HIGH-RISK JX: Jurisdiction AE flagged ($14,141)",DELTA_BANCORP_112,ZENITH_FUND_107
340,7D0BA62C112CEEAA,2024-03-30,2024-03-30 13:53:07,0.721388,HIGH,0.937758,1.0,0.400241,0.4,1.0,0.0,VELOCITY: 6 transactions from DELTA_BANCORP_112 in 300s window | CIRCULAR FLOW: DELTA_BANCORP_112 participates in a transaction cycle,DELTA_BANCORP_112,ZENITH_FUND_027
341,960FAE41F05D9346,2024-03-31,2024-03-31 08:11:35,0.626972,HIGH,0.788857,0.625929,0.273851,0.666667,1.0,0.6,"STRUCTURING: 6 sub-threshold transactions totalling $31,296 (avg $5,216) within 60 min window | VELOCITY: 10 transactions from HELIX_PAYMENTS_065 in 300s window | CIRCULAR FLOW: HELIX_PAYMENTS_065 participates in a transaction cycle | HIGH-RISK JX: Jurisdiction AE flagged ($8,118)",HELIX_PAYMENTS_065,PRIME_HOLDINGS_139
342,80F5BB39A99D1F0F,2024-03-31,2024-03-31 08:12:15,0.685816,HIGH,0.847058,0.799512,0.273851,0.733333,1.0,0.6,"STRUCTURING: 7 sub-threshold transactions totalling $34,265 (avg $4,895) within 60 min window | VELOCITY: 11 transactions from HELIX_PAYMENTS_065 in 300s window | CIRCULAR FLOW: HELIX_PAYMENTS_065 participates in a transaction cycle | HIGH-RISK JX: Jurisdiction KY flagged ($2,968)",HELIX_PAYMENTS_065,STRATUS_FUND_177
343,7C989D591FE1CB0,2024-03-31,2024-03-31 08:12:29,0.679792,HIGH,0.904757,0.799512,0.273851,0.8,1.0,0.0,VELOCITY: 12 transactions from HELIX_PAYMENTS_065 in 300s window | CIRCULAR FLOW: HELIX_PAYMENTS_065 participates in a transaction cycle,HELIX_PAYMENTS_065,QUANTUM_CLEARING_066
344,15B9D83A8273F29D,2024-03-31,2024-03-31 08:12:35,0.697639,HIGH,0.942025,0.799512,0.273851,0.866667,1.0,0.0,VELOCITY: 13 transactions from HELIX_PAYMENTS_065 in 300s window | CIRCULAR FLOW: HELIX_PAYMENTS_065 participates in a transaction cycle,HELIX_PAYMENTS_065,DELTA_BANCORP_172
345,0F64ECF3EB7C3945,2024-03-31,2024-03-31 08:12:53,0.760675,HIGH,0.896263,1.0,0.273851,0.933333,1.0,0.6,"STRUCTURING: 8 sub-threshold transactions totalling $41,101 (avg $5,138) within 60 min window | VELOCITY: 14 transactions from HELIX_PAYMENTS_065 in 300s window | CIRCULAR FLOW: HELIX_PAYMENTS_065 participates in a transaction cycle | HIGH-RISK JX: Jurisdiction CY flagged ($6,836)",HELIX_PAYMENTS_065,VORTEX_CREDIT_184
346,75503DAC31AC70EA,2024-03-31,2024-03-31 08:12:56,0.780825,HIGH,0.941206,1.0,0.273851,1.0,1.0,0.6,"STRUCTURING: 9 sub-threshold transactions totalling $47,035 (avg $5,226) within 60 min window | VELOCITY: 15 transactions from HELIX_PAYMENTS_065 in 300s window | CIRCULAR FLOW: HELIX_PAYMENTS_065 participates in a transaction cycle | HIGH-RISK JX: Jurisdiction PA flagged ($5,934)",HELIX_PAYMENTS_065,HELIX_PAYMENTS_085
347,D913CF1F5335B640,2024-03-31,2024-03-31 08:13:01,0.764275,HIGH,0.986041,1.0,0.273851,1.0,1.0,0.0,"STRUCTURING: 10 sub-threshold transactions totalling $48,549 (avg $4,855) within 60 min window | VELOCITY: 16 transactions from HELIX_PAYMENTS_065 in 300s window | CIRCULAR FLOW: HELIX_PAYMENTS_065 participates in a transaction cycle",HELIX_PAYMENTS_065,ECLIPSE_HOLDINGS_129
348,E93CDA16203A1350,2024-03-31,2024-03-31 08:13:28,0.793072,HIGH,0.982032,1.0,0.273851,1.0,1.0,0.6,"VELOCITY: 17 transactions from HELIX_PAYMENTS_065 in 300s window | CIRCULAR FLOW: HELIX_PAYMENTS_065 participates in a transaction cycle | HIGH-RISK JX: Jurisdiction KY flagged ($14,695)",HELIX_PAYMENTS_065,ECLIPSE_HOLDINGS_169
349,92C983616D47F831,2024-03-31,2024-03-31 08:13:59,0.784585,HIGH,0.95374,1.0,0.273851,1.0,1.0,0.6,"STRUCTURING: 11 sub-threshold transactions totalling $57,329 (avg $5,212) within 60 min window | VELOCITY: 18 transactions from HELIX_PAYMENTS_065 in 300s window | CIRCULAR FLOW: HELIX_PAYMENTS_065 participates in a transaction cycle | HIGH-RISK JX: Jurisdiction CY flagged ($8,780)",HELIX_PAYMENTS_065,VERTEX_PAYMENTS_135
350,EB4F6634CE190388,2024-03-31,2024-03-31 08:14:38,0.798463,HIGH,1.0,1.0,0.273851,1.0,1.0,0.6,"VELOCITY: 19 transactions from HELIX_PAYMENTS_065 in 300s window | CIRCULAR FLOW: HELIX_PAYMENTS_065 participates in a transaction cycle | HIGH-RISK JX: Jurisdiction PA flagged ($14,226)",HELIX_PAYMENTS_065,NEXUS_TRUST_151
351,ED3802B88CA3615D,2024-03-31,2024-03-31 08:18:01,0.748229,HIGH,0.988111,1.0,0.273851,0.333333,1.0,1.0,"STRUCTURING: 12 sub-threshold transactions totalling $58,369 (avg $4,864) within 60 min window | VELOCITY: 5 transactions from HELIX_PAYMENTS_065 in 300s window | CIRCULAR FLOW: HELIX_PAYMENTS_065 participates in a transaction cycle | HIGH-RISK JX: Both jurisdictions flagged (AE → AE) for $1,041",HELIX_PAYMENTS_065,CIPHER_CAPITAL_150
352,2958D50DF1E17CA0,2024-04-01,2024-04-01 04:09:47,0.643453,HIGH,0.748083,0.755758,0.444841,0.066667,1.0,1.0,"STRUCTURING: 5 sub-threshold transactions totalling $45,345 (avg $9,069) within 60 min window | CIRCULAR FLOW: MERIDIAN_CAPITAL_160 participates in a transaction cycle | HIGH-RISK JX: Both jurisdictions flagged (MT → KY) for $9,598",MERIDIAN_CAPITAL_160,STRATUS_FUND_157
353,B1B57BB82AA24F7E,2024-04-01,2024-04-01 04:10:20,0.702341,HIGH,0.759326,1.0,0.444841,0.133333,1.0,1.0,"STRUCTURING: 6 sub-threshold transactions totalling $53,615 (avg $8,936) within 60 min window | CIRCULAR FLOW: MERIDIAN_CAPITAL_160 participates in a transaction cycle | HIGH-RISK JX: Both jurisdictions flagged (MT → AE) for $8,269",MERIDIAN_CAPITAL_160,MERIDIAN_CAPITAL_060
354,45E1B05863AE12B3,2024-04-01,2024-04-01 04:15:59,0.735266,HIGH,0.891296,1.0,0.444841,0.066667,1.0,1.0,"STRUCTURING: 7 sub-threshold transactions totalling $62,555 (avg $8,936) within 60 min window | CIRCULAR FLOW: MERIDIAN_CAPITAL_160 participates in a transaction cycle | HIGH-RISK JX: Both jurisdictions flagged (LI → LI) for $8,940",MERIDIAN_CAPITAL_160,STRATUS_FUND_137
355,B6623ABCD680E9D1,2024-04-01,2024-04-01 09:35:25,0.667511,HIGH,0.839299,1.0,0.289553,0.133333,1.0,0.6,"STRUCTURING: 6 sub-threshold transactions totalling $54,182 (avg $9,030) within 60 min window | CIRCULAR FLOW: QUANTUM_CLEARING_166 participates in a transaction cycle | HIGH-RISK JX: Jurisdiction KY flagged ($8,538)",QUANTUM_CLEARING_166,VORTEX_CREDIT_184
356,0C6EE9376E48C1AB,2024-04-01,2024-04-01 09:39:26,0.672568,HIGH,0.856155,1.0,0.289553,0.133333,1.0,0.6,"STRUCTURING: 7 sub-threshold transactions totalling $63,294 (avg $9,042) within 60 min window | CIRCULAR FLOW: QUANTUM_CLEARING_166 participates in a transaction cycle | HIGH-RISK JX: Jurisdiction VG flagged ($9,112)",QUANTUM_CLEARING_166,NOVA_TRUST_121
357,783708E475B08B09,2024-04-01,2024-04-01 09:46:28,0.69237,HIGH,0.877716,1.0,0.289553,0.066667,1.0,1.0,"STRUCTURING: 8 sub-threshold transactions totalling $71,989 (avg $8,999) within 60 min window | CIRCULAR FLOW: QUANTUM_CLEARING_166 participates in a transaction cycle | HIGH-RISK JX: Both jurisdictions flagged (CY → VG) for $8,695",QUANTUM_CLEARING_166,OMEGA_FIN_073
358,90296C7F31804A64,2024-04-01,2024-04-01 12:54:49,0.630677,HIGH,0.860317,0.521499,0.286461,0.666667,1.0,0.6,"STRUCTURING: 5 sub-threshold transactions totalling $31,290 (avg $6,258) within 60 min window | VELOCITY: 10 transactions from ZENITH_FUND_007 in 300s window | CIRCULAR FLOW: ZENITH_FUND_007 participates in a transaction cycle | HIGH-RISK JX: Jurisdiction MT flagged ($7,858)",ZENITH_FUND_007,CORONA_CLEARING_116
359,4CAC677C58FC0D73,2024-04-01,2024-04-01 12:55:07,0.63412,HIGH,0.949573,0.521499,0.286461,0.733333,1.0,0.0,VELOCITY: 11 transactions from ZENITH_FUND_007 in 300s window | CIRCULAR FLOW: ZENITH_FUND_007 participates in a transaction cycle,ZENITH_FUND_007,CORONA_CLEARING_176
360,7171C1B44DD9C774,2024-04-01,2024-04-01 12:55:13,0.686501,HIGH,0.913267,0.804528,0.286461,0.8,1.0,0.0,"STRUCTURING: 6 sub-threshold transactions totalling $40,226 (avg $6,704) within 60 min window | VELOCITY: 12 transactions from ZENITH_FUND_007 in 300s window | CIRCULAR FLOW: ZENITH_FUND_007 participates in a transaction cycle",ZENITH_FUND_007,MERIDIAN_CAPITAL_040
361,FBA5E3999A452B88,2024-04-01,2024-04-01 12:55:21,0.744483,HIGH,0.917653,0.804528,0.286461,0.866667,1.0,1.0,"VELOCITY: 13 transactions from ZENITH_FUND_007 in 300s window | CIRCULAR FLOW: ZENITH_FUND_007 participates in a transaction cycle | HIGH-RISK JX: Both jurisdictions flagged (LI → VG) for $14,393",ZENITH_FUND_007,APEX_CREDIT_074
362,354C187777B2C75C,2024-04-01,2024-04-01 12:55:57,0.763019,HIGH,0.893567,1.0,0.286461,0.933333,1.0,0.6,"STRUCTURING: 7 sub-threshold transactions totalling $48,446 (avg $6,921) within 60 min window | VELOCITY: 14 transactions from ZENITH_FUND_007 in 300s window | CIRCULAR FLOW: ZENITH_FUND_007 participates in a transaction cycle | HIGH-RISK JX: Jurisdiction KY flagged ($8,220)",ZENITH_FUND_007,ECLIPSE_HOLDINGS_009
363,A5A1EE4373564590,2024-04-01,2024-04-01 12:57:13,0.797602,HIGH,0.919955,1.0,0.286461,1.0,1.0,1.0,"STRUCTURING: 8 sub-threshold transactions totalling $52,398 (avg $6,550) within 60 min window | VELOCITY: 15 transactions from ZENITH_FUND_007 in 300s window | CIRCULAR FLOW: ZENITH_FUND_007 participates in a transaction cycle | HIGH-RISK JX: Both jurisdictions flagged (KY → LI) for $3,952",ZENITH_FUND_007,CIPHER_CAPITAL_170
364,651B66BFB557CE72,2024-04-01,2024-04-01 12:57:21,0.79209,HIGH,0.968249,1.0,0.286461,1.0,1.0,0.6,"VELOCITY: 16 transactions from ZENITH_FUND_007 in 300s window | CIRCULAR FLOW: ZENITH_FUND_007 participates in a transaction cycle | HIGH-RISK JX: Jurisdiction VG flagged ($11,470)",ZENITH_FUND_007,OBSIDIAN_PARTNERS_088
365,5FA7A8628675C700,2024-04-01,2024-04-01 12:58:31,0.763877,HIGH,0.974207,1.0,0.286461,1.0,1.0,0.0,"STRUCTURING: 9 sub-threshold transactions totalling $57,595 (avg $6,399) within 60 min window | VELOCITY: 17 transactions from ZENITH_FUND_007 in 300s window | CIRCULAR FLOW: ZENITH_FUND_007 participates in a transaction cycle",ZENITH_FUND_007,NOVA_TRUST_121
366,46AC122A7BB760A5,2024-04-01,2024-04-01 12:58:56,0.764015,HIGH,0.919109,1.0,0.286461,0.866667,1.0,0.6,"STRUCTURING: 10 sub-threshold transactions totalling $60,295 (avg $6,029) within 60 min window | VELOCITY: 13 transactions from ZENITH_FUND_007 in 300s window | CIRCULAR FLOW: ZENITH_FUND_007 participates in a transaction cycle | HIGH-RISK JX: Jurisdiction KY flagged ($2,700)",ZENITH_FUND_007,STRATUS_FUND_117
367,34F6624C94A0D569,2024-04-01,2024-04-01 13:00:52,0.755415,HIGH,0.979331,1.0,0.286461,0.4,1.0,1.0,"STRUCTURING: 11 sub-threshold transactions totalling $62,773 (avg $5,707) within 60 min window | VELOCITY: 6 transactions from ZENITH_FUND_007 in 300s window | CIRCULAR FLOW: ZENITH_FUND_007 participates in a transaction cycle | HIGH-RISK JX: Both jurisdictions flagged (MT → MT) for $2,479",ZENITH_FUND_007,NEXUS_TRUST_051
368,9DA344F6FA9D9413,2024-04-01,2024-04-01 15:02:08,0.652829,HIGH,0.810817,0.71658,0.278406,0.666667,1.0,0.6,"STRUCTURING: 6 sub-threshold transactions totalling $35,829 (avg $5,972) within 60 min window | VELOCITY: 10 transactions from STRATUS_FUND_177 in 300s window | CIRCULAR FLOW: STRATUS_FUND_177 participates in a transaction cycle | HIGH-RISK JX: Jurisdiction MT flagged ($9,052)",STRATUS_FUND_177,ECLIPSE_HOLDINGS_069
369,1BAB77F3409CF13F,2024-04-01,2024-04-01 15:02:20,0.754333,HIGH,0.914603,0.935088,0.278406,0.733333,1.0,1.0,"STRUCTURING: 7 sub-threshold transactions totalling $40,075 (avg $5,725) within 60 min window | VELOCITY: 11 transactions from STRATUS_FUND_177 in 300s window | CIRCULAR FLOW: STRATUS_FUND_177 participates in a transaction cycle | HIGH-RISK JX: Both jurisdictions flagged (AE → AE) for $4,246",STRATUS_FUND_177,QUANTUM_CLEARING_186
370,84CD04F560E59E13,2024-04-01,2024-04-01 15:02:53,0.718747,HIGH,0.897151,1.0,0.278406,0.8,1.0,0.0,"STRUCTURING: 8 sub-threshold transactions totalling $41,516 (avg $5,189) within 60 min window | VELOCITY: 12 transactions from STRATUS_FUND_177 in 300s window | CIRCULAR FLOW: STRATUS_FUND_177 participates in a transaction cycle",STRATUS_FUND_177,MERIDIAN_CAPITAL_080
371,712F7E5FB93F6C48,2024-04-01,2024-04-01 15:03:28,0.747334,HIGH,0.87022,1.0,0.278406,0.866667,1.0,0.6,"STRUCTURING: 9 sub-threshold transactions totalling $47,110 (avg $5,234) within 60 min window | VELOCITY: 13 transactions from STRATUS_FUND_177 in 300s window | CIRCULAR FLOW: STRATUS_FUND_177 participates in a transaction cycle | HIGH-RISK JX: Jurisdiction CY flagged ($5,595)",STRATUS_FUND_177,CORONA_CLEARING_116
372,D6010B296128DF27,2024-04-01,2024-04-01 15:03:48,0.77359,HIGH,0.868849,1.0,0.278406,0.933333,1.0,1.0,"STRUCTURING: 10 sub-threshold transactions totalling $54,879 (avg $5,488) within 60 min window | VELOCITY: 14 transactions from STRATUS_FUND_177 in 300s window | CIRCULAR FLOW: STRATUS_FUND_177 participates in a transaction cycle | HIGH-RISK JX: Both jurisdictions flagged (PA → LI) for $7,768",STRATUS_FUND_177,OBSIDIAN_PARTNERS_008
373,8F44C399A92CCE50,2024-04-01,2024-04-01 15:03:56,0.788355,HIGH,0.962512,1.0,0.278406,1.0,1.0,0.6,"VELOCITY: 15 transactions from STRATUS_FUND_177 in 300s window | CIRCULAR FLOW: STRATUS_FUND_177 participates in a transaction cycle | HIGH-RISK JX: Jurisdiction PA flagged ($11,387)",STRATUS_FUND_177,VORTEX_CREDIT_144
374,671DEE3D1E4659C2,2024-04-01,2024-04-01 15:06:04,0.758354,HIGH,0.906954,1.0,0.278406,0.866667,1.0,0.6,"STRUCTURING: 11 sub-threshold transactions totalling $56,253 (avg $5,114) within 60 min window | VELOCITY: 13 transactions from STRATUS_FUND_177 in 300s window | CIRCULAR FLOW: STRATUS_FUND_177 participates in a transaction cycle | HIGH-RISK JX: Jurisdiction VG flagged ($1,374)",STRATUS_FUND_177,CORONA_CLEARING_056
375,FF9AE53CA150576C,2024-04-01,2024-04-01 15:06:10,0.738603,HIGH,0.941115,1.0,0.278406,0.866667,1.0,0.0,"STRUCTURING: 12 sub-threshold transactions totalling $63,931 (avg $5,328) within 60 min window | VELOCITY: 13 transactions from STRATUS_FUND_177 in 300s window | CIRCULAR FLOW: STRATUS_FUND_177 participates in a transaction cycle",STRATUS_FUND_177,MERIDIAN_CAPITAL_000
376,90144B1381055ACE,2024-04-01,2024-04-01 15:07:33,0.722365,HIGH,0.920324,1.0,0.278406,0.466667,1.0,0.6,"VELOCITY: 7 transactions from STRATUS_FUND_177 in 300s window | CIRCULAR FLOW: STRATUS_FUND_177 participates in a transaction cycle | HIGH-RISK JX: Jurisdiction CY flagged ($12,114)",STRATUS_FUND_177,VERTEX_PAYMENTS_075
377,902E1F6544DF6F9E,2024-04-01,2024-04-01 15:07:45,0.722935,HIGH,1.0,1.0,0.278406,0.533333,1.0,0.0,"STRUCTURING: 13 sub-threshold transactions totalling $73,819 (avg $5,678) within 60 min window | VELOCITY: 8 transactions from STRATUS_FUND_177 in 300s window | CIRCULAR FLOW: STRATUS_FUND_177 participates in a transaction cycle",STRATUS_FUND_177,ATLAS_BANCORP_162
378,3FEDF13A59D31B35,2024-04-01,2024-04-01 15:07:56,0.735778,HIGH,0.942811,1.0,0.278406,0.533333,1.0,0.6,"VELOCITY: 8 transactions from STRATUS_FUND_177 in 300s window | CIRCULAR FLOW: STRATUS_FUND_177 participates in a transaction cycle | HIGH-RISK JX: Jurisdiction VG flagged ($11,999)",STRATUS_FUND_177,NOVA_TRUST_081
379,103E45863EA2B29F,2024-04-01,2024-04-01 22:34:48,0.602007,HIGH,0.792699,0.760917,0.314723,0.333333,1.0,0.0,"STRUCTURING: 5 sub-threshold transactions totalling $45,655 (avg $9,131) within 60 min window | VELOCITY: 5 transactions from MERIDIAN_CAPITAL_060 in 300s window | CIRCULAR FLOW: MERIDIAN_CAPITAL_060 participates in a transaction cycle",MERIDIAN_CAPITAL_060,AXIOM_PARTNERS_098
380,A38ED1752A35CC03,2024-04-01,2024-04-01 22:45:03,0.659201,HIGH,0.812844,1.0,0.314723,0.066667,1.0,0.6,"STRUCTURING: 6 sub-threshold transactions totalling $55,156 (avg $9,193) within 60 min window | CIRCULAR FLOW: MERIDIAN_CAPITAL_060 participates in a transaction cycle | HIGH-RISK JX: Jurisdiction LI flagged ($9,501)",MERIDIAN_CAPITAL_060,AXIOM_PARTNERS_138
381,2F8134AD7C3F08CC,2024-04-01,2024-04-01 22:52:45,0.66297,HIGH,0.82541,1.0,0.314723,0.066667,1.0,0.6,"STRUCTURING: 7 sub-threshold transactions totalling $63,637 (avg $9,091) within 60 min window | CIRCULAR FLOW: MERIDIAN_CAPITAL_060 participates in a transaction cycle | HIGH-RISK JX: Jurisdiction PA flagged ($8,481)",MERIDIAN_CAPITAL_060,QUANTUM_CLEARING_106
382,572AAC0134BC7936,2024-04-01,2024-04-01 22:53:48,0.667839,HIGH,0.819415,1.0,0.314723,0.133333,1.0,0.6,"STRUCTURING: 8 sub-threshold transactions totalling $72,994 (avg $9,124) within 60 min window | CIRCULAR FLOW: MERIDIAN_CAPITAL_060 participates in a transaction cycle | HIGH-RISK JX: Jurisdiction PA flagged ($9,358)",MERIDIAN_CAPITAL_060,QUANTUM_CLEARING_006
383,1276984BE2960649,2024-04-03,2024-04-03 16:34:54,0.634834,HIGH,0.744135,0.763626,0.408808,0.266667,1.0,0.6,"STRUCTURING: 5 sub-threshold transactions totalling $45,818 (avg $9,164) within 60 min window | CIRCULAR FLOW: PRIME_HOLDINGS_199 participates in a transaction cycle | HIGH-RISK JX: Jurisdiction VG flagged ($9,365)",PRIME_HOLDINGS_199,SOLARIS_FIN_083
384,3977264C6277067C,2024-04-05,2024-04-05 19:07:30,0.603003,HIGH,0.869541,0.742541,0.267865,0.266667,1.0,0.0,"STRUCTURING: 5 sub-threshold transactions totalling $44,552 (avg $8,910) within 60 min window | CIRCULAR FLOW: HELIX_PAYMENTS_065 participates in a transaction cycle",HELIX_PAYMENTS_065,CIPHER_CAPITAL_030
385,BD52F5F26A14C484,2024-04-08,2024-04-08 17:04:57,0.620125,HIGH,0.702436,0.779783,0.333752,0.2,1.0,1.0,"STRUCTURING: 5 sub-threshold transactions totalling $46,787 (avg $9,357) within 60 min window | CIRCULAR FLOW: MERIDIAN_CAPITAL_020 participates in a transaction cycle | HIGH-RISK JX: Both jurisdictions flagged (MT → CY) for $9,353",MERIDIAN_CAPITAL_020,OMEGA_FIN_193
386,1145E87EB2535392,2024-04-08,2024-04-08 17:07:39,0.626608,HIGH,0.7439,1.0,0.333752,0.2,1.0,0.0,"STRUCTURING: 6 sub-threshold transactions totalling $55,751 (avg $9,292) within 60 min window | CIRCULAR FLOW: MERIDIAN_CAPITAL_020 participates in a transaction cycle",MERIDIAN_CAPITAL_020,QUANTUM_CLEARING_166
387,DAA1D4D98E405315,2024-04-08,2024-04-08 17:15:52,0.636873,HIGH,0.722561,1.0,0.333752,0.066667,1.0,0.6,"STRUCTURING: 7 sub-threshold transactions totalling $64,290 (avg $9,184) within 60 min window | CIRCULAR FLOW: MERIDIAN_CAPITAL_020 participates in a transaction cycle | HIGH-RISK JX: Jurisdiction VG flagged ($8,539)",MERIDIAN_CAPITAL_020,ZENITH_FUND_127
388,4FB4F398152AD144,2024-04-08,2024-04-08 17:28:25,0.630309,HIGH,0.80068,1.0,0.333752,0.066667,1.0,0.0,"STRUCTURING: 8 sub-threshold transactions totalling $73,332 (avg $9,167) within 60 min window | CIRCULAR FLOW: MERIDIAN_CAPITAL_020 participates in a transaction cycle",MERIDIAN_CAPITAL_020,CORONA_CLEARING_156
389,556CC3FB13293802,2024-04-09,2024-04-09 01:23:56,0.630275,HIGH,0.903139,0.306559,0.298752,0.733333,1.0,1.0,"VELOCITY: 11 transactions from AXIOM_PARTNERS_018 in 300s window | CIRCULAR FLOW: AXIOM_PARTNERS_018 participates in a transaction cycle | HIGH-RISK JX: Both jurisdictions flagged (AE → LI) for $14,555",AXIOM_PARTNERS_018,SOLARIS_FIN_083
390,C40875DED3B312F1,2024-04-09,2024-04-09 01:24:06,0.610613,HIGH,0.764896,0.482283,0.298752,0.8,1.0,0.6,"STRUCTURING: 5 sub-threshold transactions totalling $28,937 (avg $5,787) within 60 min window | VELOCITY: 12 transactions from AXIOM_PARTNERS_018 in 300s window | CIRCULAR FLOW: AXIOM_PARTNERS_018 participates in a transaction cycle | HIGH-RISK JX: Jurisdiction KY flagged ($5,945)",AXIOM_PARTNERS_018,MERIDIAN_CAPITAL_180
391,D025A308D8CFACDB,2024-04-09,2024-04-09 01:24:06,0.738543,HIGH,0.971072,0.679334,0.298752,0.866667,1.0,1.0,"STRUCTURING: 6 sub-threshold transactions totalling $33,967 (avg $5,661) within 60 min window | VELOCITY: 13 transactions from AXIOM_PARTNERS_018 in 300s window | CIRCULAR FLOW: AXIOM_PARTNERS_018 participates in a transaction cycle | HIGH-RISK JX: Both jurisdictions flagged (VG → VG) for $5,030",AXIOM_PARTNERS_018,HELIX_PAYMENTS_145
392,9A9D088ADC0A3277,2024-04-09,2024-04-09 01:24:07,0.747485,HIGH,0.927297,0.856371,0.298752,0.933333,1.0,0.6,"STRUCTURING: 7 sub-threshold transactions totalling $36,702 (avg $5,243) within 60 min window | VELOCITY: 14 transactions from AXIOM_PARTNERS_018 in 300s window | CIRCULAR FLOW: AXIOM_PARTNERS_018 participates in a transaction cycle | HIGH-RISK JX: Jurisdiction AE flagged ($2,735)",AXIOM_PARTNERS_018,CIPHER_CAPITAL_130
393,06120F797E0CB8EC,2024-04-09,2024-04-09 01:25:09,0.722433,HIGH,0.921568,0.856371,0.298752,1.0,1.0,0.0,VELOCITY: 15 transactions from AXIOM_PARTNERS_018 in 300s window | CIRCULAR FLOW: AXIOM_PARTNERS_018 participates in a transaction cycle,AXIOM_PARTNERS_018,APEX_CREDIT_154
394,BBAF6D7D16C0518,2024-04-09,2024-04-09 01:25:18,0.765817,HIGH,0.899515,0.856371,0.298752,1.0,1.0,1.0,"VELOCITY: 16 transactions from AXIOM_PARTNERS_018 in 300s window | CIRCULAR FLOW: AXIOM_PARTNERS_018 participates in a transaction cycle | HIGH-RISK JX: Both jurisdictions flagged (MT → PA) for $14,596",AXIOM_PARTNERS_018,QUANTUM_CLEARING_146
395,9A809B0C24421912,2024-04-09,2024-04-09 01:25:38,0.762577,HIGH,0.859631,1.0,0.298752,1.0,1.0,0.6,"STRUCTURING: 8 sub-threshold transactions totalling $43,817 (avg $5,477) within 60 min window | VELOCITY: 17 transactions from AXIOM_PARTNERS_018 in 300s window | CIRCULAR FLOW: AXIOM_PARTNERS_018 participates in a transaction cycle | HIGH-RISK JX: Jurisdiction AE flagged ($7,116)",AXIOM_PARTNERS_018,OMEGA_FIN_073
396,9DB93E6DD996EFCD,2024-04-09,2024-04-09 01:26:06,0.762731,HIGH,0.860143,1.0,0.298752,1.0,1.0,0.6,"STRUCTURING: 9 sub-threshold transactions totalling $51,169 (avg $5,685) within 60 min window | VELOCITY: 18 transactions from AXIOM_PARTNERS_018 in 300s window | CIRCULAR FLOW: AXIOM_PARTNERS_018 participates in a transaction cycle | HIGH-RISK JX: Jurisdiction VG flagged ($7,352)",AXIOM_PARTNERS_018,PRIME_HOLDINGS_119
397,A2112526D6304190,2024-04-09,2024-04-09 01:27:42,0.76818,HIGH,0.878308,1.0,0.298752,1.0,1.0,0.6,"STRUCTURING: 10 sub-threshold transactions totalling $60,851 (avg $6,085) within 60 min window | VELOCITY: 17 transactions from AXIOM_PARTNERS_018 in 300s window | CIRCULAR FLOW: AXIOM_PARTNERS_018 participates in a transaction cycle | HIGH-RISK JX: Jurisdiction VG flagged ($9,682)",AXIOM_PARTNERS_018,CORONA_CLEARING_116
398,6ACF2A8768F7B3C7,2024-04-09,2024-04-09 08:00:41,0.659357,HIGH,0.894434,1.0,0.310774,0.133333,1.0,0.0,"STRUCTURING: 6 sub-threshold transactions totalling $53,512 (avg $8,919) within 60 min window | CIRCULAR FLOW: APEX_CREDIT_194 participates in a transaction cycle",APEX_CREDIT_194,VORTEX_CREDIT_164
399,A68ED850BBF04B59,2024-04-09,2024-04-09 08:01:47,0.657481,HIGH,0.765957,1.0,0.310774,0.2,1.0,0.6,"STRUCTURING: 7 sub-threshold transactions totalling $63,173 (avg $9,025) within 60 min window | CIRCULAR FLOW: APEX_CREDIT_194 participates in a transaction cycle | HIGH-RISK JX: Jurisdiction KY flagged ($9,661)",APEX_CREDIT_194,NEXUS_TRUST_191
400,A8D0598FEEE1274F,2024-04-10,2024-04-10 07:50:48,0.619185,HIGH,0.761789,0.274661,0.582863,0.4,1.0,1.0,"STRUCTURING: 5 sub-threshold transactions totalling $16,480 (avg $3,296) within 60 min window | VELOCITY: 6 transactions from OMEGA_FIN_193 in 300s window | CIRCULAR FLOW: OMEGA_FIN_193 participates in a transaction cycle | LAYERING: Multi-hop indicator 0.00, betweenness 0.0899 for OMEGA_FIN_193 | HIGH-RISK JX: Both jurisdictions flagged (LI → AE) for $8,324",OMEGA_FIN_193,SOLARIS_FIN_103
401,D80EAB39D4A7D50A,2024-04-10,2024-04-10 07:51:26,0.606428,HIGH,0.863712,0.274661,0.582863,0.466667,1.0,0.0,"VELOCITY: 7 transactions from OMEGA_FIN_193 in 300s window | CIRCULAR FLOW: OMEGA_FIN_193 participates in a transaction cycle | LAYERING: Multi-hop indicator 0.00, betweenness 0.0899 for OMEGA_FIN_193",OMEGA_FIN_193,VORTEX_CREDIT_104
402,1295BEB7EEDE90BD,2024-04-10,2024-04-10 07:51:36,0.686667,HIGH,0.803582,0.482716,0.582863,0.533333,1.0,1.0,"STRUCTURING: 6 sub-threshold transactions totalling $24,136 (avg $4,023) within 60 min window | VELOCITY: 8 transactions from OMEGA_FIN_193 in 300s window | CIRCULAR FLOW: OMEGA_FIN_193 participates in a transaction cycle | LAYERING: Multi-hop indicator 0.00, betweenness 0.0899 for OMEGA_FIN_193 | HIGH-RISK JX: Both jurisdictions flagged (AE → PA) for $7,656",OMEGA_FIN_193,ECLIPSE_HOLDINGS_169
403,9E0D8D30B0EC2F00,2024-04-10,2024-04-10 07:51:44,0.715613,HIGH,0.863212,0.754666,0.582863,0.6,1.0,0.0,"STRUCTURING: 7 sub-threshold transactions totalling $32,343 (avg $4,620) within 60 min window | VELOCITY: 9 transactions from OMEGA_FIN_193 in 300s window | CIRCULAR FLOW: OMEGA_FIN_193 participates in a transaction cycle | LAYERING: Multi-hop indicator 0.00, betweenness 0.0899 for OMEGA_FIN_193",OMEGA_FIN_193,PRIME_HOLDINGS_059
404,5D156DC577A456B1,2024-04-10,2024-04-10 07:52:09,0.79065,HIGH,0.873878,0.930523,0.582863,0.666667,1.0,0.6,"STRUCTURING: 8 sub-threshold transactions totalling $34,895 (avg $4,362) within 60 min window | VELOCITY: 10 transactions from OMEGA_FIN_193 in 300s window | CIRCULAR FLOW: OMEGA_FIN_193 participates in a transaction cycle | LAYERING: Multi-hop indicator 0.00, betweenness 0.0899 for OMEGA_FIN_193 | HIGH-RISK JX: Jurisdiction CY flagged ($2,552)",OMEGA_FIN_193,OBSIDIAN_PARTNERS_188
405,DB89090AC810F05,2024-04-10,2024-04-10 07:52:24,0.826566,CRITICAL,0.85839,1.0,0.582863,0.733333,1.0,1.0,"STRUCTURING: 9 sub-threshold transactions totalling $42,993 (avg $4,777) within 60 min window | VELOCITY: 11 transactions from OMEGA_FIN_193 in 300s window | CIRCULAR FLOW: OMEGA_FIN_193 participates in a transaction cycle | LAYERING: Multi-hop indicator 0.00, betweenness 0.0899 for OMEGA_FIN_193 | HIGH-RISK JX: Both jurisdictions flagged (VG → PA) for $8,098",OMEGA_FIN_193,VORTEX_CREDIT_184
406,B336D61C8AB1DD4A,2024-04-10,2024-04-10 07:52:38,0.826145,CRITICAL,0.90143,1.0,0.582863,0.8,1.0,0.6,"VELOCITY: 12 transactions from OMEGA_FIN_193 in 300s window | CIRCULAR FLOW: OMEGA_FIN_193 participates in a transaction cycle | LAYERING: Multi-hop indicator 0.00, betweenness 0.0899 for OMEGA_FIN_193 | HIGH-RISK JX: Jurisdiction KY flagged ($11,862)",OMEGA_FIN_193,ECLIPSE_HOLDINGS_109
407,B7E2663B1DA47052,2024-04-10,2024-04-10 07:52:56,0.858559,CRITICAL,0.920587,1.0,0.582863,0.866667,1.0,1.0,"VELOCITY: 13 transactions from OMEGA_FIN_193 in 300s window | CIRCULAR FLOW: OMEGA_FIN_193 participates in a transaction cycle | LAYERING: Multi-hop indicator 0.00, betweenness 0.0899 for OMEGA_FIN_193 | HIGH-RISK JX: Both jurisdictions flagged (PA → CY) for $13,271",OMEGA_FIN_193,AXIOM_PARTNERS_158
408,D48A71EA7C961BEF,2024-04-10,2024-04-10 07:53:04,0.860073,CRITICAL,0.903414,1.0,0.582863,0.933333,1.0,1.0,"STRUCTURING: 10 sub-threshold transactions totalling $47,770 (avg $4,777) within 60 min window | VELOCITY: 14 transactions from OMEGA_FIN_193 in 300s window | CIRCULAR FLOW: OMEGA_FIN_193 participates in a transaction cycle | LAYERING: Multi-hop indicator 0.00, betweenness 0.0899 for OMEGA_FIN_193 | HIGH-RISK JX: Both jurisdictions flagged (PA → LI) for $4,778",OMEGA_FIN_193,VERTEX_PAYMENTS_135
409,64DC27AD7E23774D,2024-04-10,2024-04-10 07:53:12,0.856754,CRITICAL,0.936794,1.0,0.582863,1.0,1.0,0.6,"STRUCTURING: 11 sub-threshold transactions totalling $50,673 (avg $4,607) within 60 min window | VELOCITY: 15 transactions from OMEGA_FIN_193 in 300s window | CIRCULAR FLOW: OMEGA_FIN_193 participates in a transaction cycle | LAYERING: Multi-hop indicator 0.00, betweenness 0.0899 for OMEGA_FIN_193 | HIGH-RISK JX: Jurisdiction KY flagged ($2,903)",OMEGA_FIN_193,ZENITH_FUND_107
410,E49B37943D8DA449,2024-04-10,2024-04-10 07:53:36,0.845716,CRITICAL,1.0,1.0,0.582863,1.0,1.0,0.0,"VELOCITY: 16 transactions from OMEGA_FIN_193 in 300s window | CIRCULAR FLOW: OMEGA_FIN_193 participates in a transaction cycle | LAYERING: Multi-hop indicator 0.00, betweenness 0.0899 for OMEGA_FIN_193",OMEGA_FIN_193,OBSIDIAN_PARTNERS_108
411,89C9F4048ADC5E77,2024-04-10,2024-04-10 07:54:00,0.841965,CRITICAL,0.987498,1.0,0.582863,1.0,1.0,0.0,"STRUCTURING: 12 sub-threshold transactions totalling $60,643 (avg $5,054) within 60 min window | VELOCITY: 17 transactions from OMEGA_FIN_193 in 300s window | CIRCULAR FLOW: OMEGA_FIN_193 participates in a transaction cycle | LAYERING: Multi-hop indicator 0.00, betweenness 0.0899 for OMEGA_FIN_193",OMEGA_FIN_193,ATLAS_BANCORP_022
412,E838F6E3D9A642F6,2024-04-10,2024-04-10 07:54:51,0.895619,CRITICAL,0.999678,1.0,0.582863,1.0,1.0,1.0,"VELOCITY: 15 transactions from OMEGA_FIN_193 in 300s window | CIRCULAR FLOW: OMEGA_FIN_193 participates in a transaction cycle | LAYERING: Multi-hop indicator 0.00, betweenness 0.0899 for OMEGA_FIN_193 | HIGH-RISK JX: Both jurisdictions flagged (KY → VG) for $14,991",OMEGA_FIN_193,NEXUS_TRUST_051
413,D0AADC049139DF52,2024-04-10,2024-04-10 07:54:59,0.895716,CRITICAL,1.0,1.0,0.582863,1.0,1.0,1.0,"VELOCITY: 16 transactions from OMEGA_FIN_193 in 300s window | CIRCULAR FLOW: OMEGA_FIN_193 participates in a transaction cycle | LAYERING: Multi-hop indicator 0.00, betweenness 0.0899 for OMEGA_FIN_193 | HIGH-RISK JX: Both jurisdictions flagged (PA → MT) for $11,596",OMEGA_FIN_193,NOVA_TRUST_161
414,8D13B4B7BAB8AC9A,2024-04-11,2024-04-11 05:15:40,0.640699,HIGH,0.86563,0.480492,0.432978,0.266667,1.0,1.0,"STRUCTURING: 4 sub-threshold transactions totalling $36,037 (avg $9,009) within 60 min window | CIRCULAR FLOW: CORONA_CLEARING_196 participates in a transaction cycle | HIGH-RISK JX: Both jurisdictions flagged (CY → CY) for $9,523",CORONA_CLEARING_196,SOLARIS_FIN_043
415,129B99C88CF77DB8,2024-04-11,2024-04-11 05:22:40,0.632353,HIGH,0.780892,0.765871,0.432978,0.066667,1.0,0.6,"STRUCTURING: 5 sub-threshold transactions totalling $45,952 (avg $9,190) within 60 min window | CIRCULAR FLOW: CORONA_CLEARING_196 participates in a transaction cycle | HIGH-RISK JX: Jurisdiction VG flagged ($9,915)",CORONA_CLEARING_196,SOLARIS_FIN_023
416,177182A3615A9685,2024-04-14,2024-04-14 16:21:22,0.636963,HIGH,0.755652,1.0,0.294403,0.066667,1.0,0.6,"STRUCTURING: 6 sub-threshold transactions totalling $54,518 (avg $9,086) within 60 min window | CIRCULAR FLOW: QUANTUM_CLEARING_106 participates in a transaction cycle | HIGH-RISK JX: Jurisdiction KY flagged ($8,097)",QUANTUM_CLEARING_106,CORONA_CLEARING_036
417,340581011587C5FB,2024-04-14,2024-04-14 16:26:35,0.65544,HIGH,0.750576,1.0,0.294403,0.066667,1.0,1.0,"STRUCTURING: 7 sub-threshold transactions totalling $63,387 (avg $9,055) within 60 min window | CIRCULAR FLOW: QUANTUM_CLEARING_106 participates in a transaction cycle | HIGH-RISK JX: Both jurisdictions flagged (MT → LI) for $8,869",QUANTUM_CLEARING_106,AXIOM_PARTNERS_178
418,E1154C1B94F50A83,2024-04-15,2024-04-15 06:35:23,0.633148,HIGH,0.773137,0.749662,0.378432,0.266667,1.0,0.6,"STRUCTURING: 5 sub-threshold transactions totalling $44,980 (avg $8,996) within 60 min window | CIRCULAR FLOW: NOVA_TRUST_121 participates in a transaction cycle | HIGH-RISK JX: Jurisdiction LI flagged ($8,542)",NOVA_TRUST_121,NEXUS_TRUST_071
419,D5D1673ACA9153F4,2024-04-15,2024-04-15 06:41:05,0.661046,HIGH,0.865906,1.0,0.378432,0.066667,1.0,0.0,"STRUCTURING: 6 sub-threshold transactions totalling $54,325 (avg $9,054) within 60 min window | CIRCULAR FLOW: NOVA_TRUST_121 participates in a transaction cycle",NOVA_TRUST_121,AXIOM_PARTNERS_118
420,9D405E3A3F1538E5,2024-04-15,2024-04-15 06:44:56,0.683101,HIGH,0.8172,1.0,0.378432,0.133333,1.0,0.6,"STRUCTURING: 7 sub-threshold transactions totalling $62,565 (avg $8,938) within 60 min window | CIRCULAR FLOW: NOVA_TRUST_121 participates in a transaction cycle | HIGH-RISK JX: Jurisdiction PA flagged ($8,240)",NOVA_TRUST_121,OMEGA_FIN_053
421,50107D9580E8753E,2024-04-17,2024-04-17 21:47:47,0.633287,HIGH,0.804966,0.746482,0.423335,0.066667,1.0,0.6,"STRUCTURING: 5 sub-threshold transactions totalling $44,789 (avg $8,958) within 60 min window | CIRCULAR FLOW: APEX_CREDIT_054 participates in a transaction cycle | HIGH-RISK JX: Jurisdiction MT flagged ($9,154)",APEX_CREDIT_054,CIPHER_CAPITAL_150
422,322A4E8DD8099453,2024-04-17,2024-04-17 21:55:29,0.692774,HIGH,0.834244,1.0,0.423335,0.066667,1.0,0.6,"STRUCTURING: 6 sub-threshold transactions totalling $54,413 (avg $9,069) within 60 min window | CIRCULAR FLOW: APEX_CREDIT_054 participates in a transaction cycle | HIGH-RISK JX: Jurisdiction AE flagged ($9,624)",APEX_CREDIT_054,QUANTUM_CLEARING_186
423,451F6369B513FBAA,2024-04-18,2024-04-18 03:19:10,0.605621,HIGH,1.0,0.489222,0.271108,0.4,1.0,0.0,VELOCITY: 6 transactions from DELTA_BANCORP_072 in 300s window | CIRCULAR FLOW: DELTA_BANCORP_072 participates in a transaction cycle,DELTA_BANCORP_072,CIPHER_CAPITAL_190
424,7DBB75E2759CE66C,2024-04-18,2024-04-18 03:19:30,0.645246,HIGH,0.897752,0.624049,0.271108,0.533333,1.0,0.6,"STRUCTURING: 6 sub-threshold transactions totalling $31,202 (avg $5,200) within 60 min window | VELOCITY: 8 transactions from DELTA_BANCORP_072 in 300s window | CIRCULAR FLOW: DELTA_BANCORP_072 participates in a transaction cycle | HIGH-RISK JX: Jurisdiction KY flagged ($1,849)",DELTA_BANCORP_072,VORTEX_CREDIT_004
425,F52C4796F6E01BC9,2024-04-18,2024-04-18 03:19:45,0.620969,HIGH,0.894609,0.624049,0.271108,0.6,1.0,0.0,VELOCITY: 9 transactions from DELTA_BANCORP_072 in 300s window | CIRCULAR FLOW: DELTA_BANCORP_072 participates in a transaction cycle,DELTA_BANCORP_072,ECLIPSE_HOLDINGS_169
426,B066F0CF44711199,2024-04-18,2024-04-18 03:19:48,0.649648,HIGH,0.967983,0.624049,0.271108,0.666667,1.0,0.0,VELOCITY: 10 transactions from DELTA_BANCORP_072 in 300s window | CIRCULAR FLOW: DELTA_BANCORP_072 participates in a transaction cycle,DELTA_BANCORP_072,STRATUS_FUND_037
427,534A01F13B9A1F3E,2024-04-18,2024-04-18 03:19:48,0.66592,HIGH,1.0,0.624049,0.271108,0.733333,1.0,0.0,VELOCITY: 11 transactions from DELTA_BANCORP_072 in 300s window | CIRCULAR FLOW: DELTA_BANCORP_072 participates in a transaction cycle,DELTA_BANCORP_072,DELTA_BANCORP_012
428,D69126D3F40DC19D,2024-04-18,2024-04-18 03:20:34,0.696787,HIGH,0.873626,0.784612,0.271108,0.8,1.0,0.6,"STRUCTURING: 7 sub-threshold transactions totalling $33,626 (avg $4,804) within 60 min window | VELOCITY: 12 transactions from DELTA_BANCORP_072 in 300s window | CIRCULAR FLOW: DELTA_BANCORP_072 participates in a transaction cycle | HIGH-RISK JX: Jurisdiction MT flagged ($2,424)",DELTA_BANCORP_072,NEXUS_TRUST_011
429,9CE83D6DB38AC300,2024-04-18,2024-04-18 03:21:28,0.733077,HIGH,0.905702,0.784612,0.271108,0.866667,1.0,1.0,"VELOCITY: 13 transactions from DELTA_BANCORP_072 in 300s window | CIRCULAR FLOW: DELTA_BANCORP_072 participates in a transaction cycle | HIGH-RISK JX: Both jurisdictions flagged (LI → MT) for $12,296",DELTA_BANCORP_072,HELIX_PAYMENTS_105
430,CF40716AA1F90CF3,2024-04-18,2024-04-18 03:22:04,0.720325,HIGH,0.907641,0.784612,0.271108,0.933333,1.0,0.6,"VELOCITY: 14 transactions from DELTA_BANCORP_072 in 300s window | CIRCULAR FLOW: DELTA_BANCORP_072 participates in a transaction cycle | HIGH-RISK JX: Jurisdiction LI flagged ($10,940)",DELTA_BANCORP_072,OBSIDIAN_PARTNERS_108
431,1410C359B88B9578,2024-04-18,2024-04-18 03:22:57,0.761012,HIGH,0.935896,0.912333,0.271108,1.0,1.0,0.6,"STRUCTURING: 8 sub-threshold transactions totalling $34,212 (avg $4,277) within 60 min window | VELOCITY: 15 transactions from DELTA_BANCORP_072 in 300s window | CIRCULAR FLOW: DELTA_BANCORP_072 participates in a transaction cycle | HIGH-RISK JX: Jurisdiction VG flagged ($586)",DELTA_BANCORP_072,ECLIPSE_HOLDINGS_109
432,07831E5C2A98033A,2024-04-18,2024-04-18 03:24:14,0.714744,HIGH,0.89278,0.912333,0.271108,0.666667,1.0,0.6,"VELOCITY: 10 transactions from DELTA_BANCORP_072 in 300s window | CIRCULAR FLOW: DELTA_BANCORP_072 participates in a transaction cycle | HIGH-RISK JX: Jurisdiction MT flagged ($10,346)",DELTA_BANCORP_072,AXIOM_PARTNERS_158
433,E1F7B5B4149BDEC7,2024-04-18,2024-04-18 22:22:04,0.610841,HIGH,0.864476,0.37832,0.423335,0.4,1.0,0.6,"STRUCTURING: 4 sub-threshold transactions totalling $28,374 (avg $7,094) within 60 min window | VELOCITY: 6 transactions from APEX_CREDIT_054 in 300s window | CIRCULAR FLOW: APEX_CREDIT_054 participates in a transaction cycle | HIGH-RISK JX: Jurisdiction VG flagged ($4,776)",APEX_CREDIT_054,ECLIPSE_HOLDINGS_029
434,ABE360ACC8DD39D3,2024-04-18,2024-04-18 22:22:12,0.645927,HIGH,0.918204,0.589826,0.423335,0.466667,1.0,0.0,"STRUCTURING: 5 sub-threshold transactions totalling $35,390 (avg $7,078) within 60 min window | VELOCITY: 7 transactions from APEX_CREDIT_054 in 300s window | CIRCULAR FLOW: APEX_CREDIT_054 participates in a transaction cycle",APEX_CREDIT_054,ZENITH_FUND_027
435,F0E89FF2CD30BD8D,2024-04-18,2024-04-18 22:22:21,0.683451,HIGH,0.921061,0.589826,0.423335,0.533333,1.0,0.6,"VELOCITY: 8 transactions from APEX_CREDIT_054 in 300s window | CIRCULAR FLOW: APEX_CREDIT_054 participates in a transaction cycle | HIGH-RISK JX: Jurisdiction CY flagged ($12,776)",APEX_CREDIT_054,PRIME_HOLDINGS_119
436,387BADFE42CD769B,2024-04-18,2024-04-18 22:22:42,0.746716,HIGH,0.909047,0.890841,0.423335,0.6,1.0,0.6,"STRUCTURING: 6 sub-threshold transactions totalling $44,542 (avg $7,424) within 60 min window | VELOCITY: 9 transactions from APEX_CREDIT_054 in 300s window | CIRCULAR FLOW: APEX_CREDIT_054 participates in a transaction cycle | HIGH-RISK JX: Jurisdiction MT flagged ($9,152)",APEX_CREDIT_054,STRATUS_FUND_057
437,FA2F7F2E369B1019,2024-04-18,2024-04-18 22:23:02,0.776242,HIGH,0.912473,1.0,0.423335,0.666667,1.0,0.6,"STRUCTURING: 7 sub-threshold transactions totalling $48,698 (avg $6,957) within 60 min window | VELOCITY: 10 transactions from APEX_CREDIT_054 in 300s window | CIRCULAR FLOW: APEX_CREDIT_054 participates in a transaction cycle | HIGH-RISK JX: Jurisdiction MT flagged ($4,156)",APEX_CREDIT_054,NOVA_TRUST_161
438,AB3A0ABAC9666C85,2024-04-18,2024-04-18 22:23:03,0.829167,CRITICAL,1.0,1.0,0.423335,0.733333,1.0,1.0,"STRUCTURING: 8 sub-threshold transactions totalling $56,975 (avg $7,122) within 60 min window | VELOCITY: 11 transactions from APEX_CREDIT_054 in 300s window | CIRCULAR FLOW: APEX_CREDIT_054 participates in a transaction cycle | HIGH-RISK JX: Both jurisdictions flagged (MT → MT) for $8,277",APEX_CREDIT_054,OBSIDIAN_PARTNERS_088
439,0A680899C97D3BF7,2024-04-18,2024-04-18 22:23:08,0.809824,CRITICAL,0.982329,1.0,0.4205,0.8,1.0,0.6,"VELOCITY: 12 transactions from APEX_CREDIT_054 in 300s window | CIRCULAR FLOW: APEX_CREDIT_054 participates in a transaction cycle | HIGH-RISK JX: Jurisdiction VG flagged ($15,000)",APEX_CREDIT_054,VORTEX_CREDIT_044
440,E595EE24E663CDA7,2024-04-18,2024-04-18 22:23:08,0.791792,HIGH,1.0,1.0,0.4205,0.866667,1.0,0.0,"STRUCTURING: 9 sub-threshold transactions totalling $63,476 (avg $7,053) within 60 min window | VELOCITY: 13 transactions from APEX_CREDIT_054 in 300s window | CIRCULAR FLOW: APEX_CREDIT_054 participates in a transaction cycle",APEX_CREDIT_054,MERIDIAN_CAPITAL_020
441,CD114423A73F4C8A,2024-04-18,2024-04-18 22:25:02,0.798458,HIGH,1.0,1.0,0.4205,0.933333,1.0,0.0,VELOCITY: 14 transactions from APEX_CREDIT_054 in 300s window | CIRCULAR FLOW: APEX_CREDIT_054 participates in a transaction cycle,APEX_CREDIT_054,NOVA_TRUST_161
442,B56FCB5B250E4786,2024-04-18,2024-04-18 22:27:06,0.787435,HIGH,0.9077,1.0,0.4205,0.6,1.0,1.0,"STRUCTURING: 10 sub-threshold transactions totalling $73,123 (avg $7,312) within 60 min window | VELOCITY: 9 transactions from APEX_CREDIT_054 in 300s window | CIRCULAR FLOW: APEX_CREDIT_054 participates in a transaction cycle | HIGH-RISK JX: Both jurisdictions flagged (KY → MT) for $9,647",APEX_CREDIT_054,VORTEX_CREDIT_124
443,909091241AA2200C,2024-04-21,2024-04-21 10:02:38,0.616665,HIGH,0.891915,0.389534,0.2714,0.533333,1.0,1.0,"STRUCTURING: 5 sub-threshold transactions totalling $23,372 (avg $4,674) within 60 min window | VELOCITY: 8 transactions from CORONA_CLEARING_096 in 300s window | CIRCULAR FLOW: CORONA_CLEARING_096 participates in a transaction cycle | HIGH-RISK JX: Both jurisdictions flagged (AE → AE) for $2,736",CORONA_CLEARING_096,HELIX_PAYMENTS_005
444,62AECD0D6E9C83AC,2024-04-21,2024-04-21 10:02:39,0.605755,HIGH,0.899994,0.389534,0.2714,0.6,1.0,0.6,"VELOCITY: 9 transactions from CORONA_CLEARING_096 in 300s window | CIRCULAR FLOW: CORONA_CLEARING_096 participates in a transaction cycle | HIGH-RISK JX: Jurisdiction CY flagged ($11,856)",CORONA_CLEARING_096,APEX_CREDIT_014
445,6954400570B7D80B,2024-04-21,2024-04-21 10:02:55,0.604558,HIGH,0.793754,0.509573,0.2714,0.666667,1.0,0.6,"STRUCTURING: 6 sub-threshold transactions totalling $25,479 (avg $4,246) within 60 min window | VELOCITY: 10 transactions from CORONA_CLEARING_096 in 300s window | CIRCULAR FLOW: CORONA_CLEARING_096 participates in a transaction cycle | HIGH-RISK JX: Jurisdiction CY flagged ($2,107)",CORONA_CLEARING_096,VERTEX_PAYMENTS_095
446,1163FA75526FDA7,2024-04-21,2024-04-21 10:03:19,0.669987,HIGH,0.780542,0.823207,0.2714,0.733333,1.0,0.6,"STRUCTURING: 7 sub-threshold transactions totalling $35,280 (avg $5,040) within 60 min window | VELOCITY: 11 transactions from CORONA_CLEARING_096 in 300s window | CIRCULAR FLOW: CORONA_CLEARING_096 participates in a transaction cycle | HIGH-RISK JX: Jurisdiction VG flagged ($9,802)",CORONA_CLEARING_096,ECLIPSE_HOLDINGS_049
447,A736FA7DA689680B,2024-04-21,2024-04-21 10:03:23,0.730869,HIGH,0.843395,1.0,0.2714,0.8,1.0,0.6,"STRUCTURING: 8 sub-threshold transactions totalling $37,616 (avg $4,702) within 60 min window | VELOCITY: 12 transactions from CORONA_CLEARING_096 in 300s window | CIRCULAR FLOW: CORONA_CLEARING_096 participates in a transaction cycle | HIGH-RISK JX: Jurisdiction KY flagged ($2,336)",CORONA_CLEARING_096,ZENITH_FUND_007
448,350A09858C658A7B,2024-04-21,2024-04-21 10:04:13,0.754517,HIGH,1.0,1.0,0.2714,0.866667,1.0,0.0,VELOCITY: 13 transactions from CORONA_CLEARING_096 in 300s window | CIRCULAR FLOW: CORONA_CLEARING_096 participates in a transaction cycle,CORONA_CLEARING_096,DELTA_BANCORP_092
449,2FD7E0ED53B55673,2024-04-21,2024-04-21 10:04:17,0.786502,HIGH,0.917729,1.0,0.2714,0.933333,1.0,1.0,"VELOCITY: 14 transactions from CORONA_CLEARING_096 in 300s window | CIRCULAR FLOW: CORONA_CLEARING_096 participates in a transaction cycle | HIGH-RISK JX: Both jurisdictions flagged (AE → CY) for $14,009",CORONA_CLEARING_096,APEX_CREDIT_174
450,BCDFF7B054724068,2024-04-21,2024-04-21 10:04:19,0.783308,HIGH,0.951527,1.0,0.2714,1.0,1.0,0.6,"VELOCITY: 15 transactions from CORONA_CLEARING_096 in 300s window | CIRCULAR FLOW: CORONA_CLEARING_096 participates in a transaction cycle | HIGH-RISK JX: Jurisdiction AE flagged ($12,919)",CORONA_CLEARING_096,APEX_CREDIT_094
451,6E3C0CB420521ED2,2024-04-21,2024-04-21 10:05:43,0.74224,HIGH,0.914635,1.0,0.2714,1.0,1.0,0.0,"STRUCTURING: 9 sub-threshold transactions totalling $46,188 (avg $5,132) within 60 min window | VELOCITY: 16 transactions from CORONA_CLEARING_096 in 300s window | CIRCULAR FLOW: CORONA_CLEARING_096 participates in a transaction cycle",CORONA_CLEARING_096,ZENITH_FUND_147
452,46C864C521A371AA,2024-04-21,2024-04-21 10:07:07,0.71008,HIGH,0.8741,1.0,0.2714,0.8,1.0,0.0,"STRUCTURING: 10 sub-threshold transactions totalling $56,095 (avg $5,609) within 60 min window | VELOCITY: 12 transactions from CORONA_CLEARING_096 in 300s window | CIRCULAR FLOW: CORONA_CLEARING_096 participates in a transaction cycle",CORONA_CLEARING_096,AXIOM_PARTNERS_078
453,2B898690978546C,2024-04-21,2024-04-21 10:09:22,0.695752,HIGH,0.859673,1.0,0.2714,0.2,1.0,1.0,"CIRCULAR FLOW: CORONA_CLEARING_096 participates in a transaction cycle | HIGH-RISK JX: Both jurisdictions flagged (KY → PA) for $13,930",CORONA_CLEARING_096,VORTEX_CREDIT_064
454,F1399C1BA0BCC9C9,2024-04-21,2024-04-21 10:10:25,0.686925,HIGH,0.874694,1.0,0.2714,0.266667,1.0,0.6,"CIRCULAR FLOW: CORONA_CLEARING_096 participates in a transaction cycle | HIGH-RISK JX: Jurisdiction CY flagged ($10,154)",CORONA_CLEARING_096,ECLIPSE_HOLDINGS_069
455,29B155228DFC744F,2024-04-22,2024-04-22 02:13:47,0.624227,HIGH,0.743869,0.76144,0.26178,0.333333,1.0,1.0,"STRUCTURING: 5 sub-threshold transactions totalling $45,686 (avg $9,137) within 60 min window | VELOCITY: 5 transactions from OBSIDIAN_PARTNERS_108 in 300s window | CIRCULAR FLOW: OBSIDIAN_PARTNERS_108 participates in a transaction cycle | HIGH-RISK JX: Both jurisdictions flagged (KY → VG) for $9,758",OBSIDIAN_PARTNERS_108,SOLARIS_FIN_023
456,4EEA63D4BF21003B,2024-04-22,2024-04-22 02:17:55,0.637349,HIGH,0.761901,1.0,0.26178,0.133333,1.0,0.6,"STRUCTURING: 6 sub-threshold transactions totalling $54,501 (avg $9,084) within 60 min window | CIRCULAR FLOW: OBSIDIAN_PARTNERS_108 participates in a transaction cycle | HIGH-RISK JX: Jurisdiction PA flagged ($8,815)",OBSIDIAN_PARTNERS_108,OMEGA_FIN_133
457,0E346B94E624CAF8,2024-04-22,2024-04-22 02:18:14,0.645339,HIGH,0.766313,1.0,0.26178,0.2,1.0,0.6,"STRUCTURING: 7 sub-threshold transactions totalling $64,438 (avg $9,205) within 60 min window | CIRCULAR FLOW: OBSIDIAN_PARTNERS_108 participates in a transaction cycle | HIGH-RISK JX: Jurisdiction MT flagged ($9,937)",OBSIDIAN_PARTNERS_108,NOVA_TRUST_121
458,91BB3D1344A70A1C,2024-04-24,2024-04-24 07:15:23,0.62124,HIGH,0.779469,0.579639,0.352554,0.533333,1.0,0.6,"STRUCTURING: 6 sub-threshold transactions totalling $28,982 (avg $4,830) within 60 min window | VELOCITY: 8 transactions from HELIX_PAYMENTS_145 in 300s window | CIRCULAR FLOW: HELIX_PAYMENTS_145 participates in a transaction cycle | HIGH-RISK JX: Jurisdiction CY flagged ($5,048)",HELIX_PAYMENTS_145,VERTEX_PAYMENTS_195
459,79747C4414018B2A,2024-04-24,2024-04-24 07:15:26,0.668564,HIGH,0.848325,0.579639,0.352554,0.6,1.0,1.0,"VELOCITY: 9 transactions from HELIX_PAYMENTS_145 in 300s window | CIRCULAR FLOW: HELIX_PAYMENTS_145 participates in a transaction cycle | HIGH-RISK JX: Both jurisdictions flagged (CY → MT) for $14,747",HELIX_PAYMENTS_145,NEXUS_TRUST_091
460,E4D1833A9A44BB5C,2024-04-24,2024-04-24 07:15:28,0.641657,HIGH,0.90308,0.579639,0.352554,0.666667,1.0,0.0,VELOCITY: 10 transactions from HELIX_PAYMENTS_145 in 300s window | CIRCULAR FLOW: HELIX_PAYMENTS_145 participates in a transaction cycle,HELIX_PAYMENTS_145,VORTEX_CREDIT_104
461,C2C2A9EE3E5B21C1,2024-04-24,2024-04-24 07:15:41,0.661957,HIGH,0.848524,0.579639,0.352554,0.733333,1.0,0.6,"VELOCITY: 11 transactions from HELIX_PAYMENTS_145 in 300s window | CIRCULAR FLOW: HELIX_PAYMENTS_145 participates in a transaction cycle | HIGH-RISK JX: Jurisdiction LI flagged ($13,435)",HELIX_PAYMENTS_145,PRIME_HOLDINGS_039
462,E64AD7808E176B47,2024-04-24,2024-04-24 07:16:07,0.689575,HIGH,0.851694,0.579639,0.352554,0.8,1.0,1.0,"VELOCITY: 12 transactions from HELIX_PAYMENTS_145 in 300s window | CIRCULAR FLOW: HELIX_PAYMENTS_145 participates in a transaction cycle | HIGH-RISK JX: Both jurisdictions flagged (KY → PA) for $11,307",HELIX_PAYMENTS_145,STRATUS_FUND_017
463,3FBAF07A1C360214,2024-04-24,2024-04-24 07:16:23,0.710261,HIGH,0.834984,0.774804,0.352554,0.866667,1.0,0.6,"STRUCTURING: 7 sub-threshold transactions totalling $33,206 (avg $4,744) within 60 min window | VELOCITY: 13 transactions from HELIX_PAYMENTS_145 in 300s window | CIRCULAR FLOW: HELIX_PAYMENTS_145 participates in a transaction cycle | HIGH-RISK JX: Jurisdiction LI flagged ($4,224)",HELIX_PAYMENTS_145,CORONA_CLEARING_116
464,884F3027FBB02A4C,2024-04-24,2024-04-24 07:17:05,0.74511,HIGH,0.878794,1.0,0.352554,0.933333,1.0,0.0,"STRUCTURING: 8 sub-threshold transactions totalling $38,901 (avg $4,863) within 60 min window | VELOCITY: 14 transactions from HELIX_PAYMENTS_145 in 300s window | CIRCULAR FLOW: HELIX_PAYMENTS_145 participates in a transaction cycle",HELIX_PAYMENTS_145,ECLIPSE_HOLDINGS_149
465,EAA286CEEBDDC607,2024-04-24,2024-04-24 07:17:41,0.79025,HIGH,0.907039,1.0,0.352554,1.0,1.0,0.6,"VELOCITY: 15 transactions from HELIX_PAYMENTS_145 in 300s window | CIRCULAR FLOW: HELIX_PAYMENTS_145 participates in a transaction cycle | HIGH-RISK JX: Jurisdiction MT flagged ($12,883)",HELIX_PAYMENTS_145,PRIME_HOLDINGS_119
466,884394BA24F7E99D,2024-04-24,2024-04-24 07:18:32,0.782993,HIGH,0.882848,1.0,0.352554,1.0,1.0,0.6,"STRUCTURING: 9 sub-threshold transactions totalling $44,771 (avg $4,975) within 60 min window | VELOCITY: 16 transactions from HELIX_PAYMENTS_145 in 300s window | CIRCULAR FLOW: HELIX_PAYMENTS_145 participates in a transaction cycle | HIGH-RISK JX: Jurisdiction CY flagged ($5,870)",HELIX_PAYMENTS_145,OBSIDIAN_PARTNERS_008
467,9DC5D41BA95D492D,2024-04-24,2024-04-24 07:19:47,0.778021,HIGH,0.910721,1.0,0.352554,0.866667,1.0,0.6,"VELOCITY: 13 transactions from HELIX_PAYMENTS_145 in 300s window | CIRCULAR FLOW: HELIX_PAYMENTS_145 participates in a transaction cycle | HIGH-RISK JX: Jurisdiction VG flagged ($11,806)",HELIX_PAYMENTS_145,ATLAS_BANCORP_022
468,3A56FFE761489A32,2024-04-25,2024-04-25 17:06:25,0.638983,HIGH,0.81943,0.591486,0.259426,0.6,1.0,1.0,"STRUCTURING: 7 sub-threshold transactions totalling $25,349 (avg $3,621) within 60 min window | VELOCITY: 9 transactions from AXIOM_PARTNERS_058 in 300s window | CIRCULAR FLOW: AXIOM_PARTNERS_058 participates in a transaction cycle | HIGH-RISK JX: Both jurisdictions flagged (VG → KY) for $6,243",AXIOM_PARTNERS_058,ZENITH_FUND_087
469,CC280B60B91A5038,2024-04-25,2024-04-25 17:06:27,0.656557,HIGH,0.922456,0.591486,0.259426,0.666667,1.0,0.6,"VELOCITY: 10 transactions from AXIOM_PARTNERS_058 in 300s window | CIRCULAR FLOW: AXIOM_PARTNERS_058 participates in a transaction cycle | HIGH-RISK JX: Jurisdiction AE flagged ($12,489)",AXIOM_PARTNERS_058,NOVA_TRUST_141
470,ECF6B4CD9DDE3051,2024-04-25,2024-04-25 17:07:27,0.67143,HIGH,0.883142,0.591486,0.259426,0.733333,1.0,1.0,"VELOCITY: 11 transactions from AXIOM_PARTNERS_058 in 300s window | CIRCULAR FLOW: AXIOM_PARTNERS_058 participates in a transaction cycle | HIGH-RISK JX: Both jurisdictions flagged (CY → LI) for $11,801",AXIOM_PARTNERS_058,DELTA_BANCORP_052
471,4D2D95977BB7F5,2024-04-25,2024-04-25 17:07:30,0.694976,HIGH,0.939407,0.591486,0.259426,0.8,1.0,1.0,"VELOCITY: 12 transactions from AXIOM_PARTNERS_058 in 300s window | CIRCULAR FLOW: AXIOM_PARTNERS_058 participates in a transaction cycle | HIGH-RISK JX: Both jurisdictions flagged (CY → VG) for $11,502",AXIOM_PARTNERS_058,SOLARIS_FIN_123
472,29367FB3B2CE4EDA,2024-04-25,2024-04-25 17:08:20,0.718501,HIGH,0.860531,0.894095,0.259426,0.866667,1.0,0.6,"STRUCTURING: 8 sub-threshold transactions totalling $33,529 (avg $4,191) within 60 min window | VELOCITY: 13 transactions from AXIOM_PARTNERS_058 in 300s window | CIRCULAR FLOW: AXIOM_PARTNERS_058 participates in a transaction cycle | HIGH-RISK JX: Jurisdiction PA flagged ($8,179)",AXIOM_PARTNERS_058,CIPHER_CAPITAL_050
473,C8836843DC501C0A,2024-04-25,2024-04-25 17:08:27,0.737782,HIGH,0.931975,1.0,0.259426,0.933333,1.0,0.0,"STRUCTURING: 9 sub-threshold transactions totalling $41,635 (avg $4,626) within 60 min window | VELOCITY: 14 transactions from AXIOM_PARTNERS_058 in 300s window | CIRCULAR FLOW: AXIOM_PARTNERS_058 participates in a transaction cycle",AXIOM_PARTNERS_058,NOVA_TRUST_041
474,953E7B7BAD52EB83,2024-04-25,2024-04-25 17:08:33,0.781867,HIGH,0.956701,1.0,0.259426,1.0,1.0,0.6,"STRUCTURING: 10 sub-threshold transactions totalling $42,553 (avg $4,255) within 60 min window | VELOCITY: 15 transactions from AXIOM_PARTNERS_058 in 300s window | CIRCULAR FLOW: AXIOM_PARTNERS_058 participates in a transaction cycle | HIGH-RISK JX: Jurisdiction LI flagged ($918)",AXIOM_PARTNERS_058,MERIDIAN_CAPITAL_160
475,FA1DC4719D9DC6E6,2024-04-25,2024-04-25 17:10:27,0.738969,HIGH,0.880374,1.0,0.259426,0.8,1.0,0.6,"STRUCTURING: 11 sub-threshold transactions totalling $50,566 (avg $4,597) within 60 min window | VELOCITY: 12 transactions from AXIOM_PARTNERS_058 in 300s window | CIRCULAR FLOW: AXIOM_PARTNERS_058 participates in a transaction cycle | HIGH-RISK JX: Jurisdiction MT flagged ($8,013)",AXIOM_PARTNERS_058,OMEGA_FIN_193
476,FE220A1F752C07CA,2024-04-25,2024-04-25 17:10:33,0.753942,HIGH,0.930285,1.0,0.259426,0.8,1.0,0.6,"STRUCTURING: 12 sub-threshold transactions totalling $53,643 (avg $4,470) within 60 min window | VELOCITY: 12 transactions from AXIOM_PARTNERS_058 in 300s window | CIRCULAR FLOW: AXIOM_PARTNERS_058 participates in a transaction cycle | HIGH-RISK JX: Jurisdiction KY flagged ($3,077)",AXIOM_PARTNERS_058,PRIME_HOLDINGS_079
477,BA7948284EBEB984,2024-04-25,2024-04-25 17:11:14,0.761988,HIGH,0.934881,1.0,0.259426,0.666667,1.0,1.0,"VELOCITY: 10 transactions from AXIOM_PARTNERS_058 in 300s window | CIRCULAR FLOW: AXIOM_PARTNERS_058 participates in a transaction cycle | HIGH-RISK JX: Both jurisdictions flagged (LI → PA) for $14,618",AXIOM_PARTNERS_058,DELTA_BANCORP_152
478,037F377DA37025AA,2024-04-30,2024-04-30 13:39:18,0.650449,HIGH,0.748783,1.0,0.276591,0.066667,1.0,1.0,"STRUCTURING: 6 sub-threshold transactions totalling $55,935 (avg $9,323) within 60 min window | CIRCULAR FLOW: ZENITH_FUND_107 participates in a transaction cycle | HIGH-RISK JX: Both jurisdictions flagged (AE → CY) for $9,427",ZENITH_FUND_107,MERIDIAN_CAPITAL_080
479,070C6E67FED95E9F,2024-05-02,2024-05-02 04:02:03,0.600535,HIGH,0.822746,0.501707,0.280146,0.333333,1.0,1.0,"STRUCTURING: 5 sub-threshold transactions totalling $30,102 (avg $6,020) within 60 min window | VELOCITY: 5 transactions from CIPHER_CAPITAL_090 in 300s window | CIRCULAR FLOW: CIPHER_CAPITAL_090 participates in a transaction cycle | HIGH-RISK JX: Both jurisdictions flagged (VG → PA) for $3,122",CIPHER_CAPITAL_090,PRIME_HOLDINGS_099
480,BA10AF6417EE19F1,2024-05-02,2024-05-02 04:02:23,0.639789,HIGH,0.850711,0.622698,0.280146,0.4,1.0,1.0,"STRUCTURING: 6 sub-threshold transactions totalling $31,135 (avg $5,189) within 60 min window | VELOCITY: 6 transactions from CIPHER_CAPITAL_090 in 300s window | CIRCULAR FLOW: CIPHER_CAPITAL_090 participates in a transaction cycle | HIGH-RISK JX: Both jurisdictions flagged (MT → AE) for $1,033",CIPHER_CAPITAL_090,ATLAS_BANCORP_062
481,49F6710A6DE72B24,2024-05-02,2024-05-02 04:02:29,0.683851,HIGH,0.884982,0.758268,0.280146,0.466667,1.0,1.0,"STRUCTURING: 7 sub-threshold transactions totalling $32,497 (avg $4,642) within 60 min window | VELOCITY: 7 transactions from CIPHER_CAPITAL_090 in 300s window | CIRCULAR FLOW: CIPHER_CAPITAL_090 participates in a transaction cycle | HIGH-RISK JX: Both jurisdictions flagged (KY → VG) for $1,362",CIPHER_CAPITAL_090,ATLAS_BANCORP_122
482,C1690274BA461795,2024-05-02,2024-05-02 04:02:37,0.681605,HIGH,0.926354,0.901645,0.280146,0.533333,1.0,0.0,"STRUCTURING: 8 sub-threshold transactions totalling $33,812 (avg $4,226) within 60 min window | VELOCITY: 8 transactions from CIPHER_CAPITAL_090 in 300s window | CIRCULAR FLOW: CIPHER_CAPITAL_090 participates in a transaction cycle",CIPHER_CAPITAL_090,AXIOM_PARTNERS_118
483,0F7E612FFF7849B4,2024-05-02,2024-05-02 04:02:43,0.703506,HIGH,0.977135,0.901645,0.280146,0.6,1.0,0.0,VELOCITY: 9 transactions from CIPHER_CAPITAL_090 in 300s window | CIRCULAR FLOW: CIPHER_CAPITAL_090 participates in a transaction cycle,CIPHER_CAPITAL_090,ATLAS_BANCORP_162
484,AA30FF969E79F1B1,2024-05-02,2024-05-02 04:03:26,0.757921,HIGH,0.904058,1.0,0.280146,0.666667,1.0,1.0,"STRUCTURING: 9 sub-threshold transactions totalling $38,206 (avg $4,245) within 60 min window | VELOCITY: 10 transactions from CIPHER_CAPITAL_090 in 300s window | CIRCULAR FLOW: CIPHER_CAPITAL_090 participates in a transaction cycle | HIGH-RISK JX: Both jurisdictions flagged (AE → KY) for $4,394",CIPHER_CAPITAL_090,DELTA_BANCORP_032
485,962BB3319915651,2024-05-02,2024-05-02 04:03:27,0.77337,HIGH,1.0,1.0,0.280146,0.733333,1.0,0.6,"STRUCTURING: 10 sub-threshold transactions totalling $39,850 (avg $3,985) within 60 min window | VELOCITY: 11 transactions from CIPHER_CAPITAL_090 in 300s window | CIRCULAR FLOW: CIPHER_CAPITAL_090 participates in a transaction cycle | HIGH-RISK JX: Jurisdiction LI flagged ($1,644)",CIPHER_CAPITAL_090,CIPHER_CAPITAL_070
486,97D31C7AA509E57E,2024-05-04,2024-05-04 23:23:15,0.615974,HIGH,0.802846,0.601444,0.259327,0.6,1.0,0.6,"STRUCTURING: 5 sub-threshold transactions totalling $36,087 (avg $7,217) within 60 min window | VELOCITY: 9 transactions from APEX_CREDIT_014 in 300s window | CIRCULAR FLOW: APEX_CREDIT_014 participates in a transaction cycle | HIGH-RISK JX: Jurisdiction AE flagged ($9,143)",APEX_CREDIT_014,HELIX_PAYMENTS_045
487,6683CEE1CB630418,2024-05-04,2024-05-04 23:24:23,0.666364,HIGH,0.857031,0.88878,0.259327,0.666667,1.0,0.0,"STRUCTURING: 6 sub-threshold transactions totalling $44,439 (avg $7,406) within 60 min window | VELOCITY: 10 transactions from APEX_CREDIT_014 in 300s window | CIRCULAR FLOW: APEX_CREDIT_014 participates in a transaction cycle",APEX_CREDIT_014,ZENITH_FUND_187
488,06118606C7847675,2024-05-04,2024-05-04 23:24:28,0.698765,HIGH,0.942814,0.88878,0.259327,0.733333,1.0,0.0,VELOCITY: 11 transactions from APEX_CREDIT_014 in 300s window | CIRCULAR FLOW: APEX_CREDIT_014 participates in a transaction cycle,APEX_CREDIT_014,PRIME_HOLDINGS_019
489,5B0DCC7F6B733D3A,2024-05-04,2024-05-04 23:24:34,0.721539,HIGH,0.896503,0.88878,0.259327,0.8,1.0,0.6,"VELOCITY: 12 transactions from APEX_CREDIT_014 in 300s window | CIRCULAR FLOW: APEX_CREDIT_014 participates in a transaction cycle | HIGH-RISK JX: Jurisdiction MT flagged ($11,937)",APEX_CREDIT_014,NOVA_TRUST_081
490,1722C19E8998953D,2024-05-05,2024-05-05 16:36:04,0.659214,HIGH,0.769548,0.481084,0.621864,0.266667,1.0,1.0,"STRUCTURING: 4 sub-threshold transactions totalling $36,081 (avg $9,020) within 60 min window | CIRCULAR FLOW: VERTEX_PAYMENTS_035 participates in a transaction cycle | LAYERING: Multi-hop indicator 0.00, betweenness 0.1035 for VERTEX_PAYMENTS_035 | HIGH-RISK JX: Both jurisdictions flagged (CY → VG) for $8,177",VERTEX_PAYMENTS_035,SOLARIS_FIN_063
491,5A6E32794426C173,2024-05-05,2024-05-05 16:36:05,0.740703,HIGH,0.897559,0.763182,0.621864,0.333333,1.0,0.6,"STRUCTURING: 5 sub-threshold transactions totalling $45,791 (avg $9,158) within 60 min window | VELOCITY: 5 transactions from VERTEX_PAYMENTS_035 in 300s window | CIRCULAR FLOW: VERTEX_PAYMENTS_035 participates in a transaction cycle | LAYERING: Multi-hop indicator 0.00, betweenness 0.1035 for VERTEX_PAYMENTS_035 | HIGH-RISK JX: Jurisdiction AE flagged ($9,710)",VERTEX_PAYMENTS_035,OMEGA_FIN_053
492,849CDAB1484C3AB3,2024-05-05,2024-05-05 16:42:16,0.73134,HIGH,0.797358,1.0,0.621864,0.066667,1.0,0.6,"STRUCTURING: 6 sub-threshold transactions totalling $53,924 (avg $8,987) within 60 min window | CIRCULAR FLOW: VERTEX_PAYMENTS_035 participates in a transaction cycle | LAYERING: Multi-hop indicator 0.00, betweenness 0.1035 for VERTEX_PAYMENTS_035 | HIGH-RISK JX: Jurisdiction PA flagged ($8,133)",VERTEX_PAYMENTS_035,ZENITH_FUND_047
493,BCF5FE67EA3E30A4,2024-05-05,2024-05-05 16:58:56,0.731666,HIGH,0.798443,1.0,0.621864,0.066667,1.0,0.6,"STRUCTURING: 7 sub-threshold transactions totalling $63,076 (avg $9,011) within 60 min window | CIRCULAR FLOW: VERTEX_PAYMENTS_035 participates in a transaction cycle | LAYERING: Multi-hop indicator 0.00, betweenness 0.1035 for VERTEX_PAYMENTS_035 | HIGH-RISK JX: Jurisdiction KY flagged ($9,152)",VERTEX_PAYMENTS_035,HELIX_PAYMENTS_005
494,7B4F3F423B130F9F,2024-05-08,2024-05-08 17:48:12,0.633763,HIGH,0.773469,0.762447,0.450266,0.066667,1.0,0.6,"STRUCTURING: 5 sub-threshold transactions totalling $45,747 (avg $9,149) within 60 min window | CIRCULAR FLOW: QUANTUM_CLEARING_186 participates in a transaction cycle | HIGH-RISK JX: Jurisdiction MT flagged ($9,260)",QUANTUM_CLEARING_186,ZENITH_FUND_027
495,E95369FD939F1D3C,2024-05-10,2024-05-10 07:31:19,0.614841,HIGH,0.795379,0.50751,0.338903,0.6,1.0,0.6,"VELOCITY: 9 transactions from VORTEX_CREDIT_184 in 300s window | CIRCULAR FLOW: VORTEX_CREDIT_184 participates in a transaction cycle | HIGH-RISK JX: Jurisdiction AE flagged ($14,604)",VORTEX_CREDIT_184,NOVA_TRUST_181
496,8BC45DD7C73BC222,2024-05-10,2024-05-10 07:32:22,0.637773,HIGH,0.782927,0.50751,0.338903,0.666667,1.0,1.0,"VELOCITY: 10 transactions from VORTEX_CREDIT_184 in 300s window | CIRCULAR FLOW: VORTEX_CREDIT_184 participates in a transaction cycle | HIGH-RISK JX: Both jurisdictions flagged (MT → LI) for $10,625",VORTEX_CREDIT_184,ZENITH_FUND_027
497,1E9FD694EB2007AD,2024-05-10,2024-05-10 07:32:22,0.709561,HIGH,1.0,0.50751,0.338903,0.733333,1.0,1.0,"VELOCITY: 11 transactions from VORTEX_CREDIT_184 in 300s window | CIRCULAR FLOW: VORTEX_CREDIT_184 participates in a transaction cycle | HIGH-RISK JX: Both jurisdictions flagged (AE → AE) for $14,907",VORTEX_CREDIT_184,OBSIDIAN_PARTNERS_048
498,4E9B6252361AEA35,2024-05-10,2024-05-10 07:32:57,0.647623,HIGH,0.833744,0.663872,0.338903,0.8,1.0,0.0,"STRUCTURING: 6 sub-threshold transactions totalling $33,194 (avg $5,532) within 60 min window | VELOCITY: 12 transactions from VORTEX_CREDIT_184 in 300s window | CIRCULAR FLOW: VORTEX_CREDIT_184 participates in a transaction cycle",VORTEX_CREDIT_184,CIPHER_CAPITAL_110
499,7B2BCD87BAAE4FC9,2024-05-10,2024-05-10 07:33:10,0.765371,HIGH,0.815629,0.996447,0.338903,0.866667,1.0,1.0,"STRUCTURING: 7 sub-threshold transactions totalling $42,705 (avg $6,101) within 60 min window | VELOCITY: 13 transactions from VORTEX_CREDIT_184 in 300s window | CIRCULAR FLOW: VORTEX_CREDIT_184 participates in a transaction cycle | HIGH-RISK JX: Both jurisdictions flagged (MT → VG) for $9,511",VORTEX_CREDIT_184,SOLARIS_FIN_083
500,1FA45143F5FE1A9B,2024-05-10,2024-05-10 07:33:46,0.771213,HIGH,0.877179,1.0,0.338903,0.933333,1.0,0.6,"STRUCTURING: 8 sub-threshold transactions totalling $43,226 (avg $5,403) within 60 min window | VELOCITY: 14 transactions from VORTEX_CREDIT_184 in 300s window | CIRCULAR FLOW: VORTEX_CREDIT_184 participates in a transaction cycle | HIGH-RISK JX: Jurisdiction VG flagged ($521)",VORTEX_CREDIT_184,NEXUS_TRUST_091
501,803C7F8491BEE1B2,2024-05-10,2024-05-10 07:34:09,0.781951,HIGH,0.889765,1.0,0.340087,1.0,1.0,0.6,"VELOCITY: 15 transactions from VORTEX_CREDIT_184 in 300s window | CIRCULAR FLOW: VORTEX_CREDIT_184 participates in a transaction cycle | HIGH-RISK JX: Jurisdiction VG flagged ($12,331)",VORTEX_CREDIT_184,MERIDIAN_CAPITAL_040
502,2A2DCDF5E7797669,2024-05-10,2024-05-10 07:34:38,0.785022,HIGH,1.0,1.0,0.340087,1.0,1.0,0.0,"STRUCTURING: 9 sub-threshold transactions totalling $45,150 (avg $5,017) within 60 min window | VELOCITY: 15 transactions from VORTEX_CREDIT_184 in 300s window | CIRCULAR FLOW: VORTEX_CREDIT_184 participates in a transaction cycle",VORTEX_CREDIT_184,APEX_CREDIT_194
503,410C13E7853CF186,2024-05-10,2024-05-10 07:34:40,0.806132,CRITICAL,0.970368,1.0,0.340087,1.0,1.0,0.6,"VELOCITY: 16 transactions from VORTEX_CREDIT_184 in 300s window | CIRCULAR FLOW: VORTEX_CREDIT_184 participates in a transaction cycle | HIGH-RISK JX: Jurisdiction VG flagged ($13,902)",VORTEX_CREDIT_184,NEXUS_TRUST_011
504,AFC5BFDE4B631689,2024-05-10,2024-05-10 07:35:22,0.783329,HIGH,0.849914,1.0,0.340087,0.933333,1.0,1.0,"STRUCTURING: 10 sub-threshold transactions totalling $47,820 (avg $4,782) within 60 min window | VELOCITY: 14 transactions from VORTEX_CREDIT_184 in 300s window | CIRCULAR FLOW: VORTEX_CREDIT_184 participates in a transaction cycle | HIGH-RISK JX: Both jurisdictions flagged (PA → AE) for $2,670",VORTEX_CREDIT_184,AXIOM_PARTNERS_058
505,48815F29E3047168,2024-05-10,2024-05-10 07:36:14,0.749245,HIGH,0.847411,1.0,0.340087,0.8,1.0,0.6,"VELOCITY: 12 transactions from VORTEX_CREDIT_184 in 300s window | CIRCULAR FLOW: VORTEX_CREDIT_184 participates in a transaction cycle | HIGH-RISK JX: Jurisdiction AE flagged ($14,305)",VORTEX_CREDIT_184,OMEGA_FIN_013
506,F44AD4117E1D4AF9,2024-05-10,2024-05-10 07:36:49,0.728095,HIGH,0.899133,1.0,0.340087,0.733333,1.0,0.0,"STRUCTURING: 11 sub-threshold transactions totalling $48,871 (avg $4,443) within 60 min window | VELOCITY: 11 transactions from VORTEX_CREDIT_184 in 300s window | CIRCULAR FLOW: VORTEX_CREDIT_184 participates in a transaction cycle",VORTEX_CREDIT_184,OBSIDIAN_PARTNERS_008
507,822CF6C123324189,2024-05-10,2024-05-10 13:36:35,0.618791,HIGH,0.754465,0.523373,0.417776,0.533333,1.0,0.6,"STRUCTURING: 5 sub-threshold transactions totalling $31,402 (avg $6,280) within 60 min window | VELOCITY: 8 transactions from PRIME_HOLDINGS_019 in 300s window | CIRCULAR FLOW: PRIME_HOLDINGS_019 participates in a transaction cycle | HIGH-RISK JX: Jurisdiction MT flagged ($6,631)",PRIME_HOLDINGS_019,MERIDIAN_CAPITAL_040
508,8E6A3A4E64E4E61D,2024-05-10,2024-05-10 13:36:56,0.668038,HIGH,0.755738,0.734364,0.417776,0.6,1.0,0.6,"STRUCTURING: 6 sub-threshold transactions totalling $36,718 (avg $6,120) within 60 min window | VELOCITY: 9 transactions from PRIME_HOLDINGS_019 in 300s window | CIRCULAR FLOW: PRIME_HOLDINGS_019 participates in a transaction cycle | HIGH-RISK JX: Jurisdiction KY flagged ($5,316)",PRIME_HOLDINGS_019,AXIOM_PARTNERS_138
509,5D66DCABC17329A3,2024-05-10,2024-05-10 13:37:14,0.740764,HIGH,0.772502,0.939513,0.417776,0.666667,1.0,1.0,"STRUCTURING: 7 sub-threshold transactions totalling $40,265 (avg $5,752) within 60 min window | VELOCITY: 10 transactions from PRIME_HOLDINGS_019 in 300s window | CIRCULAR FLOW: PRIME_HOLDINGS_019 participates in a transaction cycle | HIGH-RISK JX: Both jurisdictions flagged (PA → CY) for $3,547",PRIME_HOLDINGS_019,QUANTUM_CLEARING_006
510,8092F5F35C71A9E8,2024-05-10,2024-05-10 13:37:20,0.75253,HIGH,0.815841,1.0,0.417776,0.733333,1.0,0.6,"STRUCTURING: 8 sub-threshold transactions totalling $45,479 (avg $5,685) within 60 min window | VELOCITY: 11 transactions from PRIME_HOLDINGS_019 in 300s window | CIRCULAR FLOW: PRIME_HOLDINGS_019 participates in a transaction cycle | HIGH-RISK JX: Jurisdiction PA flagged ($5,214)",PRIME_HOLDINGS_019,VORTEX_CREDIT_024
511,73800BDF1241602F,2024-05-10,2024-05-10 13:37:56,0.765204,HIGH,0.835868,1.0,0.417776,0.8,1.0,0.6,"VELOCITY: 12 transactions from PRIME_HOLDINGS_019 in 300s window | CIRCULAR FLOW: PRIME_HOLDINGS_019 participates in a transaction cycle | HIGH-RISK JX: Jurisdiction CY flagged ($12,086)",PRIME_HOLDINGS_019,HELIX_PAYMENTS_185
512,1120E500BBBEAA2C,2024-05-10,2024-05-10 13:38:46,0.767761,HIGH,0.822167,1.0,0.417776,0.866667,1.0,0.6,"STRUCTURING: 9 sub-threshold transactions totalling $52,943 (avg $5,883) within 60 min window | VELOCITY: 13 transactions from PRIME_HOLDINGS_019 in 300s window | CIRCULAR FLOW: PRIME_HOLDINGS_019 participates in a transaction cycle | HIGH-RISK JX: Jurisdiction LI flagged ($7,464)",PRIME_HOLDINGS_019,OBSIDIAN_PARTNERS_108
513,153692111048DB6A,2024-05-10,2024-05-10 13:39:17,0.770362,HIGH,0.908615,1.0,0.417776,0.933333,1.0,0.0,"STRUCTURING: 10 sub-threshold transactions totalling $54,662 (avg $5,466) within 60 min window | VELOCITY: 14 transactions from PRIME_HOLDINGS_019 in 300s window | CIRCULAR FLOW: PRIME_HOLDINGS_019 participates in a transaction cycle",PRIME_HOLDINGS_019,ATLAS_BANCORP_142
514,1408251A12135B6D,2024-05-14,2024-05-14 02:24:15,0.632136,HIGH,0.771074,0.740653,0.330732,0.2,1.0,1.0,"STRUCTURING: 5 sub-threshold transactions totalling $44,439 (avg $8,888) within 60 min window | CIRCULAR FLOW: ATLAS_BANCORP_122 participates in a transaction cycle | HIGH-RISK JX: Both jurisdictions flagged (AE → LI) for $9,182",ATLAS_BANCORP_122,OBSIDIAN_PARTNERS_068
515,2A0A1D798D085436,2024-05-15,2024-05-15 10:34:59,0.634306,HIGH,0.899895,0.450438,0.283666,0.733333,1.0,0.6,"VELOCITY: 11 transactions from QUANTUM_CLEARING_166 in 300s window | CIRCULAR FLOW: QUANTUM_CLEARING_166 participates in a transaction cycle | HIGH-RISK JX: Jurisdiction LI flagged ($13,175)",QUANTUM_CLEARING_166,CIPHER_CAPITAL_010
516,B8BFEAD877E5D66E,2024-05-15,2024-05-15 10:35:38,0.668967,HIGH,0.894953,0.597822,0.283666,0.8,1.0,0.6,"STRUCTURING: 6 sub-threshold transactions totalling $29,891 (avg $4,982) within 60 min window | VELOCITY: 12 transactions from QUANTUM_CLEARING_166 in 300s window | CIRCULAR FLOW: QUANTUM_CLEARING_166 participates in a transaction cycle | HIGH-RISK JX: Jurisdiction MT flagged ($2,865)",QUANTUM_CLEARING_166,MERIDIAN_CAPITAL_060
517,A376139FE9B57F64,2024-05-15,2024-05-15 10:36:04,0.723464,HIGH,0.898676,0.831391,0.283666,0.866667,1.0,0.6,"STRUCTURING: 7 sub-threshold transactions totalling $35,631 (avg $5,090) within 60 min window | VELOCITY: 13 transactions from QUANTUM_CLEARING_166 in 300s window | CIRCULAR FLOW: QUANTUM_CLEARING_166 participates in a transaction cycle | HIGH-RISK JX: Jurisdiction AE flagged ($5,740)",QUANTUM_CLEARING_166,MERIDIAN_CAPITAL_140
518,ABA12C3A959C0FE4,2024-05-15,2024-05-15 10:36:20,0.792746,HIGH,0.928322,1.0,0.283666,0.933333,1.0,1.0,"STRUCTURING: 8 sub-threshold transactions totalling $39,726 (avg $4,966) within 60 min window | VELOCITY: 14 transactions from QUANTUM_CLEARING_166 in 300s window | CIRCULAR FLOW: QUANTUM_CLEARING_166 participates in a transaction cycle | HIGH-RISK JX: Both jurisdictions flagged (KY → VG) for $4,095",QUANTUM_CLEARING_166,ECLIPSE_HOLDINGS_129
519,563F0D552B250A7F,2024-05-15,2024-05-15 10:37:29,0.757225,HIGH,0.921027,1.0,0.283666,0.8,1.0,0.6,"STRUCTURING: 9 sub-threshold transactions totalling $45,896 (avg $5,100) within 60 min window | VELOCITY: 12 transactions from QUANTUM_CLEARING_166 in 300s window | CIRCULAR FLOW: QUANTUM_CLEARING_166 participates in a transaction cycle | HIGH-RISK JX: Jurisdiction MT flagged ($6,170)",QUANTUM_CLEARING_166,AXIOM_PARTNERS_198
520,C13E854413427208,2024-05-15,2024-05-15 10:38:55,0.714218,HIGH,0.911004,1.0,0.283666,0.4,1.0,0.6,"STRUCTURING: 10 sub-threshold transactions totalling $50,838 (avg $5,084) within 60 min window | VELOCITY: 6 transactions from QUANTUM_CLEARING_166 in 300s window | CIRCULAR FLOW: QUANTUM_CLEARING_166 participates in a transaction cycle | HIGH-RISK JX: Jurisdiction LI flagged ($4,942)",QUANTUM_CLEARING_166,STRATUS_FUND_117
521,5E5135A12E2BE3D5,2024-05-17,2024-05-17 13:18:50,0.650977,HIGH,0.737542,1.0,0.292192,0.066667,1.0,1.0,"STRUCTURING: 6 sub-threshold transactions totalling $54,655 (avg $9,109) within 60 min window | CIRCULAR FLOW: DELTA_BANCORP_132 participates in a transaction cycle | HIGH-RISK JX: Both jurisdictions flagged (CY → PA) for $8,183",DELTA_BANCORP_132,STRATUS_FUND_037
522,FDB0315910A5013E,2024-05-20,2024-05-20 20:31:49,0.676033,HIGH,0.925879,1.0,0.259745,0.333333,1.0,0.0,"STRUCTURING: 6 sub-threshold transactions totalling $53,647 (avg $8,941) within 60 min window | VELOCITY: 5 transactions from NEXUS_TRUST_111 in 300s window | CIRCULAR FLOW: NEXUS_TRUST_111 participates in a transaction cycle",NEXUS_TRUST_111,CIPHER_CAPITAL_110
523,3F8ABF8AC8AB6826,2024-05-20,2024-05-20 20:33:24,0.640296,HIGH,0.806756,1.0,0.259745,0.333333,1.0,0.0,"STRUCTURING: 7 sub-threshold transactions totalling $62,501 (avg $8,929) within 60 min window | VELOCITY: 5 transactions from NEXUS_TRUST_111 in 300s window | CIRCULAR FLOW: NEXUS_TRUST_111 participates in a transaction cycle",NEXUS_TRUST_111,CORONA_CLEARING_196
524,4BBE462D68AAF5DC,2024-05-20,2024-05-20 20:48:36,0.656103,HIGH,0.781666,1.0,0.259745,0.066667,1.0,1.0,"STRUCTURING: 8 sub-threshold transactions totalling $72,320 (avg $9,040) within 60 min window | CIRCULAR FLOW: NEXUS_TRUST_111 participates in a transaction cycle | HIGH-RISK JX: Both jurisdictions flagged (AE → CY) for $9,819",NEXUS_TRUST_111,OMEGA_FIN_133
525,1615017197AFDE0E,2024-05-21,2024-05-21 10:32:27,0.648696,HIGH,0.774843,0.726032,0.350815,0.333333,1.0,1.0,"STRUCTURING: 5 sub-threshold transactions totalling $43,562 (avg $8,712) within 60 min window | VELOCITY: 5 transactions from OBSIDIAN_PARTNERS_008 in 300s window | CIRCULAR FLOW: OBSIDIAN_PARTNERS_008 participates in a transaction cycle | HIGH-RISK JX: Both jurisdictions flagged (CY → LI) for $8,454",OBSIDIAN_PARTNERS_008,MERIDIAN_CAPITAL_000
526,87909E066B5335B9,2024-05-21,2024-05-21 10:35:23,0.702876,HIGH,0.795018,1.0,0.350815,0.266667,1.0,1.0,"STRUCTURING: 6 sub-threshold transactions totalling $52,638 (avg $8,773) within 60 min window | CIRCULAR FLOW: OBSIDIAN_PARTNERS_008 participates in a transaction cycle | HIGH-RISK JX: Both jurisdictions flagged (VG → PA) for $9,076",OBSIDIAN_PARTNERS_008,CIPHER_CAPITAL_150
527,8B812D0C6B1D076B,2024-05-21,2024-05-21 10:38:30,0.670392,HIGH,0.797851,1.0,0.350815,0.133333,1.0,0.6,"STRUCTURING: 7 sub-threshold transactions totalling $60,727 (avg $8,675) within 60 min window | CIRCULAR FLOW: OBSIDIAN_PARTNERS_008 participates in a transaction cycle | HIGH-RISK JX: Jurisdiction LI flagged ($8,089)",OBSIDIAN_PARTNERS_008,AXIOM_PARTNERS_138
528,CFFE2845AEA7B245,2024-05-21,2024-05-21 10:56:48,0.672841,HIGH,0.818817,1.0,0.362115,0.066667,1.0,0.6,"STRUCTURING: 8 sub-threshold transactions totalling $70,662 (avg $8,833) within 60 min window | CIRCULAR FLOW: OBSIDIAN_PARTNERS_008 participates in a transaction cycle | HIGH-RISK JX: Jurisdiction MT flagged ($9,935)",OBSIDIAN_PARTNERS_008,ZENITH_FUND_087
529,80C15E45AC35D4FA,2024-05-24,2024-05-24 01:15:09,0.642556,HIGH,0.753817,1.0,0.292311,0.133333,1.0,0.6,"STRUCTURING: 6 sub-threshold transactions totalling $54,469 (avg $9,078) within 60 min window | CIRCULAR FLOW: CIPHER_CAPITAL_030 participates in a transaction cycle | HIGH-RISK JX: Jurisdiction MT flagged ($9,922)",CIPHER_CAPITAL_030,ATLAS_BANCORP_102
530,C751B01477EC2617,2024-05-24,2024-05-24 01:26:03,0.657493,HIGH,0.759163,1.0,0.292311,0.066667,1.0,1.0,"STRUCTURING: 7 sub-threshold transactions totalling $63,181 (avg $9,026) within 60 min window | CIRCULAR FLOW: CIPHER_CAPITAL_030 participates in a transaction cycle | HIGH-RISK JX: Both jurisdictions flagged (AE → MT) for $8,712",CIPHER_CAPITAL_030,HELIX_PAYMENTS_065
531,A085310F6E71F73F,2024-05-29,2024-05-29 08:27:36,0.673619,HIGH,0.852429,0.761372,0.462465,0.2,1.0,0.6,"STRUCTURING: 5 sub-threshold transactions totalling $45,682 (avg $9,136) within 60 min window | CIRCULAR FLOW: MERIDIAN_CAPITAL_000 participates in a transaction cycle | HIGH-RISK JX: Jurisdiction LI flagged ($9,197)",MERIDIAN_CAPITAL_000,ATLAS_BANCORP_162
532,77482CBF6AC5AD5D,2024-05-29,2024-05-29 08:38:23,0.635752,HIGH,0.924609,0.46223,0.277025,0.666667,1.0,0.6,"STRUCTURING: 6 sub-threshold transactions totalling $23,112 (avg $3,852) within 60 min window | VELOCITY: 10 transactions from HELIX_PAYMENTS_085 in 300s window | CIRCULAR FLOW: HELIX_PAYMENTS_085 participates in a transaction cycle | HIGH-RISK JX: Jurisdiction KY flagged ($5,604)",HELIX_PAYMENTS_085,SOLARIS_FIN_023
533,321410AA851C0913,2024-05-29,2024-05-29 08:38:52,0.711958,HIGH,0.903039,0.742286,0.277025,0.733333,1.0,1.0,"STRUCTURING: 7 sub-threshold transactions totalling $31,812 (avg $4,545) within 60 min window | VELOCITY: 11 transactions from HELIX_PAYMENTS_085 in 300s window | CIRCULAR FLOW: HELIX_PAYMENTS_085 participates in a transaction cycle | HIGH-RISK JX: Both jurisdictions flagged (AE → MT) for $8,701",HELIX_PAYMENTS_085,DELTA_BANCORP_192
534,5425D00675FAB58F,2024-05-29,2024-05-29 08:39:15,0.739813,HIGH,0.968523,1.0,0.277025,0.8,1.0,0.0,"STRUCTURING: 8 sub-threshold transactions totalling $37,808 (avg $4,726) within 60 min window | VELOCITY: 12 transactions from HELIX_PAYMENTS_085 in 300s window | CIRCULAR FLOW: HELIX_PAYMENTS_085 participates in a transaction cycle",HELIX_PAYMENTS_085,VERTEX_PAYMENTS_175
535,583E613172B26FFA,2024-05-29,2024-05-29 08:39:15,0.785923,HIGH,1.0,1.0,0.277025,0.866667,1.0,0.6,"STRUCTURING: 9 sub-threshold transactions totalling $44,031 (avg $4,892) within 60 min window | VELOCITY: 13 transactions from HELIX_PAYMENTS_085 in 300s window | CIRCULAR FLOW: HELIX_PAYMENTS_085 participates in a transaction cycle | HIGH-RISK JX: Jurisdiction VG flagged ($6,223)",HELIX_PAYMENTS_085,OMEGA_FIN_033
536,7E85CA6E5C1AAF8B,2024-05-29,2024-05-29 08:39:35,0.79259,HIGH,1.0,1.0,0.277025,0.933333,1.0,0.6,"VELOCITY: 14 transactions from HELIX_PAYMENTS_085 in 300s window | CIRCULAR FLOW: HELIX_PAYMENTS_085 participates in a transaction cycle | HIGH-RISK JX: Jurisdiction CY flagged ($13,935)",HELIX_PAYMENTS_085,QUANTUM_CLEARING_026
537,EA132200D83065DF,2024-05-29,2024-05-29 08:40:43,0.799256,HIGH,1.0,1.0,0.277025,1.0,1.0,0.6,"STRUCTURING: 10 sub-threshold transactions totalling $46,300 (avg $4,630) within 60 min window | VELOCITY: 15 transactions from HELIX_PAYMENTS_085 in 300s window | CIRCULAR FLOW: HELIX_PAYMENTS_085 participates in a transaction cycle | HIGH-RISK JX: Jurisdiction KY flagged ($2,269)",HELIX_PAYMENTS_085,SOLARIS_FIN_063
538,D4E05B0F713AB142,2024-05-31,2024-05-31 01:35:46,0.613079,HIGH,0.870794,0.414603,0.289014,0.466667,1.0,1.0,"STRUCTURING: 6 sub-threshold transactions totalling $20,730 (avg $3,455) within 60 min window | VELOCITY: 7 transactions from ZENITH_FUND_007 in 300s window | CIRCULAR FLOW: ZENITH_FUND_007 participates in a transaction cycle | HIGH-RISK JX: Both jurisdictions flagged (AE → MT) for $2,899",ZENITH_FUND_007,OBSIDIAN_PARTNERS_148
539,0971EA02E1A68ABC,2024-05-31,2024-05-31 01:35:46,0.697542,HIGH,0.982801,0.635575,0.289014,0.533333,1.0,1.0,"STRUCTURING: 7 sub-threshold transactions totalling $27,239 (avg $3,891) within 60 min window | VELOCITY: 8 transactions from ZENITH_FUND_007 in 300s window | CIRCULAR FLOW: ZENITH_FUND_007 participates in a transaction cycle | HIGH-RISK JX: Both jurisdictions flagged (MT → VG) for $6,509",ZENITH_FUND_007,VORTEX_CREDIT_084
540,962977CEC89FADD4,2024-05-31,2024-05-31 01:36:10,0.714099,HIGH,0.914394,0.787636,0.289014,0.6,1.0,1.0,"STRUCTURING: 8 sub-threshold transactions totalling $29,536 (avg $3,692) within 60 min window | VELOCITY: 9 transactions from ZENITH_FUND_007 in 300s window | CIRCULAR FLOW: ZENITH_FUND_007 participates in a transaction cycle | HIGH-RISK JX: Both jurisdictions flagged (KY → LI) for $2,297",ZENITH_FUND_007,CORONA_CLEARING_176
541,929ED541CAE22365,2024-05-31,2024-05-31 01:36:22,0.741261,HIGH,0.907804,1.0,0.289014,0.666667,1.0,0.6,"STRUCTURING: 9 sub-threshold transactions totalling $36,486 (avg $4,054) within 60 min window | VELOCITY: 10 transactions from ZENITH_FUND_007 in 300s window | CIRCULAR FLOW: ZENITH_FUND_007 participates in a transaction cycle | HIGH-RISK JX: Jurisdiction PA flagged ($6,950)",ZENITH_FUND_007,STRATUS_FUND_177
542,470FD74F84456088,2024-05-31,2024-05-31 01:36:27,0.731934,HIGH,0.95449,1.0,0.289014,0.733333,1.0,0.0,"STRUCTURING: 10 sub-threshold transactions totalling $44,915 (avg $4,492) within 60 min window | VELOCITY: 11 transactions from ZENITH_FUND_007 in 300s window | CIRCULAR FLOW: ZENITH_FUND_007 participates in a transaction cycle",ZENITH_FUND_007,NEXUS_TRUST_051
543,F6372F6C9F9C0F82,2024-05-31,2024-05-31 01:36:36,0.795355,HIGH,0.977005,1.0,0.289014,0.8,1.0,1.0,"VELOCITY: 12 transactions from ZENITH_FUND_007 in 300s window | CIRCULAR FLOW: ZENITH_FUND_007 participates in a transaction cycle | HIGH-RISK JX: Both jurisdictions flagged (MT → CY) for $14,360",ZENITH_FUND_007,AXIOM_PARTNERS_178
544,0DA3648ED68DB01,2024-05-31,2024-05-31 01:36:50,0.75892,HIGH,1.0,1.0,0.289014,0.866667,1.0,0.0,VELOCITY: 13 transactions from ZENITH_FUND_007 in 300s window | CIRCULAR FLOW: ZENITH_FUND_007 participates in a transaction cycle,ZENITH_FUND_007,NEXUS_TRUST_131
545,233F4C75A720F2A1,2024-05-31,2024-05-31 01:37:44,0.815587,CRITICAL,1.0,1.0,0.289014,0.933333,1.0,1.0,"STRUCTURING: 11 sub-threshold transactions totalling $45,758 (avg $4,160) within 60 min window | VELOCITY: 14 transactions from ZENITH_FUND_007 in 300s window | CIRCULAR FLOW: ZENITH_FUND_007 participates in a transaction cycle | HIGH-RISK JX: Both jurisdictions flagged (VG → VG) for $843",ZENITH_FUND_007,DELTA_BANCORP_032
546,51BF4302C8DDEACD,2024-05-31,2024-05-31 01:37:49,0.800479,CRITICAL,0.994086,1.0,0.289014,1.0,1.0,0.6,"STRUCTURING: 12 sub-threshold transactions totalling $51,011 (avg $4,251) within 60 min window | VELOCITY: 15 transactions from ZENITH_FUND_007 in 300s window | CIRCULAR FLOW: ZENITH_FUND_007 participates in a transaction cycle | HIGH-RISK JX: Jurisdiction CY flagged ($5,253)",ZENITH_FUND_007,NOVA_TRUST_061
547,F7C11CC1A1EB4F36,2024-05-31,2024-05-31 01:37:53,0.802253,CRITICAL,1.0,1.0,0.289014,1.0,1.0,0.6,"STRUCTURING: 13 sub-threshold transactions totalling $51,636 (avg $3,972) within 60 min window | VELOCITY: 16 transactions from ZENITH_FUND_007 in 300s window | CIRCULAR FLOW: ZENITH_FUND_007 participates in a transaction cycle | HIGH-RISK JX: Jurisdiction PA flagged ($625)",ZENITH_FUND_007,OBSIDIAN_PARTNERS_068
548,486B339D5B4C0397,2024-05-31,2024-05-31 01:38:10,0.772253,HIGH,1.0,1.0,0.289014,1.0,1.0,0.0,"STRUCTURING: 14 sub-threshold transactions totalling $60,633 (avg $4,331) within 60 min window | VELOCITY: 17 transactions from ZENITH_FUND_007 in 300s window | CIRCULAR FLOW: ZENITH_FUND_007 participates in a transaction cycle",ZENITH_FUND_007,MERIDIAN_CAPITAL_040
549,4C418A168BAD072C,2024-05-31,2024-05-31 01:38:43,0.802253,CRITICAL,1.0,1.0,0.289014,1.0,1.0,0.6,"STRUCTURING: 15 sub-threshold transactions totalling $62,820 (avg $4,188) within 60 min window | VELOCITY: 18 transactions from ZENITH_FUND_007 in 300s window | CIRCULAR FLOW: ZENITH_FUND_007 participates in a transaction cycle | HIGH-RISK JX: Jurisdiction PA flagged ($2,187)",ZENITH_FUND_007,QUANTUM_CLEARING_146
550,1084BB23C66922FB,2024-05-31,2024-05-31 01:40:42,0.799863,HIGH,0.969809,1.0,0.289014,0.866667,1.0,1.0,"STRUCTURING: 16 sub-threshold transactions totalling $66,493 (avg $4,156) within 60 min window | VELOCITY: 13 transactions from ZENITH_FUND_007 in 300s window | CIRCULAR FLOW: ZENITH_FUND_007 participates in a transaction cycle | HIGH-RISK JX: Both jurisdictions flagged (KY → PA) for $3,673",ZENITH_FUND_007,SOLARIS_FIN_143
551,BFD11498D757ECD4,2024-05-31,2024-05-31 01:41:59,0.71892,HIGH,1.0,1.0,0.289014,0.466667,1.0,0.0,VELOCITY: 7 transactions from ZENITH_FUND_007 in 300s window | CIRCULAR FLOW: ZENITH_FUND_007 participates in a transaction cycle,ZENITH_FUND_007,VERTEX_PAYMENTS_155
552,E5893784F6956DC7,2024-05-31,2024-05-31 16:53:27,0.627465,HIGH,0.944772,0.290653,0.463612,0.2,1.0,1.0,"STRUCTURING: 3 sub-threshold transactions totalling $29,065 (avg $9,688) within 60 min window | CIRCULAR FLOW: MERIDIAN_CAPITAL_000 participates in a transaction cycle | HIGH-RISK JX: Both jurisdictions flagged (PA → PA) for $9,838",MERIDIAN_CAPITAL_000,AXIOM_PARTNERS_158
553,4B002032EA7CB190,2024-05-31,2024-05-31 16:56:48,0.618325,HIGH,0.829898,0.517261,0.463612,0.2,1.0,0.6,"STRUCTURING: 4 sub-threshold transactions totalling $38,795 (avg $9,699) within 60 min window | CIRCULAR FLOW: MERIDIAN_CAPITAL_000 participates in a transaction cycle | HIGH-RISK JX: Jurisdiction LI flagged ($9,729)",MERIDIAN_CAPITAL_000,APEX_CREDIT_034
554,414EEDDE4067873A,2024-05-31,2024-05-31 17:09:07,0.669135,HIGH,0.86574,0.784217,0.463612,0.066667,1.0,0.6,"STRUCTURING: 5 sub-threshold transactions totalling $47,053 (avg $9,411) within 60 min window | CIRCULAR FLOW: MERIDIAN_CAPITAL_000 participates in a transaction cycle | HIGH-RISK JX: Jurisdiction AE flagged ($8,258)",MERIDIAN_CAPITAL_000,NEXUS_TRUST_111
555,7C39896036D4A5D2,2024-06-03,2024-06-03 05:06:37,0.634866,HIGH,0.824089,1.0,0.297225,0.133333,1.0,0.0,"STRUCTURING: 6 sub-threshold transactions totalling $52,677 (avg $8,779) within 60 min window | CIRCULAR FLOW: ECLIPSE_HOLDINGS_009 participates in a transaction cycle",ECLIPSE_HOLDINGS_009,QUANTUM_CLEARING_006
556,2799EDA624B30EEA,2024-06-03,2024-06-03 05:07:29,0.682286,HIGH,0.793267,1.0,0.297225,0.2,1.0,1.0,"STRUCTURING: 7 sub-threshold transactions totalling $62,286 (avg $8,898) within 60 min window | CIRCULAR FLOW: ECLIPSE_HOLDINGS_009 participates in a transaction cycle | HIGH-RISK JX: Both jurisdictions flagged (KY → AE) for $9,609",ECLIPSE_HOLDINGS_009,OBSIDIAN_PARTNERS_088
557,96DC07C2329CE1B1,2024-06-05,2024-06-05 15:52:45,0.61487,HIGH,0.801467,0.762408,0.287793,0.2,1.0,0.6,"STRUCTURING: 5 sub-threshold transactions totalling $45,744 (avg $9,149) within 60 min window | CIRCULAR FLOW: PRIME_HOLDINGS_119 participates in a transaction cycle | HIGH-RISK JX: Jurisdiction PA flagged ($8,534)",PRIME_HOLDINGS_119,VERTEX_PAYMENTS_115
558,5A7F4264E1FE8A2F,2024-06-05,2024-06-05 15:58:49,0.626231,HIGH,0.825388,1.0,0.287793,0.066667,1.0,0.0,"STRUCTURING: 6 sub-threshold transactions totalling $55,045 (avg $9,174) within 60 min window | CIRCULAR FLOW: PRIME_HOLDINGS_119 participates in a transaction cycle",PRIME_HOLDINGS_119,AXIOM_PARTNERS_018
559,03E8AC51AEBE26D8,2024-06-05,2024-06-05 16:02:31,0.652819,HIGH,0.791793,1.0,0.287793,0.133333,1.0,0.6,"STRUCTURING: 7 sub-threshold transactions totalling $64,810 (avg $9,259) within 60 min window | CIRCULAR FLOW: PRIME_HOLDINGS_119 participates in a transaction cycle | HIGH-RISK JX: Jurisdiction PA flagged ($9,766)",PRIME_HOLDINGS_119,APEX_CREDIT_034
560,943D5FE05CE96542,2024-06-09,2024-06-09 00:46:01,0.676637,HIGH,0.79238,0.773063,0.270576,0.666667,1.0,1.0,"STRUCTURING: 7 sub-threshold transactions totalling $33,131 (avg $4,733) within 60 min window | VELOCITY: 10 transactions from VORTEX_CREDIT_004 in 300s window | CIRCULAR FLOW: VORTEX_CREDIT_004 participates in a transaction cycle | HIGH-RISK JX: Both jurisdictions flagged (AE → CY) for $9,809",VORTEX_CREDIT_004,QUANTUM_CLEARING_166
561,BDEF737CA11C931C,2024-06-09,2024-06-09 00:46:58,0.694733,HIGH,0.874655,0.956794,0.270576,0.733333,1.0,0.0,"STRUCTURING: 8 sub-threshold transactions totalling $35,880 (avg $4,485) within 60 min window | VELOCITY: 11 transactions from VORTEX_CREDIT_004 in 300s window | CIRCULAR FLOW: VORTEX_CREDIT_004 participates in a transaction cycle",VORTEX_CREDIT_004,ZENITH_FUND_007
562,8860EF27ACC15483,2024-06-11,2024-06-11 13:43:43,0.642694,HIGH,0.832679,0.495827,0.601566,0.133333,1.0,0.6,"STRUCTURING: 4 sub-threshold transactions totalling $37,187 (avg $9,297) within 60 min window | CIRCULAR FLOW: ZENITH_FUND_087 participates in a transaction cycle | LAYERING: Multi-hop indicator 0.00, betweenness 0.0968 for ZENITH_FUND_087 | HIGH-RISK JX: Jurisdiction LI flagged ($9,232)",ZENITH_FUND_087,VERTEX_PAYMENTS_035
563,FC13CD3728A93B2A,2024-06-11,2024-06-11 13:53:35,0.712819,HIGH,0.847629,0.757362,0.601566,0.066667,1.0,1.0,"STRUCTURING: 5 sub-threshold transactions totalling $45,442 (avg $9,088) within 60 min window | CIRCULAR FLOW: ZENITH_FUND_087 participates in a transaction cycle | LAYERING: Multi-hop indicator 0.00, betweenness 0.0968 for ZENITH_FUND_087 | HIGH-RISK JX: Both jurisdictions flagged (MT → VG) for $8,255",ZENITH_FUND_087,DELTA_BANCORP_172
564,5CF27E3ABA744EDF,2024-06-11,2024-06-11 13:53:46,0.761469,HIGH,0.892481,1.0,0.601566,0.133333,1.0,0.6,"STRUCTURING: 6 sub-threshold transactions totalling $55,282 (avg $9,214) within 60 min window | CIRCULAR FLOW: ZENITH_FUND_087 participates in a transaction cycle | LAYERING: Multi-hop indicator 0.00, betweenness 0.0968 for ZENITH_FUND_087 | HIGH-RISK JX: Jurisdiction VG flagged ($9,840)",ZENITH_FUND_087,CORONA_CLEARING_156
565,BCFBF620D0E2F58F,2024-06-13,2024-06-13 01:53:23,0.649427,HIGH,0.743491,1.0,0.332186,0.133333,1.0,0.6,"STRUCTURING: 6 sub-threshold transactions totalling $54,501 (avg $9,084) within 60 min window | CIRCULAR FLOW: OBSIDIAN_PARTNERS_088 participates in a transaction cycle | HIGH-RISK JX: Jurisdiction VG flagged ($8,515)",OBSIDIAN_PARTNERS_088,SOLARIS_FIN_043
566,FDED75789CE75B75,2024-06-13,2024-06-13 21:34:20,0.675616,HIGH,0.741052,1.0,0.279869,0.333333,1.0,1.0,"STRUCTURING: 6 sub-threshold transactions totalling $51,705 (avg $8,618) within 60 min window | VELOCITY: 5 transactions from CIPHER_CAPITAL_050 in 300s window | CIRCULAR FLOW: CIPHER_CAPITAL_050 participates in a transaction cycle | HIGH-RISK JX: Both jurisdictions flagged (AE → KY) for $9,117",CIPHER_CAPITAL_050,MERIDIAN_CAPITAL_140
567,2830DB12AF347BF3,2024-06-14,2024-06-14 23:46:01,0.618288,HIGH,0.727351,0.745301,0.350755,0.133333,1.0,1.0,"STRUCTURING: 5 sub-threshold transactions totalling $44,718 (avg $8,944) within 60 min window | CIRCULAR FLOW: STRATUS_FUND_197 participates in a transaction cycle | HIGH-RISK JX: Both jurisdictions flagged (KY → PA) for $8,897",STRATUS_FUND_197,PRIME_HOLDINGS_039
568,18D97A7A322E20A1,2024-06-14,2024-06-14 23:49:44,0.713041,HIGH,0.873398,1.0,0.350755,0.133333,1.0,1.0,"STRUCTURING: 6 sub-threshold transactions totalling $53,846 (avg $8,974) within 60 min window | CIRCULAR FLOW: STRATUS_FUND_197 participates in a transaction cycle | HIGH-RISK JX: Both jurisdictions flagged (KY → KY) for $9,128",STRATUS_FUND_197,ECLIPSE_HOLDINGS_169
569,9B24EE3883C8B6D5,2024-06-14,2024-06-14 23:50:48,0.666475,HIGH,0.762621,1.0,0.350755,0.2,1.0,0.6,"STRUCTURING: 7 sub-threshold transactions totalling $63,820 (avg $9,117) within 60 min window | CIRCULAR FLOW: STRATUS_FUND_197 participates in a transaction cycle | HIGH-RISK JX: Jurisdiction CY flagged ($9,973)",STRATUS_FUND_197,ZENITH_FUND_187
570,AC0FBC8D185CEF9F,2024-06-15,2024-06-15 00:02:31,0.712517,HIGH,0.893871,1.0,0.350755,0.066667,1.0,1.0,"STRUCTURING: 8 sub-threshold transactions totalling $73,539 (avg $9,192) within 60 min window | CIRCULAR FLOW: STRATUS_FUND_197 participates in a transaction cycle | HIGH-RISK JX: Both jurisdictions flagged (AE → AE) for $9,719",STRATUS_FUND_197,ECLIPSE_HOLDINGS_189
571,E7D62BA559C85E33,2024-06-15,2024-06-15 10:18:32,0.655361,HIGH,0.853916,0.765419,0.264408,0.8,1.0,0.0,"STRUCTURING: 6 sub-threshold transactions totalling $38,271 (avg $6,378) within 60 min window | VELOCITY: 12 transactions from ATLAS_BANCORP_182 in 300s window | CIRCULAR FLOW: ATLAS_BANCORP_182 participates in a transaction cycle",ATLAS_BANCORP_182,APEX_CREDIT_114
572,ABB44BE712726393,2024-06-15,2024-06-15 10:19:55,0.733106,HIGH,0.960397,0.961092,0.264408,0.866667,1.0,0.0,"STRUCTURING: 7 sub-threshold transactions totalling $41,190 (avg $5,884) within 60 min window | VELOCITY: 13 transactions from ATLAS_BANCORP_182 in 300s window | CIRCULAR FLOW: ATLAS_BANCORP_182 participates in a transaction cycle",ATLAS_BANCORP_182,DELTA_BANCORP_192
573,2B5EAA42761E9B51,2024-06-16,2024-06-16 01:26:56,0.614483,HIGH,0.820112,0.636242,0.284803,0.4,1.0,0.6,"STRUCTURING: 6 sub-threshold transactions totalling $31,812 (avg $5,302) within 60 min window | VELOCITY: 6 transactions from ZENITH_FUND_067 in 300s window | CIRCULAR FLOW: ZENITH_FUND_067 participates in a transaction cycle | HIGH-RISK JX: Jurisdiction KY flagged ($8,917)",ZENITH_FUND_067,DELTA_BANCORP_132
574,FCDC7F832362AB62,2024-06-16,2024-06-16 01:27:34,0.676061,HIGH,0.780699,0.969919,0.284803,0.466667,1.0,0.6,"STRUCTURING: 7 sub-threshold transactions totalling $41,568 (avg $5,938) within 60 min window | VELOCITY: 7 transactions from ZENITH_FUND_067 in 300s window | CIRCULAR FLOW: ZENITH_FUND_067 participates in a transaction cycle | HIGH-RISK JX: Jurisdiction AE flagged ($9,756)",ZENITH_FUND_067,CORONA_CLEARING_116
575,AC07CDCCA826F583,2024-06-16,2024-06-16 01:27:50,0.683005,HIGH,0.861569,1.0,0.284803,0.533333,1.0,0.0,"STRUCTURING: 8 sub-threshold transactions totalling $44,410 (avg $5,551) within 60 min window | VELOCITY: 8 transactions from ZENITH_FUND_067 in 300s window | CIRCULAR FLOW: ZENITH_FUND_067 participates in a transaction cycle",ZENITH_FUND_067,AXIOM_PARTNERS_038
576,BDCFA9244D44C43B,2024-06-21,2024-06-21 02:22:28,0.605845,HIGH,0.771478,0.435988,0.468815,0.4,1.0,0.6,"STRUCTURING: 5 sub-threshold transactions totalling $26,159 (avg $5,232) within 60 min window | VELOCITY: 6 transactions from APEX_CREDIT_154 in 300s window | CIRCULAR FLOW: APEX_CREDIT_154 participates in a transaction cycle | HIGH-RISK JX: Jurisdiction KY flagged ($501)",APEX_CREDIT_154,AXIOM_PARTNERS_058
577,AA67BD564698D04C,2024-06-22,2024-06-22 04:36:20,0.611079,HIGH,0.801761,0.710952,0.433443,0.2,1.0,0.0,"STRUCTURING: 5 sub-threshold transactions totalling $42,657 (avg $8,531) within 60 min window | CIRCULAR FLOW: DELTA_BANCORP_152 participates in a transaction cycle",DELTA_BANCORP_152,CORONA_CLEARING_016
578,DB6BF33CE87E3C6A,2024-06-22,2024-06-22 04:43:20,0.667951,HIGH,0.843078,1.0,0.433443,0.066667,1.0,0.0,"STRUCTURING: 6 sub-threshold transactions totalling $51,573 (avg $8,596) within 60 min window | CIRCULAR FLOW: DELTA_BANCORP_152 participates in a transaction cycle",DELTA_BANCORP_152,PRIME_HOLDINGS_039
579,DC0C921FFB18057C,2024-06-22,2024-06-22 04:43:54,0.69162,HIGH,0.799753,1.0,0.433443,0.133333,1.0,0.6,"STRUCTURING: 7 sub-threshold transactions totalling $61,472 (avg $8,782) within 60 min window | CIRCULAR FLOW: DELTA_BANCORP_152 participates in a transaction cycle | HIGH-RISK JX: Jurisdiction VG flagged ($9,898)",DELTA_BANCORP_152,HELIX_PAYMENTS_105
580,71BFB3BB4E295D9F,2024-06-22,2024-06-22 04:49:48,0.709476,HIGH,0.814827,1.0,0.433443,0.066667,1.0,1.0,"STRUCTURING: 8 sub-threshold transactions totalling $69,763 (avg $8,720) within 60 min window | CIRCULAR FLOW: DELTA_BANCORP_152 participates in a transaction cycle | HIGH-RISK JX: Both jurisdictions flagged (PA → CY) for $8,291",DELTA_BANCORP_152,ZENITH_FUND_027
581,6213D9077F843F5A,2024-06-24,2024-06-24 17:48:45,0.636884,HIGH,0.786798,1.0,0.29671,0.266667,1.0,0.0,"STRUCTURING: 6 sub-threshold transactions totalling $51,484 (avg $8,581) within 60 min window | CIRCULAR FLOW: NEXUS_TRUST_131 participates in a transaction cycle",NEXUS_TRUST_131,VORTEX_CREDIT_084
582,0534C14D2551E21,2024-06-24,2024-06-24 17:56:35,0.626585,HIGH,0.819135,1.0,0.29671,0.066667,1.0,0.0,"STRUCTURING: 7 sub-threshold transactions totalling $59,741 (avg $8,534) within 60 min window | CIRCULAR FLOW: NEXUS_TRUST_131 participates in a transaction cycle",NEXUS_TRUST_131,ECLIPSE_HOLDINGS_169
583,F13D7AF8F72FD3E4,2024-06-25,2024-06-25 13:43:38,0.638307,HIGH,0.79863,1.0,0.341537,0.133333,1.0,0.0,"STRUCTURING: 6 sub-threshold transactions totalling $54,940 (avg $9,157) within 60 min window | CIRCULAR FLOW: CORONA_CLEARING_076 participates in a transaction cycle",CORONA_CLEARING_076,STRATUS_FUND_057
584,95AF479847A11561,2024-06-27,2024-06-27 11:39:14,0.64698,HIGH,0.781577,1.0,0.276696,0.133333,1.0,0.6,"STRUCTURING: 6 sub-threshold transactions totalling $53,686 (avg $8,948) within 60 min window | CIRCULAR FLOW: ATLAS_BANCORP_022 participates in a transaction cycle | HIGH-RISK JX: Jurisdiction MT flagged ($8,805)",ATLAS_BANCORP_022,ZENITH_FUND_047
585,46F66E23E1811565,2024-06-27,2024-06-27 11:51:54,0.619263,HIGH,0.807503,1.0,0.281382,0.066667,1.0,0.0,"STRUCTURING: 7 sub-threshold transactions totalling $61,736 (avg $8,819) within 60 min window | CIRCULAR FLOW: ATLAS_BANCORP_022 participates in a transaction cycle",ATLAS_BANCORP_022,MERIDIAN_CAPITAL_100
586,F1359B2B9EEE4C38,2024-06-28,2024-06-28 04:25:08,0.641426,HIGH,1.0,0.225687,0.53182,0.333333,1.0,0.6,"STRUCTURING: 3 sub-threshold transactions totalling $22,569 (avg $7,523) within 60 min window | VELOCITY: 5 transactions from NEXUS_TRUST_031 in 300s window | CIRCULAR FLOW: NEXUS_TRUST_031 participates in a transaction cycle | HIGH-RISK JX: Jurisdiction VG flagged ($6,447)",NEXUS_TRUST_031,VORTEX_CREDIT_084
587,B660A16C348C1FA1,2024-06-28,2024-06-28 04:25:17,0.648092,HIGH,1.0,0.225687,0.53182,0.4,1.0,0.6,"VELOCITY: 6 transactions from NEXUS_TRUST_031 in 300s window | CIRCULAR FLOW: NEXUS_TRUST_031 participates in a transaction cycle | HIGH-RISK JX: Jurisdiction VG flagged ($13,054)",NEXUS_TRUST_031,APEX_CREDIT_134
588,AFFC3EE1EBF95F65,2024-06-28,2024-06-28 04:25:20,0.683149,HIGH,0.985465,0.389441,0.53182,0.466667,1.0,0.6,"STRUCTURING: 4 sub-threshold transactions totalling $29,208 (avg $7,302) within 60 min window | VELOCITY: 7 transactions from NEXUS_TRUST_031 in 300s window | CIRCULAR FLOW: NEXUS_TRUST_031 participates in a transaction cycle | HIGH-RISK JX: Jurisdiction CY flagged ($6,639)",NEXUS_TRUST_031,STRATUS_FUND_197
589,B9FC0214834FEC43,2024-06-28,2024-06-28 04:25:20,0.720075,HIGH,1.0,0.518934,0.53182,0.533333,1.0,0.6,"STRUCTURING: 5 sub-threshold transactions totalling $31,136 (avg $6,227) within 60 min window | VELOCITY: 8 transactions from NEXUS_TRUST_031 in 300s window | CIRCULAR FLOW: NEXUS_TRUST_031 participates in a transaction cycle | HIGH-RISK JX: Jurisdiction KY flagged ($1,928)",NEXUS_TRUST_031,MERIDIAN_CAPITAL_140
590,3DFE9105E60DAD8F,2024-06-28,2024-06-28 04:25:40,0.755693,HIGH,1.0,0.663689,0.53182,0.6,1.0,0.6,"STRUCTURING: 6 sub-threshold transactions totalling $33,184 (avg $5,531) within 60 min window | VELOCITY: 9 transactions from NEXUS_TRUST_031 in 300s window | CIRCULAR FLOW: NEXUS_TRUST_031 participates in a transaction cycle | HIGH-RISK JX: Jurisdiction KY flagged ($2,048)",NEXUS_TRUST_031,STRATUS_FUND_097
591,0EC134F983E362F5,2024-06-28,2024-06-28 04:25:56,0.757144,HIGH,1.0,0.787613,0.53182,0.666667,1.0,0.0,"STRUCTURING: 7 sub-threshold transactions totalling $33,755 (avg $4,822) within 60 min window | VELOCITY: 10 transactions from NEXUS_TRUST_031 in 300s window | CIRCULAR FLOW: NEXUS_TRUST_031 participates in a transaction cycle",NEXUS_TRUST_031,APEX_CREDIT_054
592,76D473676C90499E,2024-06-28,2024-06-28 04:26:12,0.836288,CRITICAL,1.0,1.0,0.53182,0.733333,1.0,0.6,"STRUCTURING: 8 sub-threshold transactions totalling $42,633 (avg $5,329) within 60 min window | VELOCITY: 11 transactions from NEXUS_TRUST_031 in 300s window | CIRCULAR FLOW: NEXUS_TRUST_031 participates in a transaction cycle | HIGH-RISK JX: Jurisdiction CY flagged ($8,878)",NEXUS_TRUST_031,AXIOM_PARTNERS_198
593,3C16FF4DC3B217C8,2024-06-28,2024-06-28 04:26:15,0.842955,CRITICAL,1.0,1.0,0.53182,0.8,1.0,0.6,"VELOCITY: 12 transactions from NEXUS_TRUST_031 in 300s window | CIRCULAR FLOW: NEXUS_TRUST_031 participates in a transaction cycle | HIGH-RISK JX: Jurisdiction LI flagged ($12,820)",NEXUS_TRUST_031,CIPHER_CAPITAL_090
594,D739B14F2D452430,2024-06-28,2024-06-28 04:26:39,0.819622,CRITICAL,1.0,1.0,0.53182,0.866667,1.0,0.0,VELOCITY: 13 transactions from NEXUS_TRUST_031 in 300s window | CIRCULAR FLOW: NEXUS_TRUST_031 participates in a transaction cycle,NEXUS_TRUST_031,SOLARIS_FIN_063
595,91AD279BCA799117,2024-06-28,2024-06-28 04:27:33,0.876288,CRITICAL,1.0,1.0,0.53182,0.933333,1.0,1.0,"VELOCITY: 14 transactions from NEXUS_TRUST_031 in 300s window | CIRCULAR FLOW: NEXUS_TRUST_031 participates in a transaction cycle | HIGH-RISK JX: Both jurisdictions flagged (PA → MT) for $11,951",NEXUS_TRUST_031,NEXUS_TRUST_131
596,7E765AA2C7AAB608,2024-06-29,2024-06-29 11:18:01,0.604463,HIGH,0.837564,0.270721,0.622867,0.133333,1.0,0.6,"STRUCTURING: 3 sub-threshold transactions totalling $27,072 (avg $9,024) within 60 min window | CIRCULAR FLOW: OMEGA_FIN_173 participates in a transaction cycle | LAYERING: Multi-hop indicator 0.00, betweenness 0.1402 for OMEGA_FIN_173 | HIGH-RISK JX: Jurisdiction KY flagged ($8,920)",OMEGA_FIN_173,CIPHER_CAPITAL_090
597,6F8F864437AB3209,2024-06-29,2024-06-29 11:20:37,0.653424,HIGH,0.863848,0.476099,0.622867,0.133333,1.0,0.6,"STRUCTURING: 4 sub-threshold transactions totalling $35,707 (avg $8,927) within 60 min window | CIRCULAR FLOW: OMEGA_FIN_173 participates in a transaction cycle | LAYERING: Multi-hop indicator 0.00, betweenness 0.1402 for OMEGA_FIN_173 | HIGH-RISK JX: Jurisdiction AE flagged ($8,635)",OMEGA_FIN_173,VERTEX_PAYMENTS_055
598,C13E0C181CB1F999,2024-06-29,2024-06-29 11:24:48,0.716955,HIGH,0.892712,0.750457,0.622867,0.133333,1.0,0.6,"STRUCTURING: 5 sub-threshold transactions totalling $45,027 (avg $9,005) within 60 min window | CIRCULAR FLOW: OMEGA_FIN_173 participates in a transaction cycle | LAYERING: Multi-hop indicator 0.00, betweenness 0.1402 for OMEGA_FIN_173 | HIGH-RISK JX: Jurisdiction AE flagged ($9,320)",OMEGA_FIN_173,APEX_CREDIT_034
599,D8BB09762E9CFEB7,2024-06-29,2024-06-29 11:25:39,0.791561,HIGH,0.908369,1.0,0.622867,0.133333,1.0,1.0,"STRUCTURING: 6 sub-threshold transactions totalling $53,304 (avg $8,884) within 60 min window | CIRCULAR FLOW: OMEGA_FIN_173 participates in a transaction cycle | LAYERING: Multi-hop indicator 0.00, betweenness 0.1402 for OMEGA_FIN_173 | HIGH-RISK JX: Both jurisdictions flagged (KY → CY) for $8,277",OMEGA_FIN_173,SOLARIS_FIN_083
600,A7C794F8E1050AB3,2024-06-29,2024-06-29 19:52:45,0.612466,HIGH,0.840427,0.276893,0.619838,0.2,1.0,0.6,"STRUCTURING: 3 sub-threshold transactions totalling $27,689 (avg $9,230) within 60 min window | CIRCULAR FLOW: AXIOM_PARTNERS_038 participates in a transaction cycle | LAYERING: Multi-hop indicator 0.00, betweenness 0.1073 for AXIOM_PARTNERS_038 | HIGH-RISK JX: Jurisdiction CY flagged ($9,702)",AXIOM_PARTNERS_038,CORONA_CLEARING_156
601,6DCAD521C4756093,2024-06-29,2024-06-29 19:55:25,0.654206,HIGH,0.840315,0.485758,0.619838,0.2,1.0,0.6,"STRUCTURING: 4 sub-threshold transactions totalling $36,432 (avg $9,108) within 60 min window | CIRCULAR FLOW: AXIOM_PARTNERS_038 participates in a transaction cycle | LAYERING: Multi-hop indicator 0.00, betweenness 0.1073 for AXIOM_PARTNERS_038 | HIGH-RISK JX: Jurisdiction VG flagged ($8,743)",AXIOM_PARTNERS_038,AXIOM_PARTNERS_078
602,4680C8172B16217C,2024-06-29,2024-06-29 19:56:21,0.740372,HIGH,0.866259,0.74434,0.619838,0.266667,1.0,1.0,"STRUCTURING: 5 sub-threshold transactions totalling $44,660 (avg $8,932) within 60 min window | CIRCULAR FLOW: AXIOM_PARTNERS_038 participates in a transaction cycle | LAYERING: Multi-hop indicator 0.00, betweenness 0.1073 for AXIOM_PARTNERS_038 | HIGH-RISK JX: Both jurisdictions flagged (KY → VG) for $8,228",AXIOM_PARTNERS_038,VERTEX_PAYMENTS_135
603,D14332BDD59B6F0A,2024-06-29,2024-06-29 20:02:27,0.761482,HIGH,0.899521,1.0,0.619838,0.066667,1.0,0.6,"STRUCTURING: 6 sub-threshold transactions totalling $54,048 (avg $9,008) within 60 min window | CIRCULAR FLOW: AXIOM_PARTNERS_038 participates in a transaction cycle | LAYERING: Multi-hop indicator 0.00, betweenness 0.1073 for AXIOM_PARTNERS_038 | HIGH-RISK JX: Jurisdiction VG flagged ($9,388)",AXIOM_PARTNERS_038,QUANTUM_CLEARING_106
604,81174CCBAF808032,2024-06-29,2024-06-29 20:15:45,0.740318,HIGH,0.928971,1.0,0.619838,0.066667,1.0,0.0,"STRUCTURING: 7 sub-threshold transactions totalling $62,625 (avg $8,946) within 60 min window | CIRCULAR FLOW: AXIOM_PARTNERS_038 participates in a transaction cycle | LAYERING: Multi-hop indicator 0.00, betweenness 0.1073 for AXIOM_PARTNERS_038",AXIOM_PARTNERS_038,DELTA_BANCORP_052
605,B90A614AF62B7D26,2024-07-03,2024-07-03 16:03:57,0.688736,HIGH,0.792529,0.711076,0.581715,0.133333,1.0,1.0,"STRUCTURING: 5 sub-threshold transactions totalling $42,665 (avg $8,533) within 60 min window | CIRCULAR FLOW: QUANTUM_CLEARING_146 participates in a transaction cycle | LAYERING: Multi-hop indicator 0.00, betweenness 0.0892 for QUANTUM_CLEARING_146 | HIGH-RISK JX: Both jurisdictions flagged (PA → MT) for $8,376",QUANTUM_CLEARING_146,NOVA_TRUST_161
606,EB243B57C47BE8D3,2024-07-03,2024-07-03 21:21:56,0.623784,HIGH,0.734554,1.0,0.267003,0.066667,1.0,0.6,"STRUCTURING: 6 sub-threshold transactions totalling $53,748 (avg $8,958) within 60 min window | CIRCULAR FLOW: STRATUS_FUND_117 participates in a transaction cycle | HIGH-RISK JX: Jurisdiction LI flagged ($8,940)",STRATUS_FUND_117,OMEGA_FIN_133
607,0D68267F9DE89323,2024-07-07,2024-07-07 15:12:05,0.604977,HIGH,0.887696,0.367351,0.300791,0.4,1.0,1.0,"STRUCTURING: 4 sub-threshold transactions totalling $27,551 (avg $6,888) within 60 min window | VELOCITY: 6 transactions from CIPHER_CAPITAL_090 in 300s window | CIRCULAR FLOW: CIPHER_CAPITAL_090 participates in a transaction cycle | HIGH-RISK JX: Both jurisdictions flagged (PA → AE) for $2,368",CIPHER_CAPITAL_090,MERIDIAN_CAPITAL_020
608,10EE7F91D85B3351,2024-07-07,2024-07-07 15:13:11,0.61967,HIGH,0.881998,0.51603,0.300791,0.466667,1.0,0.6,"STRUCTURING: 5 sub-threshold transactions totalling $30,962 (avg $6,192) within 60 min window | VELOCITY: 7 transactions from CIPHER_CAPITAL_090 in 300s window | CIRCULAR FLOW: CIPHER_CAPITAL_090 participates in a transaction cycle | HIGH-RISK JX: Jurisdiction CY flagged ($3,410)",CIPHER_CAPITAL_090,DELTA_BANCORP_012
609,190744A13ECAE4F0,2024-07-07,2024-07-07 15:14:13,0.688174,HIGH,0.932686,0.749187,0.300791,0.533333,1.0,0.6,"STRUCTURING: 6 sub-threshold transactions totalling $37,459 (avg $6,243) within 60 min window | VELOCITY: 8 transactions from CIPHER_CAPITAL_090 in 300s window | CIRCULAR FLOW: CIPHER_CAPITAL_090 participates in a transaction cycle | HIGH-RISK JX: Jurisdiction KY flagged ($6,498)",CIPHER_CAPITAL_090,HELIX_PAYMENTS_045
610,FF694356DE64ABD7,2024-07-07,2024-07-07 15:14:55,0.707411,HIGH,0.974585,0.749187,0.300791,0.6,1.0,0.6,"VELOCITY: 9 transactions from CIPHER_CAPITAL_090 in 300s window | CIRCULAR FLOW: CIPHER_CAPITAL_090 participates in a transaction cycle | HIGH-RISK JX: Jurisdiction LI flagged ($11,700)",CIPHER_CAPITAL_090,APEX_CREDIT_034
